Maker_ID,Inst_code,Inst_name,Inst_ID,Advertised_Instrument_Notes,Inst_name_original
551,1,air pump,8,,"air pump,"
568,1,air pump,8,,"air pump,"
696,1,air pump,8,,"air pump,"
714,1,air pump,8,,"air pump,"
29,1,air pump,8,,"air pump,"
54,1,air pump,8,,"air pump,"
166,1,air pump,8,,"air pump,"
182,1,air pump,8,,"air pump,"
192,1,air pump,8,,"air pump,"
291,1,air pump,8,,air pump
316,1,air pump,8,,"air pump,"
331,1,air pump,8,,"air pump,"
347,1,air pump,8,,"air pump,"
359,1,air pump,8,,"air pump,"
426,1,air pump,8,,"air pump,"
438,1,air pump,8,,"air pump,"
439,1,air pump,8,,"air pump,"
507,1,air pump,8,,air pump
547,1,air pump,8,,"air pump,"
770,1,air pump,8,,"air pump,"
944,1,air pump,8,,"air pump,"
1364,1,air pump,8,,"air pump,"
1528,1,air pump,8,,"air pump,"
1529,1,air pump,8,,"air pump,"
1530,1,air pump,8,,"air pump,"
1531,1,air pump,8,,"air pump,"
1532,1,air pump,8,,"air pump,"
1945,1,air pump,8,,"air pump,"
2076,1,air pump,8,,"air pump,"
2233,1,air pump,8,,air pump
2814,1,air pump,8,,"air pump,"
2885,1,air pump,8,,"aAr pump,"
4880,1,air pump,8,,"air pump,"
2880,1,air pump,8,,"air pump,"
550,1,document,210,,"vacuums,"
550,1,air pump,8,,"air-pumps,"
424,1,air pump,8,,air pumps
9026,1,air pump,8,,"air pump,"
289,1,air pump,8,,"air pump,"
289,1,"engine, pneumatic",244,,pneumatic engines
237,1,air pump,8,,"air pumps,"
3518,1,pneumatic apparatus,539,,pneumetic app
7117,1,air pump,8,,air pumps
74,2,alidade,11,,"alidade,"
1215,3,anemometer,17,,"anemometer,"
4268,3,air flow meter,5,,"air flow meter,"
7166,3,anemometer,17,,"anemometers,"
2880,3,"anemometer, Biram's",18,,Biram's anemometer
8879,3,anemometer,17,,"anemometers,"
550,3,anemometer,17,,"wind gauges,"
8703,3,anemometer,17,,"anemometers,"
8703,3,air flow meter,5,,"air meters,"
9165,3,anemometer,17,,anemometer
4268,3,anemometer,17,,"anemometers,"
7819,3,air flow meter,5,,"air-meters,"
550,4,armillary sphere,20,,"armillary sphere,"
279,4,armillary sphere,20,,"armillary sphere,"
127,4,armillary sphere,20,,"armillary sphere,"
166,4,armillary sphere,20,,"armillary sphere,"
192,4,armillary sphere,20,,"armillary sphere,"
1364,4,armillary sphere,20,,"armillary sphere,"
568,5,artificial horizon,21,,"artificial horizon,"
2170,5,artificial horizon,21,,"artificial horizon,"
3499,5,artificial horizon,21,,"artificial horizon,"
3819,5,artificial horizon,21,,"artificial horizon,"
7166,5,artificial horizon,21,,"artificial horizons,"
6999,5,artificial horizon,21,,"artificial horizon,"
4267,5,artificial horizon,21,,"artificial horizon,"
3518,5,artificial horizon,21,,"artificial horizons,"
4994,5,artificial horizon,21,,"artificial horizon,"
198,6,astrolabe,23,,"astrolabe,"
279,6,astrolabe,23,,"astrolabe,"
140,6,astrolabe,23,,"astrolabe,"
776,6,astrolabe,23,,astrolabe
8697,7,"clock, regulator",140,,astro clock
192,7,"clock, regulator",140,,"astronomical clock,"
1414,7,"clock, regulator",140,,astronomical clock
4321,7,"clock, regulator",140,,"astronomical clock,"
10112,7,"clock, regulator",140,,"astronomical clocks,"
8880,7,"clock, regulator",140,,"astro.clocks,"
3328,7,"clock, regulator",140,,"astro clock,"
6589,7,"clock, regulator",140,,"astronomical regulators,"
1718,8,pantograph,499,,"pantographs,"
6651,9,electrical apparatus,219,,electrical apparatus
7772,9,electrical apparatus,219,,"electrical apparatus,"
293,11,actinometer,4,,"actinometer,"
273,12,astroscope,26,,"astroscope,"
9427,12,balance,32,,scales (balance)
568,13,air fountain,6,,"air fountain,"
696,13,air fountain,6,,"air fountain,"
29,13,air fountain,6,,"air fountain,"
359,13,air fountain,6,,"air fountain,"
770,13,air fountain,6,,"air fountain,"
1945,13,air fountain,6,,"air fountain,"
237,13,hydrostatic apparatus,339,,"hydrostatic apparatus,"
9546,13,weight,776,,weights
696,14,backstaff,31,,"back-staff,"
714,14,backstaff,31,,"back-staff,"
279,14,backstaff,31,,"back-staff,"
103,14,backstaff,31,,"back-staff,"
140,14,backstaff,31,,"back-staff,"
359,14,backstaff,31,,"back-staff,"
770,14,backstaff,31,,Davis quadrant
424,14,backstaff,31,,"Davis quadrant,"
421,14,backstaff,31,,"Davis quadrant [=backstaff],"
8783,14,spectacles,638,,spectacles
566,15,balance,32,,"balance,"
568,15,balance,32,,"balance,"
649,15,balance,32,,balance
696,15,balance,32,,"balance,"
706,15,balance,32,,"balance,"
709,15,balance,32,,"balance,"
714,15,balance,32,,"balance,"
4247,15,balance,32,,"balances,"
21,15,"balance, hydrostatic",39,,hydro balance
29,15,"balance, hydrostatic",39,,"balance, hydro,"
54,15,balance,32,,"balance,"
166,15,balance,32,,"balance,"
331,15,balance,32,,"balance,"
347,15,balance,32,,"balance,"
359,15,balance,32,,"balance,"
376,15,balance,32,,"balance,"
386,15,balance,32,,balance
426,15,balance,32,,"balance,"
438,15,balance,32,,"balance,"
439,15,balance,32,,"balance,"
442,15,balance,32,,"balance,"
454,15,balance,32,,"scales,"
495,15,"balance, coin",36,,"balance coin,"
541,15,balance,32,,"balance,"
770,15,balance,32,,"balance,"
798,15,balance,32,,"balance,"
850,15,balance,32,,balance
921,15,balance,32,,"balance,"
1000,15,balance,32,,"balance,"
1046,15,balance,32,,"balance,"
1049,15,"balance, coin",36,,"coin balances,"
1132,15,balance,32,,balance
1206,15,balance,32,,"balance,"
1245,15,balance,32,,balance
1364,15,balance,32,,"balance,"
1723,15,balance,32,,balance
1724,15,balance,32,,balance
1725,15,balance,32,,"balance,"
1727,15,balance,32,,"balance,"
1728,15,balance,32,,"balance,"
1729,15,balance,32,,"balance,"
1730,15,balance,32,,"balance,"
1735,15,balance,32,,"balance,"
1736,15,balance,32,,"balance,"
1737,15,balance,32,,"balance,"
1740,15,balance,32,,"balance,"
1743,15,balance,32,,balance
1744,15,balance,32,,"balance,"
1745,15,balance,32,,"balance,"
1746,15,balance,32,,balance
1747,15,balance,32,,balance
1748,15,balance,32,,balance
1749,15,balance,32,,balance
1750,15,balance,32,,balance
1751,15,balance,32,,"balance,"
1752,15,balance,32,,balance
1753,15,balance,32,,balance
1754,15,balance,32,,"balance,"
1758,15,balance,32,,"balance,"
1760,15,balance,32,,"balance,"
1761,15,balance,32,,"balance,"
1762,15,balance,32,,"balance,"
1763,15,balance,32,,balance
1764,15,balance,32,,balance
1765,15,balance,32,,balance
1767,15,balance,32,,balance
1770,15,balance,32,,balance
1771,15,balance,32,,balance
1773,15,balance,32,,"balance,"
1775,15,balance,32,,balance
1781,15,balance,32,,balance
1782,15,balance,32,,"balance,"
1783,15,balance,32,,balance
1785,15,balance,32,,balance
1787,15,balance,32,,balance
1788,15,balance,32,,balance
1789,15,balance,32,,"balance,"
1791,15,balance,32,,balance
1792,15,balance,32,,"balance,"
1793,15,balance,32,,balance
1798,15,balance,32,,"balance,"
1799,15,balance,32,,balance
1800,15,balance,32,,balance
1801,15,balance,32,,"balance,"
1802,15,balance,32,,balance
1803,15,balance,32,,"balance,"
1805,15,balance,32,,"balance,"
1807,15,balance,32,,balance
1809,15,balance,32,,"balance,"
1822,15,balance,32,,"balance,"
1823,15,balance,32,,"balance,"
1824,15,balance,32,,"scales,"
1825,15,balance,32,,"scales,"
1826,15,balance,32,,scales
1827,15,balance,32,,"scales,"
1828,15,balance,32,,balance
1829,15,balance,32,,"balance,"
1830,15,balance,32,,balance
1837,15,balance,32,,balance
1839,15,balance,32,,"balance,"
1864,15,balance,32,,balance
1902,15,balance,32,,balance
1903,15,balance,32,,"balance,"
1904,15,balance,32,,balance
1905,15,balance,32,,"balance,"
1906,15,balance,32,,balance
1930,15,balance,32,,balance
1931,15,balance,32,,balance
1945,15,balance,32,,"balance,"
2003,15,balance,32,,"scales,"
2004,15,balance,32,,balance
2005,15,balance,32,,balance
2345,15,balance,32,,balance
2349,15,balance,32,,"balance,"
2350,15,balance,32,,balance
2351,15,balance,32,,balance
2355,15,balance,32,,balance
2356,15,balance,32,,balance
2358,15,balance,32,,balance
2359,15,balance,32,,balance
2363,15,balance,32,,"balance,"
2369,15,balance,32,,balance
2370,15,balance,32,,"balance,"
2371,15,balance,32,,"balance,"
2372,15,balance,32,,"balance,"
2376,15,balance,32,,balance
2377,15,balance,32,,balance
2378,15,balance,32,,scales
2379,15,balance,32,,balance
2382,15,balance,32,,"balance,"
2383,15,balance,32,,balance
2384,15,balance,32,,balance
2385,15,balance,32,,balance
2386,15,balance,32,,balance
2389,15,balance,32,,"balance,"
2390,15,balance,32,,"balance,"
2392,15,balance,32,,balance
2395,15,balance,32,,"balance,"
2396,15,balance,32,,"balance,"
2400,15,balance,32,,"balance,"
2404,15,balance,32,,balance
2406,15,balance,32,,"balance,"
2410,15,balance,32,,balance
2413,15,balance,32,,balance
2417,15,balance,32,,"balance,"
2421,15,balance,32,,balance
2423,15,balance,32,,"balance,"
2426,15,balance,32,,"balance,"
2427,15,balance,32,,balance
2429,15,balance,32,,balance
2431,15,balance,32,,balance
2432,15,balance,32,,"balance,"
2434,15,balance,32,,balance
2437,15,balance,32,,balance
2438,15,balance,32,,balance
2439,15,balance,32,,balance
2441,15,balance,32,,"balance,"
2442,15,balance,32,,"balance,"
2443,15,balance,32,,"balance,"
2447,15,balance,32,,balance
2448,15,balance,32,,balance
2449,15,balance,32,,balance
2452,15,balance,32,,balance
2453,15,balance,32,,balance
2455,15,balance,32,,"balance,"
2460,15,balance,32,,"balance,"
2464,15,balance,32,,balance
2465,15,balance,32,,balance
2467,15,balance,32,,"balance,"
2469,15,balance,32,,"balance,"
2471,15,balance,32,,"balance,"
2473,15,balance,32,,"balance,"
2474,15,balance,32,,"balance,"
2475,15,balance,32,,"balance,"
2476,15,balance,32,,balance
2477,15,balance,32,,"balance,"
2478,15,balance,32,,"balance,"
2480,15,balance,32,,balance
2481,15,balance,32,,"balance,"
2482,15,balance,32,,"balance,"
2483,15,balance,32,,balance
2484,15,balance,32,,"balance,"
2485,15,balance,32,,balance
2487,15,balance,32,,balance
2488,15,balance,32,,balance
2493,15,balance,32,,balance
2494,15,balance,32,,"balance,"
2497,15,balance,32,,"balance,"
2498,15,balance,32,,"balance,"
2500,15,balance,32,,"balance,"
2549,15,balance,32,,balance
2550,15,balance,32,,balance
2551,15,balance,32,,balance
2552,15,balance,32,,"balance,"
2556,15,balance,32,,"balance,"
2557,15,balance,32,,"balance,"
2558,15,balance,32,,"balance,"
2559,15,balance,32,,scales
2560,15,balance,32,,balance
2561,15,balance,32,,balance
2562,15,balance,32,,"balance,"
2563,15,balance,32,,balance
2565,15,balance,32,,scales
2567,15,balance,32,,balance
2568,15,balance,32,,"balance,"
2569,15,balance,32,,balance
2570,15,balance,32,,"balance,"
2571,15,balance,32,,balance
2572,15,balance,32,,balance
2573,15,balance,32,,balance
2576,15,balance,32,,"balance,"
2578,15,balance,32,,"balance,"
2579,15,balance,32,,balance
2580,15,balance,32,,balance
2583,15,balance,32,,balance
2584,15,balance,32,,balance
2586,15,balance,32,,"balance,"
2587,15,balance,32,,"balance,"
2588,15,balance,32,,"balance,"
2590,15,balance,32,,balance
2592,15,balance,32,,"balance,"
2593,15,balance,32,,"balance,"
2595,15,balance,32,,"balance,"
2596,15,balance,32,,"balance,"
2598,15,balance,32,,balance
2599,15,balance,32,,"balance,"
2621,15,balance,32,,balance
2689,15,balance,32,,balance
2700,15,balance,32,,"balance,"
2707,15,balance,32,,"balance,"
2708,15,balance,32,,"balance,"
2734,15,balance,32,,balance
2743,15,balance,32,,"balance,"
2753,15,balance,32,,balance
2754,15,balance,32,,"balance,"
2755,15,balance,32,,"balance,"
2794,15,balance,32,,"balance,"
2812,15,balance,32,,"balance,"
2850,15,balance,32,,balance
2866,15,balance,32,,"balance,"
2874,15,balance,32,,balance
2928,15,balance,32,,balance
2983,15,balance,32,,balance
2985,15,balance,32,,balance
2988,15,balance,32,,balance
2989,15,balance,32,,balance
2990,15,balance,32,,balance
2998,15,balance,32,,balance
2999,15,balance,32,,balance
3000,15,balance,32,,"balance,"
3001,15,balance,32,,balance
3011,15,balance,32,,"balance,"
3017,15,balance,32,,"balance,"
3018,15,balance,32,,"balance,"
3019,15,balance,32,,"balance,"
3020,15,balance,32,,"balance,"
3093,15,balance,32,,"balance,"
3096,15,balance,32,,"scales,"
3110,15,balance,32,,"balance,"
3125,15,balance,32,,balance
3134,15,balance,32,,balance
3136,15,balance,32,,"balance,"
3196,15,balance,32,,"balance,"
3197,15,balance,32,,"balance,"
3224,15,balance,32,,balance
3225,15,balance,32,,balance
3226,15,balance,32,,balance
3274,15,balance,32,,balance
3334,15,balance,32,,balance
3404,15,balance,32,,balance
3417,15,balance,32,,balance
3418,15,balance,32,,balance
3419,15,balance,32,,balance
3420,15,balance,32,,balance
3421,15,balance,32,,"balance,"
3422,15,balance,32,,"balance,"
3426,15,balance,32,,"balance,"
3427,15,balance,32,,"balance,"
3428,15,balance,32,,balance
3429,15,balance,32,,"balance,"
3430,15,balance,32,,balance
3432,15,balance,32,,balance
3434,15,balance,32,,balance
3435,15,balance,32,,balance
3437,15,balance,32,,"scales,"
3439,15,balance,32,,balance
3440,15,balance,32,,"scales, scales,"
3441,15,balance,32,,balance
3442,15,balance,32,,"balance,"
3443,15,balance,32,,balance
3445,15,balance,32,,balance
3447,15,balance,32,,balance
3448,15,balance,32,,"balance,"
3450,15,balance,32,,balance
3451,15,balance,32,,"scales,"
3452,15,balance,32,,balance
3453,15,balance,32,,"balance,"
3454,15,balance,32,,balance
3455,15,balance,32,,"balance,"
3456,15,balance,32,,balance
3457,15,balance,32,,balance
3458,15,balance,32,,"balance,"
3459,15,balance,32,,balance
3460,15,balance,32,,balance
3461,15,balance,32,,balance
3462,15,balance,32,,balance
3463,15,balance,32,,balance
3465,15,balance,32,,balance
3466,15,balance,32,,balance
3467,15,balance,32,,balance
3468,15,balance,32,,balance
3469,15,balance,32,,balance
3470,15,balance,32,,balance
3471,15,balance,32,,"balance,"
3472,15,balance,32,,"balance,"
3474,15,balance,32,,"balance,"
3476,15,balance,32,,"Balance,"
3477,15,balance,32,,"scales,"
3479,15,balance,32,,scales
3490,15,balance,32,,balance
3514,15,balance,32,,"balance,"
3516,15,balance,32,,"balance,"
3696,15,balance,32,,balance
3858,15,balance,32,,balance
3859,15,balance,32,,"scales,"
3860,15,balance,32,,balance
3862,15,balance,32,,"balance,"
3863,15,balance,32,,"balance,"
3864,15,balance,32,,"balance,"
3865,15,balance,32,,"balance,"
3866,15,balance,32,,"balance,"
3869,15,balance,32,,"balance,"
3870,15,balance,32,,balance
3872,15,balance,32,,balance
3873,15,balance,32,,balance
3874,15,balance,32,,balance
3875,15,balance,32,,balance
3878,15,balance,32,,balance
3879,15,balance,32,,balance
3881,15,balance,32,,balance
3884,15,balance,32,,balance
3885,15,balance,32,,balance
3886,15,balance,32,,weighing machine
3887,15,balance,32,,"balance,"
3888,15,balance,32,,"balance,"
3889,15,balance,32,,balance
3890,15,balance,32,,"balance,"
3891,15,balance,32,,"balance,"
3892,15,balance,32,,"balance,"
3893,15,balance,32,,"balance,"
3894,15,balance,32,,"balance,"
3897,15,balance,32,,weighing machine
3898,15,balance,32,,weighing machine
3899,15,balance,32,,"balance,"
3900,15,balance,32,,balance
3901,15,balance,32,,balance
3902,15,balance,32,,"balance,"
3904,15,balance,32,,balance
3907,15,balance,32,,"balance,"
3908,15,balance,32,,balance
3910,15,balance,32,,"balance,"
3911,15,balance,32,,"balance,"
3912,15,balance,32,,"balance,"
3913,15,balance,32,,"balance,"
3914,15,balance,32,,"balance,"
3915,15,balance,32,,balance
3918,15,balance,32,,"balance,"
3919,15,balance,32,,"balance,"
3920,15,balance,32,,"balance,"
3921,15,balance,32,,"balance,"
3922,15,balance,32,,balance
3925,15,balance,32,,"balance,"
3926,15,balance,32,,"balance,"
3927,15,balance,32,,balance
3929,15,balance,32,,"balance,"
3932,15,balance,32,,"balance,"
3933,15,balance,32,,"balance,"
3935,15,balance,32,,balance
3936,15,balance,32,,balance
3938,15,balance,32,,balance
3940,15,balance,32,,scales
3943,15,balance,32,,balance
3957,15,balance,32,,balance
3960,15,balance,32,,balance
3962,15,balance,32,,balance
3984,15,balance,32,,"balance,"
3998,15,balance,32,,balance
4000,15,balance,32,,"scales,"
4001,15,balance,32,,balance
4087,15,balance,32,,balance
4088,15,"balance, assay",34,,"balances (assay, chemical etc),"
4088,,"balance, chemical",35,,
4122,15,balance,32,,"balance,"
4248,15,balance,32,,"balance,"
4254,15,balance,32,,"balance,"
4302,15,balance,32,,balance
4311,15,balance,32,,"balance,"
4311,15,balance,32,,weighing machine
4312,15,balance,32,,"balance,"
4312,15,balance,32,,"weighing machine,"
4343,15,balance,32,,"scales,"
4343,15,balance,32,,"weighing machines,"
4378,15,balance,32,,"balance,"
4379,15,balance,32,,"balance,"
5606,15,balance,32,,scales
5900,15,balance,32,,balance
6042,15,balance,32,,"scales,"
6168,15,balance,32,,balance
6172,15,balance,32,,balance
6438,15,balance,32,,balance
6453,15,balance,32,,"scales,"
6465,15,balance,32,,weighing machine
6497,15,balance,32,,"balances,"
6565,15,balance,32,,"scales,"
6641,15,balance,32,,balances
6674,15,balance,32,,balance
6675,15,balance,32,,"balances,"
6773,15,balance,32,,balances
6775,15,balance,32,,"balances,"
6851,15,balance,32,,balance
6961,15,"balance, gold",37,,gold balance
6971,15,balance,32,,balances
7046,15,balance,32,,"scales,"
7053,15,balance,32,,balance
7083,15,balance,32,,"balances,"
7091,15,balance,32,,"scales,"
7105,15,balance,32,,"balances,"
7224,15,balance,32,,"scales,"
7264,15,balance,32,,scales
7295,15,balance,32,,"scales,"
7348,15,balance,32,,scales
7374,15,balance,32,,scales
7478,15,balance,32,,scale
7507,15,balance,32,,"scales,"
7555,15,balance,32,,scale
7650,15,balance,32,,"balances,"
7677,15,balance,32,,"balances,"
7867,15,balance,32,,"scales,"
7898,15,balance,32,,"balance,"
7957,15,balance,32,,"scales,"
7959,15,balance,32,,"scales,"
7960,15,balance,32,,balances
8032,15,balance,32,,"scales,"
8058,15,balance,32,,scales
8059,15,balance,32,,"scales,"
8066,15,balance,32,,"scales,"
8095,15,balance,32,,"balance,"
8103,15,balance,32,,balance
8158,15,balance,32,,scales
8259,15,balance,32,,"sclaes,"
8275,15,balance,32,,balances (scales)
8276,15,balance,32,,balances
8327,15,balance,32,,scales
8328,15,balance,32,,"scales,"
8330,15,balance,32,,scales
8331,15,balance,32,,scales
8332,15,balance,32,,"scales,"
8341,15,balance,32,,weighing machine
8346,15,scale beam,803,,scale beam
8347,15,scale beam,803,,"scale beam,"
8347,15,balance,32,,weighing machine
8354,15,scale beam,803,,scale beam
8358,15,balance,32,,weighing machine
8359,15,scale beam,803,,scale beam
8360,15,scale beam,803,,scale beam
8367,15,balance,32,,weighing machine
8368,15,scale beam,803,,scale beam
8372,15,balance,32,,"scales,"
8374,15,scale beam,803,,scale beam
8376,15,balance,32,,weighing machine
8378,15,balance,32,,weighing machine
8380,15,balance,32,,weighing machine
8407,15,scale beam,803,,"scale beam,"
8408,15,scale beam,803,,"scale beam,"
8409,15,scale beam,803,,"scale beam,"
8410,15,scale beam,803,,"scale beam,"
8411,15,scale beam,803,,"scale beam,"
8412,15,scale beam,803,,"scale beam,"
8418,15,scale beam,803,,scale beam
8420,15,scale beam,803,,scale beam
5728,15,balance,32,,"balances,"
8592,15,balance,32,,balance
8594,15,balance,32,,scales
8597,15,scale beam,803,,scale beams
8598,15,scale beam,803,,scale beams
8599,15,balance,32,,"weighing machines,"
8599,15,scale beam,803,,scale beans
8608,15,balance,32,,"scales,"
8608,15,scale beam,803,,scale beam
3423,15,balance,32,,scales
8609,15,scale beam,803,,"scale beams, sclae beams"
8609,15,balance,32,,weighing machines
8610,15,scale beam,803,,"scale beams,"
8610,15,balance,32,,weighing machines
8611,15,scale beam,803,,"scale beams,"
8611,15,balance,32,,weighing machines
8615,15,scale beam,803,,scale beam
8616,15,scale beam,803,,"scale beams,"
8618,15,scale beam,803,,scale beams
8619,15,scale beam,803,,scale beams
8626,15,scale beam,803,,scale beams
8628,15,scale beam,803,,scale beams
8646,15,balance,32,,"balance,"
8646,15,balance,32,,"weighing machine,"
3432,15,balance,32,,weighing machine
8647,15,balance,32,,scales
8648,15,balance,32,,"scales,"
8649,15,balance,32,,"balance,"
8650,15,balance,32,,"scales,"
8651,15,balance,32,,"scales,"
8652,15,balance,32,,"scales,"
8652,15,balance,32,,"weighing machines,"
8653,15,balance,32,,"scales,"
8654,15,balance,32,,"scales,"
8655,15,balance,32,,"scales,"
8656,15,balance,32,,"scales,"
8657,15,balance,32,,"scales,"
8658,15,balance,32,,"scales,"
8658,15,balance,32,,"weighing machines,"
8659,15,balance,32,,"scales,"
8659,15,balance,32,,"weighing machines,"
3437,15,balance,32,,"weighing machines,"
8660,15,balance,32,,"scales,"
8372,15,balance,32,,"weighing machines,"
8661,15,balance,32,,"scales,"
8662,15,balance,32,,"scales,"
5519,15,balance,32,,"scales,"
5520,15,balance,32,,"scales,"
8663,15,balance,32,,"scales,"
8664,15,balance,32,,"scales,"
8665,15,balance,32,,"scales,"
8666,15,balance,32,,"scales,"
8667,15,balance,32,,"scales,"
8667,15,balance,32,,"weighing machine,"
1241,15,balance,32,,"scales,"
1241,15,balance,32,,"weighing machines,"
8668,15,balance,32,,"scales,"
8669,15,balance,32,,"scales,"
9964,15,balance,32,,balances
9964,15,balance,32,,weighing macines
7650,15,balance,32,,"weighing machines,"
9966,15,balance,32,,balances
9967,15,balance,32,,balances
10026,15,balance,32,,"scales, balances"
10060,15,balance,32,,"scales,"
10061,15,balance,32,,"scales,"
8059,15,balance,32,,"weighing machines,"
10062,15,balance,32,,"scales,"
10070,15,balance,32,,weighing machines
4088,15,balance,32,,"weighing machines,"
10071,15,balance,32,,weighing machines
5647,15,"balance, coin",36,,weighing machines for coins
9544,15,balance,32,,"weighing machines,"
10074,15,balance,32,,weighing machines
8722,15,balance,32,,"weighing machines,"
9068,15,balance,32,,"weighing machines,"
10097,15,balance,32,,"scales,"
10098,15,balance,32,,"scales,"
10099,15,balance,32,,"scales,"
9956,15,balance,32,,"scales,"
9956,15,balance,32,,"weighing machines,"
10100,15,balance,32,,"scales,"
9548,15,balance,32,,"weighing machines,"
10117,15,balance,32,,weighing machines
10128,15,balance,32,,"scales,"
10131,15,balance,32,,"scales,"
10132,15,balance,32,,"scales,"
10158,15,balance,32,,scales
10159,15,balance,32,,scales
10162,15,balance,32,,weighing machines
10165,15,balance,32,,weighing machines
8751,15,balance,32,,"weighing machines,"
10169,15,balance,32,,scales
10170,15,balance,32,,"scales,"
10171,15,balance,32,,"scales,"
4088,15,balance,32,,"scales,"
8363,15,balance,32,,"scales,"
10185,15,balance,32,,"scales,"
10186,15,balance,32,,"scales,"
10187,15,balance,32,,"scales,"
10188,15,balance,32,,"scales,"
10189,15,balance,32,,"scales,"
10190,15,balance,32,,"scales,"
4827,15,balance,32,,weighing machines
10192,15,balance,32,,weighing machines
8083,15,balance,32,,"weighing machines,"
10193,15,balance,32,,"scales,"
10194,15,balance,32,,"scales,"
8845,15,balance,32,,"scales,"
8845,15,balance,32,,"weighing machines,"
324,15,balance,32,,"scales,"
5635,15,balance,32,,balance
8892,15,balance,32,,balance
5647,15,balance,32,,"scales,"
8895,15,balance,32,,scales
3450,15,balance,32,,"weighing machines,"
8712,15,"balance, postal",45,,"balance (postal),"
550,15,"balance, hydrostatic",39,,"hydrostatic balance,"
9008,15,balance,32,,scales
9058,15,balance,32,,scales
2588,15,scale beam,803,,scale beams
9068,15,balance,32,,"scales,"
9069,15,balance,32,,"scales,"
5971,15,balance,32,,scales
8083,15,balance,32,,"scales,"
6739,15,balance,32,,"balances,"
9084,15,balance,32,,"balances,"
12,15,balance,32,,balance
9133,15,balance,32,,scales
3518,15,"balance, medical",44,,"medical scales,"
8717,15,balance,32,,balance
5776,15,balance,32,,"scales,"
5774,15,balance,32,,balance
9372,15,balance,32,,"weighing scales,"
9373,15,balance,32,,weighing machines
8718,15,balance,32,,"scales,"
9395,15,balance,32,,scales (balance)
9398,15,balance,32,,scales (balance)
9399,15,balance,32,,scales (bLnce)
9409,15,balance,32,,balance
9410,15,balance,32,,balance
9413,15,balance,32,,scales (balance)
9414,15,scale beam,803,,scale beam
9415,15,balance,32,,balance
8717,15,balance,32,,weighing machine
9426,15,balance,32,,weighing machine
9426,15,balance,32,,scales
9427,15,balance,32,,weighing machine
7091,15,balance,32,,weighing machine
9450,15,balance,32,,"scales,"
9451,15,balance,32,,"scales,"
9453,15,balance,32,,"scales,"
9454,15,balance,32,,"scales,"
9377,15,balance,32,,"scales,"
8072,15,balance,32,,"scales,"
3666,15,balance,32,,"balances,"
5354,15,balance,32,,"scales,"
9500,15,balance,32,,"balance,"
9507,15,balance,32,,"balances,"
9509,15,balance,32,,"scales,"
9517,15,balance,32,,"balance,"
9535,15,balance,32,,"scales,"
9536,15,balance,32,,"scales,"
9537,15,balance,32,,"scales,"
9542,15,balance,32,,"scales,"
9543,15,balance,32,,"scales,"
9543,15,balance,32,,"weighing machine,"
9544,15,balance,32,,"scales,"
9545,15,balance,32,,"scales,"
9545,15,balance,32,,"weighing machine,"
9546,15,balance,32,,"scales,"
8723,15,balance,32,,"weighing machine,"
8727,15,balance,32,,"scales,"
9547,15,balance,32,,"scales,"
9548,15,balance,32,,"scales,"
9563,15,balance,32,,"scales,"
8754,15,balance,32,,"weighing machines,"
9564,15,balance,32,,weighing machine.
9564,15,balance,32,,"scales,"
9565,15,balance,32,,"scales,"
9565,15,balance,32,,"weighing machine,"
9579,15,balance,32,,"scales,"
9583,15,balance,32,,"scales,"
9586,15,balance,32,,"scales,"
9616,15,balance,32,,"balance,"
9620,15,balance,32,,balances
8719,15,balance,32,,scales
7796,15,balance,32,,"scales,"
9669,15,balance,32,,"balances,"
9694,15,balance,32,,"balances,"
9694,15,balance,32,,"weighing machines,"
7957,15,balance,32,,"weighing machines,"
9719,15,balance,32,,"balance,"
9719,15,balance,32,,weighing machines
9721,15,balance,32,,"balances,"
9721,15,balance,32,,"weighing machines,"
9723,15,balance,32,,"balances,"
9725,15,balance,32,,"balances,"
7104,15,balance,32,,"balances,"
9727,15,balance,32,,"balances,"
9731,15,balance,32,,"balances,"
9766,15,balance,32,,"scales,"
9767,15,balance,32,,"scales,"
9772,15,balance,32,,scales
9772,15,balance,32,,weighing machines
8718,15,balance,32,,"weighing machines,"
9773,15,balance,32,,"scales,"
9773,15,balance,32,,"weighing machines,"
5808,15,balance,32,,"scales,"
9865,15,"balance, letter",41,,letter balances
9876,15,"balance, coin",36,,coin & letter balances
9876,,"balance, letter",41,,
9901,15,balance,32,,balance
9902,15,balance,32,,"balance,"
9905,15,balance,32,,"balance,"
5808,15,"balance, hydrostatic",39,,"balances, hydrostatic,"
5732,15,scale beam,803,,scale beams
9944,15,balance,32,,balance
9945,15,balance,32,,"scales,"
9945,15,balance,32,,"weighing machines,"
9946,15,balance,32,,"balances,"
9948,15,balance,32,,balances
9949,15,balance,32,,balances
10229,15,balance,32,,"scales,"
10229,15,balance,32,,"weighing machines,"
10231,15,balance,32,,"scales,"
10233,15,"balance, chemical",35,,"chemical balances,"
10233,15,balance,32,,"scales,"
6497,15,balance,32,,weighing machines
10234,15,balance,32,,weighing machines
10131,15,balance,32,,"weighing machines,"
10238,15,balance,32,,"balances,"
10260,15,balance,32,,"scales,"
10261,15,balance,32,,"scales,"
10262,15,balance,32,,"scales,"
6495,15,balance,32,,"weighing machines,"
6495,15,balance,32,,"scales,"
10061,15,balance,32,,"weighing machines,"
10266,15,balance,32,,weighing machines
10267,15,balance,32,,"scales,"
10268,15,balance,32,,"scales,"
10268,15,balance,32,,"weighing machines,"
10289,15,balance,32,,"scales,"
10290,15,balance,32,,"scales,"
10292,15,balance,32,,weighing machines
10293,15,balance,32,,"scales,"
10293,15,balance,32,,"weighing machines,"
10296,15,balance,32,,weighing machines
6173,15,balance,32,,balances
10321,15,balance,32,,"scales,"
10323,15,balance,32,,"scales,"
10324,15,balance,32,,scales
10325,15,balance,32,,"scales,"
10331,15,balance,32,,balances
10332,15,balance,32,,"balances, scales,"
10332,15,balance,32,,"weighing machines,"
6675,15,balance,32,,"weighing machines,"
10352,15,balance,32,,"scales,"
10353,15,balance,32,,"scales,"
10356,15,balance,32,,"scales,"
10357,15,balance,32,,"scales,"
10358,15,balance,32,,"scales,"
10238,15,balance,32,,weighing machines
9536,15,balance,32,,"weighing machines,"
10362,15,balance,32,,weighing machines
7094,15,balance,32,,weighing machines
10363,15,balance,32,,weighing machines
10364,15,balance,32,,weighing machines
10365,15,balance,32,,weighing machines
10368,15,balance,32,,"balances,"
10397,15,balance,32,,"scales,"
10399,15,balance,32,,weighing machines
10401,15,balance,32,,"scales,"
10402,15,balance,32,,"scales,"
10403,15,balance,32,,weighing machines
10427,15,balance,32,,weighing machines
8722,15,"balance, spring",47,,"spring balances,"
10435,15,balance,32,,"scales,"
10437,15,balance,32,,"scales,"
10459,15,balance,32,,"scales,"
10460,15,balance,32,,"scales,"
10461,15,balance,32,,"scales,"
10462,15,balance,32,,"scales,"
10462,15,balance,32,,"weighing machines,"
10463,15,balance,32,,"balances,"
10463,15,balance,32,,"weighing machines,"
10464,15,balance,32,,"scales,"
10465,15,balance,32,,"scales,"
10467,15,balance,32,,"scales,"
8720,15,balance,32,,"scales,"
10473,15,balance,32,,weighing machines
10474,15,balance,32,,weighing machines
10475,15,balance,32,,weighing machines
10494,15,balance,32,,"scales,"
10495,15,balance,32,,"scales,"
6563,15,balance,32,,"scales,"
10500,15,balance,32,,"scales,"
10501,15,balance,32,,"scales,"
10503,15,balance,32,,"scales,"
10504,15,balance,32,,"scales,"
10507,15,balance,32,,"scales,"
10507,15,balance,32,,"weighing machines,"
8721,15,balance,32,,"scales,"
8722,15,balance,32,,"scales,"
8723,15,balance,32,,scales
8725,15,balance,32,,weighing machine
8726,15,balance,32,,"scales,"
8728,15,balance,32,,"scales,"
8729,15,balance,32,,"scales,"
8730,15,balance,32,,scales
8731,15,balance,32,,scales
8732,15,balance,32,,scales
8733,15,balance,32,,scales
5873,15,balance,32,,"scales,"
8734,15,balance,32,,"scales,"
8735,15,balance,32,,"scales,"
8745,15,balance,32,,"scales,"
8746,15,balance,32,,"scales,"
8747,15,balance,32,,"scales,"
8747,15,balance,32,,"weighing machines,"
8748,15,balance,32,,"scales,"
8749,15,balance,32,,"scales,"
8749,15,balance,32,,"weighing machines,"
8750,15,balance,32,,scales
8751,15,balance,32,,"scales,"
3471,15,balance,32,,weighing machines
5986,15,balance,32,,"scales,"
5986,15,balance,32,,"weighing machines,"
8752,15,balance,32,,"scales,"
3472,15,balance,32,,"weighing machines,"
8753,15,balance,32,,"scales,"
8753,15,balance,32,,"weighing machines,"
8754,15,balance,32,,"scales,"
8259,15,balance,32,,"weighing machine,"
3477,15,balance,32,,"weighing machine,"
8755,15,balance,32,,"scales,"
8756,15,balance,32,,"scales,"
8757,15,balance,32,,"scales,"
8757,15,balance,32,,"weighing machines,"
8758,15,balance,32,,"scales,"
8758,15,balance,32,,weighing machine
8759,15,balance,32,,"scales,"
4511,15,balance,32,,"scales,"
4511,15,balance,32,,"weighing machines,"
8760,15,balance,32,,"scales,"
8761,15,balance,32,,"scales,"
8762,15,balance,32,,"scales,"
8763,15,balance,32,,"scales,"
8793,15,scale beam,803,,"scale beam,"
8794,15,balance,32,,"scales,"
8795,15,scale beam,803,,scalebeam
8797,15,balance,32,,scales
5728,15,balance,32,,"weighing machines,"
10534,15,balance,32,,"scales,"
10535,15,balance,32,,scales
10536,15,balance,32,,scales
10537,15,balance,32,,scales
10538,15,balance,32,,scales
10539,15,balance,32,,scales
10540,15,balance,32,,scales
10543,15,balance,32,,"scales,"
10544,15,balance,32,,"scales,"
10544,15,balance,32,,"weighing machines,"
10545,15,balance,32,,"scales,"
10545,15,balance,32,,"weighing machines,"
10546,15,balance,32,,weighing machines
6155,15,balance,32,,"scales,"
6155,15,balance,32,,weighing machines
10548,15,balance,32,,weighing machines
3907,15,balance,32,,weighing machines
4259,16,goniometer,305,,"goniometer,"
6929,16,goniometer,305,,"goniometers,"
8246,16,goniometer,305,,"goniometers,"
1716,17,binnacle,71,,"binnacle,"
2000,17,binnacle,71,,"binnacle,"
2020,17,binnacle,71,,binnacle
2022,17,binnacle,71,,"binnacle,"
2098,17,binnacle,71,,binnacle
2841,17,binnacle,71,,"binnacle,"
4523,17,binnacle,71,,"binnacle,"
5158,17,binnacle,71,,"binnacle,"
5901,17,binnacle,71,,binnacles
5912,17,binnacle,71,,"binnacle,"
6413,17,binnacle,71,,binnacle
6659,17,binnacle,71,,"binnacles,"
7032,17,binnacle,71,,"binnacles,"
7368,17,binnacle,71,,"binnacles,"
8811,17,binnacle,71,,"binnacles,"
6999,17,binnacle,71,,"binnacle,"
1523,17,binnacle,71,,"binnacle,"
424,17,binnacle,71,,"binnacls,"
4267,17,binnacle,71,,"binnacle,"
6359,17,binnacle,71,,"binnacles,"
3717,17,binnacle,71,,binnacles
9165,17,binnacle,71,,"binnacles,"
2690,17,binnacle,71,,"binnacles,"
10552,17,binnacle,71,,"binnacles,"
568,18,burning glass,82,,"burning glass,"
696,18,burning glass,82,,"burning glass,"
701,18,burning glass,82,,"burning glass,"
200,18,burning glass,82,,"burning glass,"
232,18,burning glass,82,,"burning glass,"
272,18,burning glass,82,,"burning glass,"
5,18,burning glass,82,,"burning glass,"
155,18,burning glass,82,,"burning glass,"
168,18,burning glass,82,,"burning glass,"
182,18,burning glass,82,,"burning glass,"
195,18,burning glass,82,,"burning glass,"
281,18,burning glass,82,,"burning glass,"
359,18,burning glass,82,,"burning glass,"
414,18,burning glass,82,,"burning glass,"
451,18,burning glass,82,,"burning glass,"
547,18,burning glass,82,,"burning glass,"
770,18,burning glass,82,,"burning glass,"
1364,18,burning glass,82,,"burning glass,"
1722,18,burning glass,82,,"burning glass,"
9054,18,burning glass,82,,"burning glasses,"
4600,18,"mirror, burning",456,,"burning mirrors,"
8694,19,binoculars,73,,binoculars
8695,19,binoculars,73,,binoculars
3688,19,binoculars,73,,"field glasses,"
4259,19,binoculars,73,,"binoculars,"
4309,19,binoculars,73,,"binoculars,"
5601,19,binoculars,73,,"binoculars,"
7166,19,binoculars,73,,"field glasses,"
7677,19,binoculars,73,,"field glasses,"
7690,19,binoculars,73,,"field glasses,"
8101,19,binoculars,73,,"bimoculars,"
8174,19,binoculars,73,,"binoculars,"
6364,19,binoculars,73,,field glasses
7081,19,binoculars,73,,"binoculars,"
7749,19,race glasses,582,,race glasses
905,19,binoculars,73,,field glasses;
4283,19,race glasses,582,,"race glasses,"
3218,19,binoculars,73,,"field glasses,"
4275,19,binoculars,73,,"field glasses,"
4252,19,binoculars,73,,"binoculars,"
4252,19,binoculars,73,,"field glasses,"
8860,19,binoculars,73,,"binoculars,"
2880,19,binoculars,73,,field glasses field glasses
4278,19,binoculars,73,,"binoculars,"
4286,19,binoculars,73,,"field glasses,"
9080,19,binoculars,73,,"binoculars,"
9091,19,binoculars,73,,"binoculars,"
4287,19,binoculars,73,,"field glasses,"
4287,19,"binoculars, prism",74,,"prism binoculars,"
4267,19,binoculars,73,,binoculars
9215,19,binoculars,73,,binoculars
8434,19,binoculars,73,,"field glasses,"
7117,19,binoculars,73,,"field glasses,"
9263,19,marine glasses,402,,"marine glasses,"
7410,19,binoculars,73,,"field glasses,"
9401,19,binoculars,73,,"field glasses,"
6543,19,binoculars,73,,"binoculars,"
7748,19,binoculars,73,,"binoculars,"
2268,19,binoculars,73,,"field glasses,"
9868,19,marine glasses,402,,marine glasses
7749,19,binoculars,73,,"binoculars,"
551,20,barometer,50,,"barometer,"
568,20,barometer,50,,"barometer,"
621,20,barometer,50,,"barometer,"
651,20,barometer,50,,barometer
661,20,barometer,50,,"barometer,"
681,20,barometer,50,,barometer
696,20,barometer,50,,"barometer,"
709,20,barometer,50,,"barometer,"
714,20,barometer,50,,"barometer,"
722,20,barometer,50,,"barometer,"
732,20,barometer,50,,barometer
738,20,barometer,50,,"barometer,"
200,20,barometer,50,,"barometer,"
206,20,barometer,50,,barometer
227,20,barometer,50,,"barometer,"
237,20,barometer,50,,"barometer,"
272,20,barometer,50,,"barometer,"
273,20,barometer,50,,"barometer,"
275,20,barometer,50,,"barometer,"
279,20,barometer,50,,"barometer,"
5,20,barometer,50,,"barometer,"
21,20,barometer,50,,"barometer,"
29,20,barometer,50,,"barometer,"
38,20,barometer,50,,"barometer,"
44,20,barometer,50,,"barometer,"
50,20,barometer,50,,"barometer,"
54,20,barometer,50,,"barometer,"
155,20,barometer,50,,"barometer,"
164,20,barometer,50,,"barometer,"
166,20,barometer,50,,"barometer,"
182,20,barometer,50,,"barometer,"
280,20,barometer,50,,"barometer,"
281,20,barometer,50,,"barometer,"
293,20,barometer,50,,"barometer,"
300,20,barometer,50,,barometer
312,20,barometer,50,,barometers
316,20,barometer,50,,"barometer,"
331,20,barometer,50,,"barometer,"
332,20,barometer,50,,"barometer,"
335,20,barometer,50,,"barometer,"
347,20,barometer,50,,"barometer,"
359,20,barometer,50,,"barometer,"
390,20,barometer,50,,"barometers,"
394,20,barometer,50,,"barometer,"
414,20,barometer,50,,"barometer,"
426,20,barometer,50,,"barometer,"
438,20,barometer,50,,"barometer,"
445,20,barometer,50,,barometer
446,20,barometer,50,,"barometer,"
450,20,barometer,50,,"barometer,"
451,20,barometer,50,,"barometers,"
490,20,barometer,50,,"barometer,"
495,20,barometer,50,,barometer
528,20,barometer,50,,barometer
531,20,barometer,50,,barometer
541,20,barometer,50,,"barometer,"
547,20,barometer,50,,"barometer,"
762,20,barometer,50,,"barometer,"
770,20,barometer,50,,"barometer,"
810,20,barometer,50,,barometer
894,20,barometer,50,,"barometer,"
903,20,barometer,50,,"barometer,"
906,20,barometer,50,,"barometer,"
908,20,barometer,50,,"barometer,"
909,20,barometer,50,,"barometer,"
910,20,barometer,50,,barometer
944,20,barometer,50,,"barometer,"
973,20,barometer,50,,"barometer,"
986,20,barometer,50,,"barometer,"
1011,20,barometer,50,,barometer
1012,20,barometer,50,,"barometer,"
1019,20,barometer,50,,barometer
1025,20,barometer,50,,barometer
1064,20,barometer,50,,barometer
1069,20,barometer,50,,"barometer,"
1079,20,barometer,50,,barometer
1090,20,barometer,50,,"barometer,"
1112,20,barometer,50,,"barometer,"
1160,20,barometer,50,,barometer
1186,20,barometer,50,,barometer
1364,20,barometer,50,,"barometer,"
1386,20,barometer,50,,"barometer,"
1464,20,barometer,50,,"barometer,"
1498,20,barometer,50,,barometer
1504,20,barometer,50,,barometer
1583,20,barometer,50,,barometer
1598,20,barometer,50,,"barometer,"
1603,20,barometer,50,,barometer
1610,20,barometer,50,,barometers
1612,20,barometer,50,,barometer
1619,20,barometer,50,,"barometer,"
1620,20,barometer,50,,"barometer,"
1690,20,barometer,50,,"barometer,"
1717,20,barometer,50,,barometer
1719,20,barometer,50,,"barometer,"
1722,20,barometer,50,,"barometer,"
1854,20,barometer,50,,barometer
1858,20,barometer,50,,barometer
1896,20,barometer,50,,barometer
1913,20,barometer,50,,"barometer,"
1929,20,barometer,50,,"barometer,"
1933,20,barometer,50,,barometer
1945,20,barometer,50,,"barometer,"
1946,20,barometer,50,,"barometer,"
1979,20,barometer,50,,"barometer,"
2038,20,barometer,50,,barometer
2042,20,barometer,50,,"barometer,"
2048,20,barometer,50,,"barometer,"
2064,20,barometer,50,,"barometer,"
2076,20,barometer,50,,"barometer,"
2093,20,barometer,50,,"barometer,"
2095,20,barometer,50,,"barometers,"
2096,20,barometer,50,,"barometer,"
2119,20,barometer,50,,"barometer,"
2121,20,barometer,50,,barometer
2130,20,barometer,50,,barometer
2131,20,barometer,50,,"barometer,"
2180,20,barometer,50,,"barometer,"
2194,20,barometer,50,,"barometer,"
2196,20,barometer,50,,"barometer,"
2204,20,barometer,50,,"barometer,"
2212,20,barometer,50,,"barometer,"
2213,20,barometer,50,,"barometer,"
2217,20,barometer,50,,"barometer,"
2218,20,barometer,50,,"barometer,"
2223,20,barometer,50,,"barometer,"
2255,20,barometer,50,,"barometer,"
2257,20,barometer,50,,"barometer,"
2268,20,barometer,50,,"barometers,"
2273,20,barometer,50,,"barometer,"
2274,20,barometer,50,,barometer
2277,20,barometer,50,,barometer
2279,20,barometer,50,,"barometer,"
2282,20,barometer,50,,"barometer,"
2292,20,barometer,50,,barometer
2295,20,barometer,50,,"barometer,"
2301,20,barometer,50,,"barometer,"
2341,20,barometer,50,,barometers
2506,20,barometer,50,,barometer
2605,20,barometer,50,,"barometer,"
2606,20,barometer,50,,"barometer,"
2627,20,barometer,50,,"barometer,"
2634,20,barometer,50,,"barometer,"
2637,20,barometer,50,,"barometer,"
2639,20,barometer,50,,barometer
2659,20,barometer,50,,barometer
2673,20,barometer,50,,"barometer,"
2707,20,barometer,50,,"barometer,"
2710,20,barometer,50,,barometer
2747,20,barometer,50,,"barometer,"
2749,20,barometer,50,,barometer
2751,20,barometer,50,,"barometer,"
2764,20,barometer,50,,"barometer,"
2765,20,barometer,50,,barometer
2775,20,barometer,50,,barometer
2776,20,barometer,50,,"barometer,"
2804,20,barometer,50,,barometer
2805,20,barometer,50,,"barometer,"
2808,20,barometer,50,,"barometer,"
2812,20,barometer,50,,"barometer,"
2816,20,barometer,50,,"barometer,"
2819,20,barometer,50,,barometer
2820,20,barometer,50,,barometer
2841,20,barometer,50,,"barometer,"
2846,20,barometer,50,,"barometer,"
2847,20,barometer,50,,barometer
2870,20,barometer,50,,barometer
2885,20,barometer,50,,"barometer,"
2902,20,barometer,50,,"barometers,"
2911,20,barometer,50,,"barometer,"
2957,20,barometer,50,,"barometer,"
2958,20,barometer,50,,barometer
3012,20,barometer,50,,"barometer,"
3030,20,barometer,50,,"barometer,"
3036,20,barometer,50,,"barometer,"
3041,20,barometer,50,,barometer
3050,20,barometer,50,,"barometers,"
3053,20,barometer,50,,barometer
3054,20,barometer,50,,barometer
3068,20,barometer,50,,"barometer,"
3077,20,barometer,50,,"barometer,"
3085,20,barometer,50,,barometer
3106,20,barometer,50,,barometer
3114,20,barometer,50,,"barometer,"
3116,20,barometer,50,,"barometer,"
3119,20,barometer,50,,"barometer,"
3120,20,barometer,50,,barometer
3128,20,barometer,50,,"barometer,"
3129,20,barometer,50,,"barometer,"
3142,20,barometer,50,,"barometer,"
3151,20,barometer,50,,barometer
3177,20,barometer,50,,"barometer,"
3187,20,barometer,50,,barometer
3196,20,barometer,50,,"barometer,"
3198,20,barometer,50,,"barometer,"
3201,20,barometer,50,,barometer
3203,20,barometer,50,,barometer
3221,20,barometer,50,,"barometer,"
3222,20,barometer,50,,barometer
3229,20,barometer,50,,"barometer,"
3232,20,barometer,50,,"barometer,"
3233,20,barometer,50,,"barometer,"
3234,20,barometer,50,,"barometer,"
3235,20,barometer,50,,barometer
3236,20,barometer,50,,"barometer,"
3246,20,barometer,50,,"barometer,"
3269,20,barometer,50,,"barometer,"
3281,20,barometer,50,,barometer
3282,20,barometer,50,,barometer
3283,20,barometer,50,,"barometer,"
3288,20,barometer,50,,"barometer,"
3298,20,barometer,50,,barometer
3299,20,barometer,50,,barometer
3313,20,barometer,50,,"barometer,"
3321,20,barometer,50,,"barometer,"
3324,20,barometer,50,,"barometer,"
3329,20,barometer,50,,barometer
3339,20,barometer,50,,barometer
3359,20,barometer,50,,barometer
3360,20,barometer,50,,barometer
3366,20,"barometer, marine",58,'newly invented',marine barometer 'newly invented'
3405,20,barometer,50,,"barometers,"
3492,20,barometer,50,,"barometer,"
3499,20,barometer,50,,"barometer,"
3500,20,barometer,50,,"barometer,"
3501,20,barometer,50,,"barometer,"
3517,20,barometer,50,,"barometer,"
3584,20,barometer,50,,barometer
3630,20,barometer,50,,barometer
3693,20,barometer,50,,barometer
3804,20,barometer,50,,"barometer,"
3810,20,barometer,50,,barometer
3819,20,barometer,50,,"barometer,"
3838,20,barometer,50,,barometer
3842,20,barometer,50,,barometer
4067,20,barometer,50,,"barometer,"
4070,20,barometer,50,,"barometer,"
4073,20,barometer,50,,barometer
4081,20,barometer,50,,barometer
4090,20,barometer,50,,barometer
4091,20,barometer,50,,"barometer,"
4101,20,barometer,50,,"barometer,"
4116,20,barometer,50,,"barometers,"
4119,20,barometer,50,,"barometer,"
4122,20,barometer,50,,"barometer,"
4123,20,barometer,50,,"barometer,"
4126,20,barometer,50,,barometer
4131,20,barometer,50,,"barometer,"
4133,20,barometer,50,,barometer
4139,20,barometer,50,,"barometer,"
4155,20,barometer,50,,"barometer,"
4156,20,barometer,50,,"barometer,"
4159,20,barometer,50,,"barometer,"
4205,20,barometer,50,,"barometer,"
4208,20,barometer,50,,"barometer,"
4209,20,barometer,50,,"barometer,"
4213,20,barometer,50,,"barometer,"
4218,20,barometer,50,,"barometers,"
4221,20,barometer,50,,"barometer,"
4253,20,barometer,50,,"barometer,"
4254,20,barometer,50,,"barometer,"
4255,20,barometer,50,,"barometer,"
4256,20,barometer,50,,"barometers,"
4258,20,barometer,50,,"barometer,"
4262,20,barometer,50,,"barometer,"
4266,20,barometer,50,,"barometer,"
4268,20,barometer,50,,"barometer,"
4275,20,"barometer, mercury",59,,"barometers mercury ,"
4275,20,"barometer, aneroid",51,,"barometers aneroid,"
4276,20,barometer,50,,"barometers,"
4280,20,barometer,50,,"barometer,"
4283,20,barometer,50,,"barometer,"
4285,20,barometer,50,,"barometers,"
4287,20,barometer,50,,"barometer,"
4307,20,barometer,50,,"barometer,"
4399,20,barometer,50,,"barometer,"
4400,20,barometer,50,,barometer
4442,20,barometer,50,,"barometer,"
4443,20,barometer,50,,"barometer,"
4468,20,barometer,50,,"barometer,"
4471,20,barometer,50,,"barometer,"
4523,20,barometer,50,,"barometer,"
4532,20,barometer,50,,barometer
4538,20,barometer,50,,barometer
4540,20,barometer,50,,"barometer,"
4541,20,barometer,50,,"barometer,"
4549,20,barometer,50,,"barometer,"
4551,20,barometer,50,,"barometer,"
4552,20,barometer,50,,"barometer,"
4553,20,barometer,50,,"barometer,"
4554,20,barometer,50,,"barometers,"
4555,20,barometer,50,,"barometer,"
4556,20,barometer,50,,barometer
4558,20,barometer,50,,barometer
4579,20,barometer,50,,"barometer,"
4583,20,barometer,50,,"barometer,"
4596,20,barometer,50,,"barometer,"
4616,20,barometer,50,,"barometer,"
4670,20,barometer,50,,"barometer,"
4677,20,barometer,50,,"barometer,"
4686,20,barometer,50,,"barometer,"
4695,20,barometer,50,,barometer
4701,20,barometer,50,,"barometer,"
4705,20,barometer,50,,"barometer,"
4710,20,barometer,50,,"barometer,"
4726,20,barometer,50,,"barometer,"
4727,20,barometer,50,,barometer
4743,20,barometer,50,,barometer
4750,20,barometer,50,,barometer
4753,20,barometer,50,,"barometer,"
4754,20,barometer,50,,barometer
4755,20,barometer,50,,"barometer,"
4756,20,barometer,50,,"barometer,"
4762,20,barometer,50,,"barometer,"
4763,20,barometer,50,,"barometer,"
4765,20,barometer,50,,"barometer,"
4766,20,barometer,50,,"barometer,"
4770,20,barometer,50,,barometer
4773,20,barometer,50,,"barometer,"
4775,20,barometer,50,,"barometer,"
4792,20,barometer,50,,"barometer,"
4794,20,barometer,50,,"barometer,"
4801,20,barometer,50,,"barometer,"
4815,20,barometer,50,,"barometer,"
4816,20,barometer,50,,"barometer,"
4817,20,barometer,50,,barometer
4818,20,barometer,50,,barometers
4832,20,barometer,50,,"barometer,"
4880,20,barometer,50,,"barometer,"
4926,20,barometer,50,,"barometer,"
4933,20,barometer,50,,"barometer,"
4936,20,barometer,50,,barometer
4958,20,barometer,50,,"barometer,"
4983,20,barometer,50,,"barometer,"
5019,20,barometer,50,,"barometer,"
5083,20,barometer,50,,"barometer,"
5129,20,barometer,50,,"barometer,"
5158,20,barometer,50,,"barometer,"
5168,20,barometer,50,,barometer
5169,20,barometer,50,,barometer
5176,20,barometer,50,,"barometer,"
5177,20,barometer,50,,barometer
5182,20,barometer,50,,"barometer,"
5336,20,barometer,50,,"barometer,"
5570,20,barometer,50,,"barometers,"
5573,20,barometer,50,,"barometers,"
5601,20,barometer,50,,"barometer,"
5678,20,barometer,50,,barometers
5782,20,barometer,50,,"barometer,"
5802,20,barometer,50,,"barometers,"
5867,20,barometer,50,,"barometer,"
5923,20,barometer,50,,"barometer,"
5930,20,barometer,50,,barometers
5931,20,barometer,50,,barometer
5987,20,barometer,50,,"barometers,"
5998,20,barometer,50,,"barometers,"
6062,20,barometer,50,,barometer
6066,20,barometer,50,,"barometers,"
6067,20,barometer,50,,barometer
6077,20,barometer,50,,"barometer,"
6084,20,barometer,50,,"barometers,"
6154,20,barometer,50,,"barometer,"
6186,20,barometer,50,,"barometer,"
6187,20,barometer,50,,barometer
6192,20,barometer,50,,"barmometer,"
6207,20,barometer,50,,barometer
6217,20,barometer,50,,"barometers,"
6221,20,barometer,50,,"barometer,"
6239,20,barometer,50,,"barometers,"
6241,20,barometer,50,,"barmometer,"
6247,20,barometer,50,,"barometer,"
6259,20,barometer,50,,"barometer,"
6304,20,barometer,50,,"barometer,"
6305,20,barometer,50,,"barometer,"
6320,20,barometer,50,,"barometer,"
6330,20,barometer,50,,"barometer,"
6348,20,barometer,50,,"barometer,"
6352,20,barometer,50,,barometer
6359,20,barometer,50,,"barometers,"
6363,20,barometer,50,,"barometer,"
6366,20,barometer,50,,"barometer,"
6375,20,barometer,50,,"barometer,"
6376,20,barometer,50,,barometer
6389,20,barometer,50,,"barometers,"
6401,20,barometer,50,,"barometer,"
6403,20,barometer,50,,"barometers,"
6409,20,barometer,50,,"barometers,"
6422,20,barometer,50,,barometers
6426,20,barometer,50,,"barometers,"
6458,20,barometer,50,,"barometers,"
6459,20,barometer,50,,"barometers,"
6461,20,barometer,50,,"barometers,"
6463,20,barometer,50,,"barometers,"
6466,20,barometer,50,,"barometers,"
6469,20,barometer,50,,"barometers,"
6470,20,barometer,50,,"barometers,"
6471,20,barometer,50,,"barometers,"
6494,20,barometer,50,,"barometers,"
6526,20,barometer,50,,"barometers,"
6543,20,barometer,50,,"barometers,"
6550,20,barometer,50,,"barometers,"
6553,20,barometer,50,,"barometers,"
6568,20,barometer,50,,"barometers,"
6598,20,barometer,50,,barometers
6615,20,barometer,50,,"barometers,"
6637,20,barometer,50,,"barometer,"
6658,20,barometer,50,,"barometers,"
6669,20,barometer,50,,"barometers,"
6712,20,barometer,50,,barometer
6742,20,barometer,50,,barometers
6752,20,barometer,50,,"barometers,"
6760,20,barometer,50,,barometers
6761,20,barometer,50,,"barometers,"
6795,20,barometer,50,,"barometers,"
6823,20,barometer,50,,"barometer,"
6827,20,barometer,50,,"barometer,"
6834,20,barometer,50,,"barometers,"
6846,20,barometer,50,,barometers
6893,20,barometer,50,,"barometers,"
6902,20,barometer,50,,"barometers,"
6927,20,barometer,50,,"barometers,"
6932,20,barometer,50,,"barometers,"
6937,20,barometer,50,,"barometer,"
6938,20,barometer,50,,barometer
6947,20,barometer,50,,"barometers,"
6948,20,barometer,50,,"barometer,"
6962,20,barometer,50,,"barometers,"
6976,20,barometer,50,,"barometer,"
6979,20,barometer,50,,"barometers,"
6981,20,barometer,50,,"barometer,"
7020,20,barometer,50,,"barometers,"
7022,20,barometer,50,,barometer
7037,20,barometer,50,,"barometers,"
7042,20,barometer,50,,"barometer,"
7081,20,barometer,50,,"barometers,"
7166,20,barometer,50,,"barometers,"
7209,20,barometer,50,,"barometer,"
7212,20,barometer,50,,"barometers,"
7213,20,barometer,50,,"barometer,"
7214,20,barometer,50,,"barometers,"
7257,20,barometer,50,,barometer
7258,20,barometer,50,,"barometers,"
7270,20,barometer,50,,"barometers,"
7304,20,barometer,50,,"barometers,"
7368,20,barometer,50,,"barometers,"
7409,20,barometer,50,,"barometers,"
7410,20,barometer,50,,"barometers,"
7436,20,barometer,50,,"barometers,"
7437,20,barometer,50,,"barometers,"
7439,20,barometer,50,,"barometers,"
7449,20,barometer,50,,"barometers,"
7491,20,barometer,50,,"barometers,"
7502,20,barometer,50,,"barometers,"
7511,20,chronometer,121,,chronometers
7516,20,barometer,50,,"barometers,"
7517,20,barometer,50,,"barometers,"
7518,20,barometer,50,,"barometers,"
7522,20,barometer,50,,"barometers,"
7542,20,barometer,50,,"barometers,"
7544,20,barometer,50,,"barometers,"
7551,20,barometer,50,,"barometers,"
7557,20,barometer,50,,"barometers,"
7568,20,barometer,50,,"barometers,"
7581,20,barometer,50,,"barometers,"
7582,20,barometer,50,,"barometers,"
7583,20,barometer,50,,"barometers,"
7584,20,barometer,50,,"barometers,"
7600,20,barometer,50,,"barometers,"
7602,20,barometer,50,,"barometers,"
7630,20,barometer,50,,"barometers,"
7654,20,barometer,50,,"barometers,"
7672,20,barometer,50,,"barometers,"
7673,20,barometer,50,,"barometers,"
7677,20,barometer,50,,"barometers,"
7680,20,barometer,50,,"barometers,"
7690,20,"barometer, aneroid",51,,"aneroid barometers,"
7724,20,barometer,50,,"barometer,"
7726,20,barometer,50,,"barometer,"
7726,20,sympiesometer,700,,"sympiesometer,"
7743,20,barometer,50,,"barometers,"
7748,20,barometer,50,,"barometers,"
7751,20,barometer,50,,"barometers,"
7790,20,barometer,50,,"barometers,"
7801,20,barometer,50,,"barometers,"
7841,20,barometer,50,,"barometers,"
7848,20,barometer,50,,"barometers,"
7904,20,barometer,50,,"barometers,"
7907,20,barometer,50,,barometer
7910,20,barometer,50,,"barometers,"
7982,20,barometer,50,,"barometers,"
7990,20,barometer,50,,"barometers,"
7999,20,barometer,50,,"barometers,"
8002,20,barometer,50,,barometer
8015,20,barometer,50,,"barometers,"
8042,20,barometer,50,,"barometers,"
8068,20,barometer,50,,"barometers,"
8069,20,barometer,50,,"barometers,"
8146,20,barometer,50,,"barometer,"
8154,20,barometer,50,,"barometers,"
8174,20,"barometer, aneroid",51,,"aneroid barometers,"
8187,20,barometer,50,,"barometers,"
8188,20,barometer,50,,"barometers,"
8262,20,barometer,50,,"barometers,"
8263,20,barometer,50,,barometers
8268,20,barometer,50,,"barometers,"
8269,20,barometer,50,,"barometers,"
8270,20,barometer,50,,"barometers,"
8274,20,barometer,50,,"barometers,"
8288,20,barometer,50,,"barometers,"
8316,20,barometer,50,,"barometers,"
8324,20,barometer,50,,"barometers,"
8364,20,barometer,50,,barometers
8459,20,barometer,50,,"barometers,"
8521,20,chronometer,121,,chronomater
8575,20,barometer,50,,"barometers,"
5703,20,barometer,50,,"barometer,"
4414,20,barometer,50,,"barometers,"
6000,20,barometer,50,,"barometers,"
6001,20,barometer,50,,"barometers,"
5223,20,barometer,50,,"batometers,"
5223,20,sympiesometer,700,,"sympiesometers,"
8638,20,barometer,50,,barometers
6471,20,"barometer, aneroid",51,,"aneroid barometers,"
8683,20,barometer,50,,"barometers,"
3786,20,barometer,50,,"barometers,"
8687,20,barometer,50,,barometers
632,20,barometer,50,,barometers
7749,20,barometer,50,,"barometers,"
3218,20,barometer,50,,"barometers,"
7410,20,"barometer, aneroid",51,,"aneroid barometers,"
5621,20,barometer,50,,"barometers,"
4275,20,"barometer, pocket",61,,"barometers pocket ,"
6144,20,barometer,50,,barometers
6466,20,"barometer, aneroid",51,,"aneroid barometers,"
6912,20,barometer,50,,"barometers,"
6912,20,"barometer, aneroid",51,,"aneroid barometers,"
7019,20,barometer,50,,"barometers,"
7030,20,"barometer, aneroid",51,,"aneroid barometers,"
7030,20,barometer,50,,"barometers,"
7408,20,"barometer, aneroid",51,,"aneroid barometers,"
7408,20,barometer,50,,"barometers,"
10035,20,barometer,50,,"barometers,"
8154,20,"barometer, aneroid",51,,"aneroid barometers,"
8268,20,"barometer, aneroid",51,,"aneroid barometers,"
4243,20,barometer,50,,"barometer,"
4252,20,barometer,50,,"barometer,"
8315,20,barometer,50,,barometers
3688,20,barometer,50,,"barometers,"
4245,20,barometer,50,,"barometers,"
4245,20,"barometer, aneroid",51,,"aneroid barometers,"
4245,20,"barometer, pocket",61,,"pocket barometers,"
4245,20,sympiesometer,700,,"sympiesometers,"
7448,20,barometer,50,,"barometers,"
7581,20,"barometer, aneroid",51,,"aneroid barometers,"
905,20,barometer,50,,"barometers,"
905,20,"barometer, aneroid",51,,"aneroid barometers,"
6459,20,"barometer, aneroid",51,,"aneroid barometers,"
7166,20,"barometer, aneroid",51,,"aneroid barometers,"
7267,20,barometer,50,,"barometers,"
7339,20,barometer,50,,"barometers,"
7582,20,"barometer, aneroid",51,,"aneroid barometers,"
10120,20,barometer,50,,"barometers,"
7083,20,barometer,50,,"barometers,"
7123,20,barometer,50,,"barometers,"
10196,20,barometer,50,,"barometers,"
6732,20,barometer,50,,"barometers,"
7595,20,barometer,50,,"barometers,"
8222,20,barometer,50,,"barometers,"
8244,20,"barometer, aneroid",51,,"aneroid barometers,"
8244,20,barometer,50,,"barometers,"
8811,20,barometer,50,,"barometer,"
4609,20,barometer,50,,"barometer,"
8454,20,barometer,50,,"barometer,"
3366,20,barometer,50,,"barometers,"
8834,20,barometer,50,,"barometers,"
5129,20,sympiesometer,700,,"sympiesometer,"
5452,20,barometer,50,,"barometer,"
6743,20,barometer,50,,"barometer,"
8838,20,barometer,50,,"barometers,"
8860,20,barometer,50,,"barometers,"
8863,20,"barometer, mercury",59,,barometers (mercury)
8863,20,"barometer, aneroid",51,,barometer (aneroid)
449,20,barometer,50,,barometers
2880,20,barometer,50,,barometer
8879,20,barometer,50,,"barometers,"
6999,20,barometer,50,,"barometer,"
6999,20,sympiesometer,700,,"sympicsometer,"
5158,20,sympiesometer,700,,symphiesometer
1718,20,barometer,50,,"barometers,"
5265,20,barometer,50,,"barometers,"
8917,20,barometer,50,,barometers
629,20,barometer,50,,barometers
4117,20,barometer,50,,"barometers,"
5484,20,barometer,50,,"barometers,"
8971,20,barometer,50,,"barometers,"
8972,20,barometer,50,,"barometers,"
8973,20,weather glass,770,,"weather glass,"
550,20,barometer,50,,"barmetes,"
2219,20,barometer,50,,barometers
37,20,barometer,50,,"barometer,"
5820,20,barometer,50,,"barometers,"
4286,20,barometer,50,,"barmometers,"
424,20,barometer,50,,barometers
4267,20,barometer,50,,"barometers,"
3757,20,barometer,50,,"barometer,"
3757,20,sympiesometer,700,,"sympicsometer,"
9055,20,"barometer, marine",58,,marine barometers
6127,20,barometer,50,,"barometers,"
4767,20,barometer,50,,"barometers,"
3717,20,barometer,50,,"barometers,"
3717,20,sympiesometer,700,,"sympiesometers,"
9147,20,barometer,50,,"barometer,"
5268,20,barometer,50,,barometer
5907,20,barometer,50,,barometer
9198,20,barometer,50,,barometer
9199,20,barometer,50,,baometer
4600,20,barometer,50,,"barometers,"
9165,20,barometer,50,,"barometers,"
9211,20,barometer,50,,barometers
9212,20,barometer,50,,barometers
9213,20,barometer,50,,barometers
8434,20,barometer,50,,"barometers,"
3518,20,barometer,50,,"barmometers,"
2690,20,"barometer, marine",58,,"marine barometers,"
7117,20,barometer,50,,"barometers,"
895,20,barometer,50,,barometers
7738,20,barometer,50,,barometer
6318,20,"barometer, marine",58,,barometers (marine)
2259,20,barometer,50,,"barometer,"
8221,20,barometer,50,,"barometer,"
5966,20,barometer,50,,"barometers,"
5161,20,barometer,50,,"barometer,"
8891,20,chronometer,121,,chronometers
5722,20,barometer,50,,"barometers,"
5090,20,barometer,50,,"barometers,"
4244,20,barometer,50,,"barometers,"
9263,20,barometer,50,,"barometers,"
9263,20,"barometer, aneroid",51,,aneriod barometers
9263,20,"barometer, Fitzroy",56,,"Frizroy barometers,"
4110,20,barometer,50,,barometer
9266,20,barometer,50,,"barometers,"
2044,20,barometer,50,,"barometers,"
4154,20,barometer,50,,"barometers,"
5906,20,barometer,50,,"barometers,"
5338,20,barometer,50,,"barometers,"
5961,20,barometer,50,,barometers
5977,20,barometer,50,,barometers
8144,20,barometer,50,,barometers
440,20,barometer,50,,barometers
5577,20,barometer,50,,barometers
5284,20,barometer,50,,"barometres,"
5102,20,barometer,50,,"barometers,"
7275,20,barometer,50,,"barometers,"
4219,20,barometer,50,,"barometers,"
9365,20,barometer,50,,"barometers,"
7490,20,barometer,50,,"barometers,"
9366,20,barometer,50,,"barometers,"
915,20,barometer,50,,"barometers,"
5958,20,barometer,50,,"barometers,"
4254,20,"barometer, aneroid",51,,"aneroid barometers,"
446,20,"barometer, aneroid",51,,"aneroid barometers,"
460,20,barometer,50,,barometers
5072,20,barometer,50,,barometers
9387,20,barometer,50,,BAROMETER
4464,20,barometer,50,,barometers
5032,20,barometer,50,,"barometers,"
5798,20,barometer,50,,"barometers,"
4278,20,barometer,50,,"barometers,"
5077,20,barometer,50,,"barometers,"
5222,20,barometer,50,,"barometers,"
9496,20,barometer,50,,"barometers,"
6717,20,barometer,50,,"barometers,"
6717,20,"barometer, aneroid",51,,"aneroid barometers,"
5679,20,barometer,50,,"barometers,"
9515,20,barometer,50,,"barometers,"
7152,20,barometer,50,,"barometers,"
9538,20,barometer,50,,"barometers,"
8067,20,barometer,50,,"barometers,"
9590,20,barometer,50,,"barometers,"
4287,20,"barometer, Fitzroy",56,,"Fitzroy barometers,"
4287,20,"barometer, watch aneroid",64,,"watch aneroid barometers,"
9655,20,barometer,50,,"barometer,"
662,20,barometer,50,,"barometers,"
7909,20,barometer,50,,barometer
8279,20,barometer,50,,barometers
4280,20,"barometer, aneroid",51,,"aneroid barmometers,"
9713,20,barometer,50,,"barometers,"
9745,20,barometer,50,,barometers
9748,20,barometer,50,,"barometers,"
9750,20,barometer,50,,"barometers,"
6789,20,barometer,50,,"barometers,"
9759,20,barometer,50,,"barometers,"
9760,20,barometer,50,,"barometers,"
9760,20,"barometer, aneroid",51,,"aneroid barometers,"
7819,20,barometer,50,,"barometers,"
9761,20,barometer,50,,barometers
9762,20,barometer,50,,barometers
3230,20,barometer,50,,"barometers,"
2856,20,barometer,50,,"barometers,"
5574,20,barometer,50,,"barometers,"
5316,20,barometer,50,,barometers
7119,20,barometer,50,,barometers
4554,20,"barometer, aneroid",51,,"aneroid barometers,"
5219,20,barometer,50,,barometers
4283,20,"barometer, aneroid",51,,"aneroid barometers,"
4283,20,sympiesometer,700,,"sympiesometers,"
678,20,barometer,50,,"barometers,"
9933,20,"barometer, marine",58,,marine barometers
2821,20,barometer,50,,"barometers,"
6910,20,barometer,50,,"barometers,"
8169,20,barometer,50,,"barometers,"
6095,20,barometer,50,,"barometers,"
6127,20,"barometer, aneroid",51,,"aneroid barometers,"
6127,20,"barometer, pocket",61,,"pocket barometers,"
6568,20,"barometer, aneroid",51,,"aneroid barometers,"
10239,20,barometer,50,,"barometers,"
10240,20,"barometer, aneroid",51,,"aneroid barometers,"
10240,20,barometer,50,,"barometers,"
6607,20,barometer,50,,"barometers,"
7517,20,"barometer, aneroid",51,,"aneroid barometers,"
10269,20,barometer,50,,"barometers,"
10270,20,barometer,50,,"barometers,"
7313,20,barometer,50,,"barometers,"
7987,20,barometer,50,,"barometers,"
10221,20,"barometer, aneroid",51,,"aneroid barometers,"
10221,20,barometer,50,,"barometers,"
7841,20,"barometer, aneroid",51,,"aneroid barometers,"
8232,20,barometer,50,,"barometers,"
5579,20,barometer,50,,"barometers,"
7419,20,barometer,50,,"barometers,"
4434,20,barometer,50,,"barometers,"
6963,20,barometer,50,,"barometers,"
6963,20,"barometer, aneroid",51,,"aneroid barometers,"
10369,20,barometer,50,,"barometers,"
10371,20,"barometer, aneroid",51,,"aneroid barometers,"
10371,20,barometer,50,,"barometers,"
6551,20,barometer,50,,"barometers,"
6607,20,"barometer, aneroid",51,,"aneroid barometers,"
2093,20,"barometer, aneroid",51,,"aneroid barometers,"
10372,20,barometer,50,,"barometers,"
7904,20,"barometer, aneroid",51,,"aneroid barometers,"
6597,20,barometer,50,,"barometers,"
7325,20,barometer,50,,"barometers,"
10404,20,barometer,50,,"barometers,"
10405,20,barometer,50,,"barometers,"
10406,20,barometer,50,,"barometers,"
10407,20,"barometer, aneroid",51,,"aneroid barometers,"
10407,20,barometer,50,,"barometers,"
10409,20,barometer,50,,"barometers,"
10410,20,barometer,50,,"barometers,"
6979,20,"barometer, aneroid",51,,"aneroid barometers,"
10429,20,barometer,50,,"barometers,"
6379,20,barometer,50,,"barometers,"
6470,20,"barometer, aneroid",51,,"aneroid barometers,"
10438,20,barometer,50,,"barometers,"
2632,20,barometer,50,,"barometers,"
6364,20,barometer,50,,"barometers,"
6377,20,barometer,50,,"barometers,"
3493,20,barometer,50,,"barometers,"
8131,20,barometer,50,,barometers
10476,20,barometer,50,,"barometers,"
7409,20,"barometer, aneroid",51,,"aneroid barometers,"
7585,20,barometer,50,,"barometers,"
188,20,barometer,50,,"barometers,"
188,20,"barometer, aneroid",51,,"aneroid barometers,"
7024,20,barometer,50,,"barometers,"
8769,20,barometer,50,,barometers
8772,20,barometer,50,,barometers
8773,20,barometer,50,,barometers
439,20,barometer,50,,"barometers,"
8780,20,barometer,50,,barometers
8790,20,barometer,50,,barometers
3050,20,"barometer, aneroid",51,,"aneroid barometers,"
10549,20,barometer,50,,"barometers,"
8624,20,barometer,50,,"barometers,"
4884,20,barometer,50,,"barometers,"
7152,20,"barometer, aneroid",51,,"aneroid barometers,"
4259,20,barometer,50,,"barometers,"
7596,20,barometer,50,,"barometers,"
196,22,calculating machine,84,,calculating machine
4410,22,calculating machine,84,,calculating machine
103,23,callipers,90,,"callipers,"
424,23,callipers,90,,callipers
762,24,camera lucida,102,,"camera lucida,"
4285,24,camera lucida,102,,"camera lucida,"
2880,24,camera lucida,102,,"camera lucida,"
3757,24,chronometer,121,,"chronometer,"
3518,24,camera lucida,102,,"camera lucida,"
2093,24,camera lucida,102,,"camera lucida,"
946,24,camera lucida,102,,camera lucida
7716,24,camera lucida,102,,"camera lucida,"
550,25,camera obscura,104,,"camera obscura,"
551,25,camera obscura,104,,"camera obscura,"
568,25,camera obscura,104,,"camera obscura,"
621,25,camera obscura,104,,"camera obscura,"
661,25,camera obscura,104,,"camera obscura,"
696,25,camera obscura,104,,"camera obscura,"
714,25,camera obscura,104,,"camera obscura,"
722,25,camera obscura,104,,"camera obscura,"
738,25,camera obscura,104,,"camera obscura,"
226,25,camera obscura,104,,"camera obscura,"
272,25,camera obscura,104,,"camera obscura,"
273,25,camera obscura,104,,"camera obscura,"
275,25,camera obscura,104,,"camera obscura,"
5,25,camera obscura,104,,"camera obscura,"
21,25,camera obscura,104,,"camera obscura,"
29,25,camera obscura,104,,"camera obscura,"
164,25,camera obscura,104,,"camera obscura,"
166,25,camera obscura,104,,"camera obscura,"
182,25,camera obscura,104,,"camera obscura,"
332,25,camera obscura,104,,"camera obscura,"
347,25,camera obscura,104,,"camera obscura,"
359,25,camera obscura,104,,"camera obscura,"
426,25,camera obscura,104,,"camera obscura,"
438,25,camera obscura,104,,"camera obscura,"
490,25,camera obscura,104,,"camera obscura,"
541,25,camera obscura,104,,"camera obscura,"
547,25,camera obscura,104,,"camera obscura,"
762,25,camera obscura,104,,"camera obscura,"
770,25,camera obscura,104,,"camera obscura,"
1364,25,camera obscura,104,,"camera obscura,"
1945,25,camera obscura,104,,"camera obscura,"
1946,25,camera obscura,104,,"camera obscura,"
2076,25,camera obscura,104,,"camera obscura,"
2814,25,camera obscura,104,,"camera obscura,"
3517,25,camera obscura,104,,"camera obscura,"
4535,25,camera obscura,104,,"camera obscura,"
1718,25,camera obscura,104,,"camera obscura,"
424,25,camera obscura,104,,camera obscura
439,25,camera obscura,104,,"camera obscura,"
556,26,chronometer,121,,chronometer
557,26,chronometer,121,,chronometer
8697,26,chronometer,121,,chronometers
5265,26,chronometer,121,,chronometers
403,26,chronometer,121,,"chronometers,"
1068,26,chronometer,121,,chronometer
1496,26,chronometer,121,,chronometer
1515,26,chronometer,121,,chronometer
1517,26,chronometer,121,,chronometer
1523,26,chronometer,121,,"chronometer,"
1716,26,chronometer,121,,"chronometer,"
2000,26,chronometer,121,,"chronometer,"
2115,26,chronometer,121,,chronometer
2201,26,chronometer,121,,"chronometers,"
2663,26,chronometer,121,,chronometer
2665,26,chronometer,121,,chronometer
2666,26,chronometer,121,,chronometer
2677,26,chronometer,121,,chronometer
2761,26,chronometer,121,,chronometer
2803,26,chronometer,121,,chronometer
2828,26,chronometer,121,,chronometer
2841,26,chronometer,121,,"chronometer,"
2876,26,chronometer,121,,chronometer
2877,26,chronometer,121,,chronometers
2929,26,chronometer,121,,chronometer
2936,26,chronometer,121,,chronometer
2939,26,chronometer,121,,chronometer
2969,26,chronometer,121,,chronometer
2977,26,chronometer,121,,chronometer
2981,26,chronometer,121,,chronometer
3022,26,chronometer,121,,chronometer
3032,26,chronometer,121,,chronometers
3033,26,chronometer,121,,chronometer
3104,26,chronometer,121,,chronometer
3105,26,chronometer,121,,chronometers
3150,26,chronometer,121,,chronometer
3257,26,chronometer,121,,chronometer
3286,26,chronometer,121,,chronometer
3287,26,chronometer,121,,chronometer
3301,26,chronometer,121,,chronometer
3311,26,chronometer,121,,chronometer
3312,26,chronometer,121,,chronometer
3322,26,chronometer,121,,chronometer
3328,26,chronometer,121,,chronometers
3331,26,chronometer,121,,chronometer
3335,26,chronometer,121,,chronometer
3340,26,chronometer,121,,chronometer
3611,26,chronometer,121,,chronometer
3638,26,chronometer,121,,chronometer
3640,26,chronometer,121,,chronometer
3681,26,chronometer,121,,"chronometer,"
3718,26,chronometer,121,,chronometers
4012,26,chronometer,121,,chronometer
4064,26,chronometer,121,,chronometer
4065,26,chronometer,121,,chronometer
4094,26,chronometer,121,,chronometer
4105,26,chronometer,121,,chronometer
4250,26,chronometer,121,,chronometer
4452,26,chronometer,121,,chronometer
4518,26,chronometer,121,,chronometer
4520,26,chronometer,121,,chronometer
4531,26,chronometer,121,,chronometer
4546,26,chronometer,121,,chronometer
4663,26,chronometer,121,,chronometer
4665,26,chronometer,121,,chronometers
4686,26,chronometer,121,,"chronometer,"
4701,26,chronometer,121,,"chronometer,"
4747,26,chronometer,121,,chronometer
4748,26,chronometer,121,,chronometer
4749,26,chronometer,121,,chronometers
4777,26,chronometer,121,,chronometer
4781,26,chronometer,121,,chronometer
4798,26,chronometer,121,,chronometer
4807,26,chronometer,121,,chronometer
4849,26,chronometer,121,,chronometer
4854,26,chronometer,121,,chronometer
4923,26,chronometer,121,,chronometers
4952,26,chronometer,121,,chronometer
5055,26,chronometer,121,,chronometers
5073,26,chronometer,121,,"chronometer,"
5083,26,chronometer,121,,"chronometer,"
5180,26,chronometer,121,,chronometer
5206,26,chronometer,121,,chronometer
5690,26,chronometer,121,,chronometer
5699,26,chronometer,121,,"chronometer,"
5788,26,chronometer,121,,chronometer
5869,26,chronometer,121,,"chronometer,"
6053,26,chronometer,121,,chronometer
6213,26,chronometer,121,,chronometers
6359,26,chronometer,121,,"chrometers,"
6513,26,chronometer,121,,chronometer
6583,26,chronometer,121,,chronometer
6594,26,chronometer,121,,chronometer
6647,26,chronometer,121,,chronometers
6662,26,chronometer,121,,chronometers
6795,26,chronometer,121,,"chronometer,"
6799,26,chronometer,121,,chronometer
6860,26,chronometer,121,,chronometers
6904,26,chronometer,121,,chronometer
6979,26,chronometer,121,,"chronometers,"
6993,26,chronometer,121,,chronometers
7032,26,chronometer,121,,"chronometers,"
7035,26,chronometer,121,,chronometer
7070,26,chronometer,121,,chronometers
7073,26,chronometer,121,,chronometer
7102,26,chronometer,121,,chronometers
7155,26,chronometer,121,,chronometer
7156,26,chronometer,121,,chronometer
7166,26,"clock, marine",139,,"marine clocks,"
7253,26,chronometer,121,,chronometer
7269,26,chronometer,121,,chronometers
7271,26,chronometer,121,,chronometer
7311,26,chronometer,121,,chronometers
7314,26,chronometer,121,,chronometers
7332,26,chronometer,121,,chronometers
7360,26,chronometer,121,,chronometer
7368,26,chronometer,121,,"chronometers,"
7388,26,chronometer,121,,"chronometers,"
7389,26,chronometer,121,,chronometers
7412,26,chronometer,121,,chronometer
7536,26,chronometer,121,,chronometers
7537,26,chronometer,121,,chronometers
7538,26,chronometer,121,,chronometers
7539,26,chronometer,121,,chronometer
7540,26,chronometer,121,,chronometers
7541,26,chronometer,121,,chronometers
7543,26,chronometer,121,,chronometers
7662,26,chronometer,121,,chronometers
7665,26,chronometer,121,,chronometer
7671,26,chronometer,121,,chronometers
7672,26,chronometer,121,,"chronometers,"
7724,26,chronometer,121,,"chronometer,"
7746,26,chronometer,121,,chronometer
7747,26,chronometer,121,,chronometers
7768,26,chronometer,121,,chronometers
7769,26,chronometer,121,,chronometer
7790,26,chronometer,121,,"chronometers,"
7795,26,chronometer,121,,chronometers
7899,26,chronometer,121,,"chronometers,"
7963,26,chronometer,121,,chronometers
8091,26,chronometer,121,,chronometer
8098,26,chronometer,121,,chronometers
8116,26,chronometer,121,,chronometer
8129,26,chronometer,121,,chronometers
8152,26,chronometer,121,,chronometer
8164,26,chronometer,121,,chronometers
8177,26,chronometer,121,,chronometers
8206,26,chronometer,121,,chronometer
8207,26,chronometer,121,,chronometers
8406,26,chronometer,121,,chronometers
5711,26,chronometer,121,,chronometers
8803,26,chronometer,121,,chronometers
4465,26,chronometer,121,,chronometers
4066,26,chronometer,121,,choronmeters
9969,26,chronometer,121,,chronometers
9970,26,chronometer,121,,chronometers
9971,26,chronometer,121,,chronometers
9972,26,chronometer,121,,chronometers
9973,26,chronometer,121,,chronometers
9975,26,chronometer,121,,chronometers
9977,26,chronometer,121,,chronometers
5085,26,chronometer,121,,chronometers
9978,26,chronometer,121,,chronometers
4872,26,chronometer,121,,chronometers
9986,26,chronometer,121,,chronometers
935,26,chronometer,121,,"chronometers,"
3636,26,chronometer,121,,chronometers
2793,26,chronometer,121,,chronometers
5061,26,chronometer,121,,chronometers
10019,26,chronometer,121,,chronometers
5870,26,chronometer,121,,chronometers
5060,26,chronometer,121,,chronometers
765,26,chronometer,121,,chronometers
10067,26,chronometer,121,,chronometers
10068,26,chronometer,121,,chronometers
10069,26,chronometer,121,,chronometers
10072,26,chronometer,121,,chronometers
3026,26,chronometer,121,,chronometers
8962,26,chronometer,121,,chronometers
10109,26,chronometer,121,,chronometers
10110,26,chronometer,121,,chronometers
10111,26,chronometer,121,,chronometers
10112,26,chronometer,121,,chronometers
10113,26,chronometer,121,,chronometers
10114,26,chronometer,121,,chronometers
10115,26,chronometer,121,,chronometers
9222,26,chronometer,121,,chronometers
10119,26,chronometer,121,,chronometers
10137,26,chronometer,121,,chronometers
8919,26,chronometer,121,,chronometers
10138,26,chronometer,121,,chronometers
10139,26,chronometer,121,,chronometers
10140,26,chronometer,121,,chronometers
10141,26,chronometer,121,,chronometers
10143,26,chronometer,121,,chronometers
10144,26,chronometer,121,,chronometers
10145,26,chronometer,121,,chronometers
10146,26,chronometer,121,,chronometers
10161,26,chronometer,121,,chronometers
10163,26,chronometer,121,,chronometers
10166,26,chronometer,121,,chronometers
10167,26,chronometer,121,,chronometers
10172,26,chronometer,121,,chronometers
10173,26,chronometer,121,,chronometers
8858,26,chronometer,121,,chronometers
10174,26,chronometer,121,,chronometers
10175,26,chronometer,121,,chronometers
10201,26,chronometer,121,,chronometers
10202,26,chronometer,121,,chronometers
10203,26,chronometer,121,,chronometers
10204,26,chronometer,121,,chronometers
9303,26,chronometer,121,,chronometers
10205,26,chronometer,121,,chronometers
10206,26,chronometer,121,,chronometers
8811,26,chronometer,121,,"chronometer,"
8846,26,chronometer,121,,chronometer
8847,26,chronometer,121,,chronometers
5865,26,chronometer,121,,"chronometer,"
8881,26,chronometer,121,,chorometers
8883,26,chronometer,121,,chronometers
6999,26,chronometer,121,,"chronometers,"
5158,26,chronometer,121,,chronometer
5267,26,chronometer,121,,chronometers
5266,26,chronometer,121,,chronometers
4824,26,chronometer,121,,chronometers
8918,26,chronometer,121,,chronometers
8924,26,chronometer,121,,chrono
5121,26,"chronometer, pocket",123,,"pocket chronometers,"
5121,26,"chronometer, marine",122,,marine chronometers
4975,26,chronometer,121,,chronometers
6760,26,chronometer,121,,chronometers
8994,26,chronometer,121,,chronometers
3645,26,chronometer,121,,chronometers
9032,26,chronometer,121,,chronometers
9080,26,chronometer,121,,"chronometers,"
9056,26,chronometer,121,,chronometers
9096,26,chronometer,121,,chronometers
9098,26,chronometer,121,,chronometers
9099,26,chronometer,121,,chorometers
6802,26,chronometer,121,,chronometers
7316,26,chronometer,121,,"chronometers,"
5681,26,chronometer,121,,chronometers
4913,26,chronometer,121,,chronometers
9106,26,chronometer,121,,chronometer
9122,26,chronometer,121,,chronometers
9123,26,chronometer,121,,chronometers
9132,26,chronometer,121,,chronometers
3646,26,chronometer,121,,chronometers
9136,26,chronometer,121,,chronometers
9139,26,chronometer,121,,chronometers
5656,26,chronometer,121,,chronometers
4249,26,chronometer,121,,chronometers
9141,26,chronometer,121,,chronometers
9142,26,chronometer,121,,chronometers
4956,26,chronometer,121,,chronometers
4016,26,chronometer,121,,chronometers
5477,26,chronometer,121,,chronometers
3717,26,chronometer,121,,"chronometers,"
4644,26,chronometer,121,,chrometers
5826,26,chronometer,121,,chronometers
7745,26,chronometer,121,,chronometers
529,26,chronometer,121,,chronometers
9153,26,chronometer,121,,chronometers
9154,26,chronometer,121,,chronometers
5122,26,chronometer,121,,chronometers
6024,26,chronometer,121,,chronometers
9158,26,chronometer,121,,chronometers
9159,26,chronometer,121,,chronometers
786,26,chronometer,121,,chronometers
5794,26,chronometer,121,,chronometers
9177,26,chronometer,121,,chronometers
9179,26,chronometer,121,,chronometers
9180,26,chronometer,121,,chronometers
9181,26,chronometer,121,,chronometers
9182,26,chronometer,121,,chronometers
9183,26,chronometer,121,,chronometers
5317,26,chronometer,121,,chronometers
9185,26,chronometer,121,,"chronometer,"
6362,26,chronometer,121,,chronometers
3595,26,chronometer,121,,"chronometers,"
9223,26,chronometer,121,,chronometers
9224,26,chronometer,121,,chronometers
9229,26,chronometer,121,,chronometers
5120,26,chronometer,121,,chorometers
6913,26,chronometer,121,,"chronometers,"
9304,26,chronometer,121,,chronometers
5242,26,chronometer,121,,chronometers
2993,26,chronometer,121,,"chronometers,"
2992,26,chronometer,121,,chronometers
5201,26,chronometer,121,,"chronometers,"
4458,26,chronometer,121,,"chronometers,"
6995,26,chronometer,121,,"chronometers,"
6318,26,chronometer,121,,"chronometers,"
4995,26,chronometer,121,,chronometers
4996,26,chronometer,121,,chronometers
9234,26,chronometer,121,,chronometer
9235,26,chronometer,121,,chronometers
9236,26,chronometer,121,,chronometers
9237,26,chronometer,121,,chronometers
4994,26,chronometer,121,,"chronometers,"
9239,26,chronometer,121,,chronometers
9240,26,chronometer,121,,chronometers
9242,26,chronometer,121,,chronometers
9243,26,chronometer,121,,chronometers
9244,26,chronometer,121,,chronometers
9245,26,chronometer,121,,chronometers
5709,26,chronometer,121,,chronometers
9246,26,chronometer,121,,chronometers
9247,26,chronometer,121,,chronometers
5874,26,chronometer,121,,chronometers
9249,26,chronometer,121,,chronometers
9250,26,chronometer,121,,chronometers
9149,26,chronometer,121,,chronometers
9251,26,chronometer,121,,chronometers
9252,26,chronometer,121,,chronometers
9253,26,chronometer,121,,chronometers
9254,26,chronometer,121,,chronometers
9255,26,chronometer,121,,chronometers
9256,26,chronometer,121,,chronometers
9257,26,chronometer,121,,chronometers
9258,26,chronometer,121,,choronmeters
9259,26,chronometer,121,,chronometers
9260,26,chronometer,121,,chronometers
9261,26,chronometer,121,,chronometers
4635,26,chronometer,121,,chronometer
5090,26,chronometer,121,,"chronometers,"
5058,26,chronometer,121,,chronometers
6012,26,chronometer,121,,chronometers
9275,26,chronometer,121,,chronometers
4840,26,chronometer,121,,chronometers
5130,26,chronometer,121,,chronometers
9276,26,chronometer,121,,chronometers
9296,26,chronometer,121,,chronometers
5059,26,chronometer,121,,chronometers
9297,26,chronometer,121,,chronometers
5118,26,chronometer,121,,chorometers
5124,26,chronometer,121,,chronometers
5125,26,chronometer,121,,chronometers
5128,26,chronometer,121,,chronometers
5291,26,chronometer,121,,chronometers
5318,26,chronometer,121,,chorometers
9299,26,chronometer,121,,chronometers
5098,26,chronometer,121,,chronometers
5106,26,chronometer,121,,chronometers
9362,26,chronometer,121,,chronometers
5145,26,chronometer,121,,chronometers
5181,26,chronometer,121,,chronometers
3413,26,chronometer,121,,chronometers
5544,26,chronometer,121,,chronometers
5440,26,chronometer,121,,chronometers
9363,26,chronometer,121,,chronometers
5306,26,chronometer,121,,chronometers
5449,26,chronometer,121,,chronometers
5450,26,chronometer,121,,chronometers
9367,26,chronometer,121,,chronometers
6164,26,chronometer,121,,"chronometers,"
8880,26,chronometer,121,,"chronometers,"
9442,26,chronometer,121,,shronometers
4628,26,chronometer,121,,chronometers
9443,26,chronometer,121,,chronometers
3295,26,chronometer,121,,chronometers
9444,26,chronometer,121,,chronometers
9446,26,chronometer,121,,chronometers
9447,26,chronometer,121,,chronometers
9448,26,chronometer,121,,chronometers
9449,26,chronometer,121,,chronometers
5795,26,chronometer,121,,chronometers
9458,26,chronometer,121,,chronometers
9459,26,chronometer,121,,chronometers
9460,26,chronometer,121,,chronometers
9462,26,chronometer,121,,chronometers
9480,26,chronometer,121,,chronometers
9482,26,chronometer,121,,chronometers
5126,26,chronometer,121,,chronometers
9483,26,chronometer,121,,chronometers
9485,26,chronometer,121,,chronometers
9486,26,chronometer,121,,chronometers
9488,26,chronometer,121,,chronometers
9490,26,chronometer,121,,chronometers
9491,26,chronometer,121,,chronometers
9492,26,chronometer,121,,chronometers
9493,26,chronometer,121,,chronometers
9494,26,chronometer,121,,chronometers
9495,26,chronometer,121,,chronometers
9497,26,chronometer,121,,chronometers
9498,26,chronometer,121,,chronometers
9499,26,chronometer,121,,chronometers
9501,26,chronometer,121,,chronometers
9127,26,chronometer,121,,chronometers
9502,26,chronometer,121,,chronometers
9503,26,chronometer,121,,chronometers
9511,26,chronometer,121,,chronometers
9513,26,chronometer,121,,chronometers
9514,26,chronometer,121,,chronometers
9516,26,chronometer,121,,chronometers
9549,26,chronometer,121,,chronometers
9551,26,chronometer,121,,chronometers
9553,26,chronometer,121,,chronometers
9554,26,chronometer,121,,chronometers
9555,26,chronometer,121,,chronometers
9558,26,chronometer,121,,chronometers
5144,26,chronometer,121,,chronometers
9559,26,chronometer,121,,chronometers
9561,26,chronometer,121,,chronometers
9562,26,chronometer,121,,chronometers
1995,26,chronometer,121,,chronometers
9580,26,chronometer,121,,chronometers
9585,26,chronometer,121,,chronometers
9588,26,chronometer,121,,chronometers
9589,26,chronometer,121,,chronometers
9603,26,chronometer,121,,chronometers
9607,26,chronometer,121,,chronometers
9611,26,chronometer,121,,chronometers
9624,26,chronometer,121,,chronometers
9626,26,chronometer,121,,chronometers
9628,26,chronometer,121,,chronometers
9629,26,chronometer,121,,chronometers
9630,26,chronometer,121,,chronometers
9631,26,chronometer,121,,chronometers
9632,26,chronometer,121,,chronometers
9633,26,chronometer,121,,chronometers
9635,26,chronometer,121,,chronometers
9637,26,chronometer,121,,chronometers
9638,26,chronometer,121,,chronometers
9639,26,chronometer,121,,chronometers
9640,26,chronometer,121,,chronometers
9641,26,chronometer,121,,chronometers
9644,26,chronometer,121,,chronometers
9645,26,chronometer,121,,chronometers
9646,26,chronometer,121,,chronometers
9647,26,chronometer,121,,chronometers
9649,26,chronometer,121,,chronometers
9650,26,chronometer,121,,chronometers
9651,26,chronometer,121,,chronometers
9652,26,chronometer,121,,chronometers
9653,26,chronometer,121,,chronometers
9656,26,chronometer,121,,chronometers
9658,26,chronometer,121,,chronometers
9679,26,chronometer,121,,chronometers
9680,26,chronometer,121,,chronometers
6571,26,chronometer,121,,chronometers
9682,26,chronometer,121,,chronometers
9700,26,chronometer,121,,chronometers
9701,26,chronometer,121,,chronometers
5247,26,chronometer,121,,chronometers
9703,26,chronometer,121,,chronometers
9704,26,chronometer,121,,chronometers
9705,26,chronometer,121,,chronometers
9706,26,chronometer,121,,chronometers
9734,26,chronometer,121,,chronometers
9735,26,chronometer,121,,chronometers
9736,26,chronometer,121,,chronometers
9737,26,chronometer,121,,chronometers
9738,26,chronometer,121,,chronometers
6922,26,chronometer,121,,chronometers
9739,26,chronometer,121,,chronometers
9740,26,chronometer,121,,chronometers
9741,26,chronometer,121,,chronometers
9742,26,chronometer,121,,chronometers
9744,26,chronometer,121,,chronometers
9751,26,chronometer,121,,chronometers
9752,26,chronometer,121,,chronometers
9753,26,chronometer,121,,chronometers
6589,26,chronometer,121,,"chronometers,"
5536,26,chronometer,121,,"chronometers,"
9776,26,chronometer,121,,chronometers
9778,26,chronometer,121,,chronometers
9779,26,chronometer,121,,chronometers
5078,26,chronometer,121,,chronometers
9780,26,chronometer,121,,chronometers
9781,26,chronometer,121,,chronometers
9782,26,chronometer,121,,chronometers
9783,26,chronometer,121,,chronometers
9791,26,chronometer,121,,chronometers
9798,26,chronometer,121,,chronometers
9802,26,chronometer,121,,chronometers
9803,26,chronometer,121,,chronometers
9805,26,chronometer,121,,chronometers
9810,26,chronometer,121,,chronometers
9818,26,chronometer,121,,chronometers
9821,26,chronometer,121,,chronometers
9824,26,chronometer,121,,chronometers
9825,26,chronometer,121,,chronometers
9826,26,chronometer,121,,chronometers
9827,26,chronometer,121,,chronometers
5115,26,chronometer,121,,chronometers
5237,26,chronometer,121,,chronometers
5804,26,chronometer,121,,"chronometers,"
5086,26,chronometer,121,,chronometers
9837,26,chronometer,121,,chronometers
9839,26,chronometer,121,,chronometers
7855,26,chronometer,121,,chronometers
9842,26,chronometer,121,,chronometers
9844,26,chronometer,121,,chronometers
6308,26,chronometer,121,,chronometers
9856,26,chronometer,121,,chronometers
9857,26,chronometer,121,,chronometers
9858,26,chronometer,121,,chronometers
9860,26,chronometer,121,,chronometers
9862,26,chronometer,121,,chronometers
9866,26,chronometer,121,,chronometers
9873,26,chronometer,121,,chronometers
9877,26,chronometer,121,,chronometers
9885,26,chronometer,121,,chronometers
9889,26,chronometer,121,,chronometers
9907,26,chronometer,121,,chronometers
9908,26,chronometer,121,,chronometers
9909,26,chronometer,121,,chronometers
9910,26,chronometer,121,,chronometers
9911,26,chronometer,121,,chronometers
9914,26,chronometer,121,,chronometers
9915,26,chronometer,121,,chronometers
9606,26,chronometer,121,,chronometers
9926,26,chronometer,121,,chronometers
8169,26,chronometer,121,,"chronometers,"
9950,26,chronometer,121,,chronometers
9951,26,chronometer,121,,chronometers
9952,26,chronometer,121,,chronometers
7357,26,chronometer,121,,chronometers
9953,26,chronometer,121,,chronometers
9954,26,chronometer,121,,chronometers
2116,26,chronometer,121,,chronometers
4226,26,chronometer,121,,chronometers
10241,26,chronometer,121,,chronometers
10242,26,chronometer,121,,chronometers
10243,26,chronometer,121,,chronometers
10245,26,chronometer,121,,chronometers
10246,26,chronometer,121,,chronometers
6219,26,chronometer,121,,chronometers
8605,26,chronometer,121,,chronometers
10274,26,chronometer,121,,chronometers
7638,26,chronometer,121,,chronometers
10275,26,chronometer,121,,chronometers
10297,26,chronometer,121,,chronometers
10299,26,chronometer,121,,chronometers
10301,26,chronometer,121,,chronometers
10303,26,chronometer,121,,chronometers
10304,26,chronometer,121,,chronometers
9985,26,chronometer,121,,chronometers
10308,26,chronometer,121,,chronometers
10333,26,chronometer,121,,chronometer
10334,26,chronometer,121,,chronometers
10335,26,chronometer,121,,chronometers
10336,26,chronometer,121,,chronometers
10337,26,chronometer,121,,chronometers
10378,26,chronometer,121,,chronometers
10379,26,chronometer,121,,chronometers
10408,26,chronometer,121,,chronometers
10411,26,chronometer,121,,chronometers
10412,26,chronometer,121,,chronometers
10413,26,chronometer,121,,chronometers
10414,26,chronometer,121,,chronometers
7683,26,chronometer,121,,"chronometers,"
10429,26,chronometer,121,,"chronometers,"
10440,26,chronometer,121,,"chronometers,"
10478,26,chronometer,121,,chronometers
10485,26,chronometer,121,,chronometers
9125,26,chronometer,121,,"chronometers,"
10511,26,chronometer,121,,chronometers
10513,26,chronometer,121,,chronometers
10514,26,chronometer,121,,chronometers
4114,26,chronometer,121,,chronometers
8736,26,chronometer,121,,chronometers
8737,26,chronometer,121,,chronometers
8738,26,chronometer,121,,chronometers
8739,26,chronometer,121,,chronometers
8740,26,chronometer,121,,chronometers
4968,26,chronometer,121,,chronometers
8744,26,chronometer,121,,chronometers
5053,26,chronometer,121,,chronometers
5054,26,chronometer,121,,chronometers
5057,26,chronometer,121,,chronometers
4656,26,chronometer,121,,chronometers
8775,26,chronometer,121,,chronometers
5163,26,chronometer,121,,chronometers
5333,26,chronometer,121,,chronometers
5655,26,chronometer,121,,chronometers
5691,26,chronometer,121,,chronometers
10556,26,chronometer,121,,chronometers
10557,26,chronometer,121,,chronometers
10558,26,chronometer,121,,chronometers
8209,26,chronometer,121,,"chronometers,"
551,27,circumferentor,133,,"circumferentor,"
568,27,circumferentor,133,,"circumferentor,"
696,27,circumferentor,133,,"circumferentor,"
714,27,circumferentor,133,,"circumferentor,"
738,27,circumferentor,133,,"circumferentor,"
279,27,circumferentor,133,,"circumferentor,"
29,27,circumferentor,133,,"circumferentor,"
155,27,circumferentor,133,,"circumferentor,"
166,27,circumferentor,133,,"circumferentor,"
182,27,circumferentor,133,,"circumferentor,"
347,27,circumferentor,133,,"circumferentor,"
359,27,circumferentor,133,,"circumferentor,"
426,27,circumferentor,133,,"circumferentor,"
547,27,circumferentor,133,,"circumferentor,"
770,27,circumferentor,133,,"circumferentor,"
1364,27,circumferentor,133,,"circumferentor,"
1945,27,circumferentor,133,,"circumferentor,"
2076,27,circumferentor,133,,"circumferentor,"
4285,27,circumferentor,133,,"circumferentor,"
7166,27,circumferentor,133,,"circumferentors,"
8262,27,circumferentor,133,,"circumferentors,"
550,27,circumferentor,133,,circumferentot
424,27,circumferentor,133,,"cicumferntors,"
4285,28,clinometer,135,,"clinometer,"
6189,28,barometer,50,,"barometers,"
7166,28,"level, Abney",371,,"abney level,"
7166,28,clinometer rule,137,,"clinometer rule,"
8890,28,chronometer,121,,chronometers
9091,28,clinometer,135,,"clinometers,"
4287,28,"clinometer, artillery",136,,"clinpmeters (artillery),"
9165,28,clinometer,135,,"clinometers,"
565,29,compass,152,,"compass,"
568,29,compass,152,,"compass,"
589,29,"compass, magnetic",163,,"compass (magnetic),"
595,29,compass,152,,"compass,"
638,29,compass,152,,"compass,"
641,29,compass,152,,"compasses,"
687,29,compass,152,,compass
696,29,compass,152,,"compass,"
709,29,compass,152,,"compass,"
714,29,compass,152,,"compass,"
724,29,"compass, magnetic",163,,"compass (magnetic),"
738,29,"compass, magnetic",163,,"compass (magnetic),"
29,29,"compass, magnetic",163,,"compass (magnetic),"
58,29,compass,152,,compass
70,29,compass,152,,"compass,"
74,29,"compass, magnetic",163,,"compass (magnetic),"
140,29,compass,152,,"compass,"
155,29,"compass, magnetic",163,,"compass (magnetic),"
164,29,compass,152,,"compass,"
166,29,compass,152,,"compass,"
182,29,compass,152,,"compass,"
285,29,compass,152,,"compass,"
341,29,compass,152,,"compass,"
347,29,compass,152,,"compass,"
359,29,compass,152,,"compass,"
388,29,"compass, magnetic",163,,compass (magnetic)
396,29,"compass, azimuth",155,,"compass, (Azimuth)"
421,29,compass,152,,"compass,"
426,29,"compass, magnetic",163,,"compass (magnetic),"
442,29,compass,152,,"compass,"
478,29,"compass, magnetic",163,,"compass (magnetic),"
490,29,compass,152,,"compass,"
547,29,compass,152,,"compass,"
756,29,compass,152,,"compass,"
757,29,"compass, magnetic",163,,"compass (magnetic),"
758,29,compass,152,,compass
768,29,"compass, magnetic",163,,"compass (magnetic),"
770,29,compass,152,,"compass,"
781,29,compass,152,,"compass,"
788,29,compass,152,,"compass,"
812,29,"compass, magnetic",163,,"compass (magnetic),"
828,29,compass,152,,"compass,"
998,29,"compass, magnetic",163,,"compass (magnetic),"
1015,29,"compass, mariner's",165,,compass matiners'
1052,29,compass,152,,compass
1065,29,compass,152,,"compasses,"
1094,29,compass,152,,"compass,"
1142,29,compass,152,,"compass,"
1212,29,compass,152,,"compass,"
1364,29,"compass, miner's",166,,"miners compass,"
1391,29,"compass, magnetic",163,,"compass (magnetic),"
1419,29,compass,152,,compass
1523,29,compass,152,,"compass,"
1568,29,compass,152,,"compass,"
1701,29,compass,152,,compass
1716,29,"compass, magnetic",163,,compass (magnetic)
1720,29,compass,152,,compass
1814,29,compass,152,,compass
1901,29,compass,152,,"compass,"
1921,29,compass,152,,compass
1945,29,compass,152,,"compass,"
1955,29,compass,152,,compass
1971,29,compass,152,,"compass,"
1972,29,"compass, magnetic",163,,compass (magnetic)
2000,29,"compass, magnetic",163,,"compass (magnetic),"
2022,29,compass,152,,compass
2029,29,"compass, magnetic",163,,"compass (magnetic),"
2048,29,"compass, magnetic",163,,"compass (magnetic),"
2170,29,compass,152,,"compass,"
2201,29,compass,152,,compass
2216,29,"compass, magnetic",163,,"compass (magnetic),"
2237,29,compass,152,,compass
2266,29,"compass, magnetic",163,,"compass (magnetic),"
2298,29,compass,152,,compass
2696,29,"compass, magnetic",163,,"compass (magnetic),"
2748,29,"compass, magnetic",163,,"compass (magnetic),"
2760,29,"compass, magnetic",163,,"compass (magnetic),"
2776,29,compass,152,,"compass,"
2800,29,compass,152,,compass
2801,29,compass,152,,compass
2814,29,compass,152,,"compass,"
2841,29,"compass, magnetic",163,,"compass (magnetic),"
2860,29,compass,152,,"compass,"
2902,29,compass,152,,"compass,"
2937,29,compass,152,,compass
2952,29,compass,152,,compass
2982,29,compass,152,,compass
3072,29,compass,152,,"compass,"
3074,29,compass,152,,compass
3075,29,compass,152,,"compass,"
3092,29,compass needle,176,,compass needles
3102,29,compass,152,,compass
3160,29,compass,152,,compass
3184,29,compass,152,,compass
3190,29,compass,152,,compass
3196,29,compass,152,,"compass,"
3318,29,compass,152,,compass
3396,29,compass,152,,compass
3405,29,"compass, magnetic",163,,"compass (magnetic),"
3406,29,"compass, magnetic",163,,"compass (magnetic),"
3593,29,compass,152,,compass
3603,29,compass,152,,compass
3680,29,compass,152,,"compass,"
3681,29,compass,152,,"compass,"
3687,29,compass,152,,"compass,"
3768,29,compass,152,,compass
3801,29,"compass, magnetic",163,,compass (magnetic)
3802,29,compass,152,,compass
3804,29,compass,152,,"compass,"
4038,29,compass,152,,compass
4164,29,compass,152,,"compass,"
4285,29,"compass, magnetic",163,,"compass (magnetic),"
4285,29,miner's dial,452,,"miners' dial,"
4314,29,"compass, magnetic",163,,"compass (magnetic),"
4523,29,"compass, magnetic",163,,"compass (magnetic),"
4592,29,"compass, magnetic",163,,"compass (magnetic),"
4826,29,"compass, magnetic",163,,"compass (magnetic),"
5010,29,"compass, magnetic",163,,"compass (magnetic),"
5018,29,"compass, magnetic",163,,compass (magnetic)
5083,29,"compass, magnetic",163,,"compass (magnetic),"
5129,29,"compass, magnetic",163,,"compass (magnetic),"
5158,29,"compass, magnetic",163,,"compass (magnetic),"
5630,29,"compass, magnetic",163,,"compasses (magnetic),"
5699,29,"compass, magnetic",163,,"compass (magnetic),"
5901,29,"compass, mariner's",165,,Mariner's compass
5912,29,"compass, magnetic",163,,"compass (magnetic),"
6077,29,compass,152,,"compass,"
6100,29,compass,152,,compass
6127,29,compass,152,,"compass,"
6221,29,compass,152,,"compass,"
6330,29,compass,152,,"compass,"
6351,29,compass,152,,compass
6413,29,compass,152,,compass
6432,29,compass,152,,compass
6543,29,compass,152,,"compasses,"
6589,29,compass,152,,compass
6590,29,compass,152,,compass
6659,29,compass,152,,"compass,"
6760,29,compass,152,,compass
6795,29,compass,152,,compass
6904,29,compass,152,,compass
6917,29,compass,152,,"compass,"
6954,29,compass,152,,compass
7166,29,"compass, magnetic",163,,"compasses (magnetic),"
7166,29,"compass, prismatic",169,,"prismatic compass,"
7282,29,compass,152,,"compasses,"
7368,29,compass,152,,"compass,"
7388,29,compass,152,,"compass,"
7466,29,compass,152,,compass
7467,29,compass,152,,compass
7475,29,compass,152,,compass
7477,29,compass,152,,compass
7672,29,compass,152,,"compasses,"
7674,29,compass,152,,compass
7684,29,compass,152,,compasses
7724,29,compass,152,,"compass,"
7726,29,compass,152,,"compass,"
7790,29,compass,152,,"compass,"
7791,29,compass,152,,compass
7814,29,compass,152,,compasses
7827,29,"compass, mariner's",165,,"marine compasses,"
7841,29,compass,152,,"compasses,"
7872,29,"compass, magnetic",163,,compass (magnetic)
7889,29,compass,152,,compass
7899,29,compass,152,,compass
8010,29,compass,152,,"compass,"
8110,29,compass needle,176,,"compass needles,"
8176,29,compass,152,,compass
8189,29,"compass, magnetic",163,,compass (magnetic)
8209,29,compass,152,,compass
8253,29,compass,152,,"compass,"
8262,29,compass,152,,"compasses,"
8262,29,"compass, miner's",166,,"miners compasses,"
79,29,compass,152,,compass
3718,29,"compass, magnetic",163,,compasses (magnetic)
7749,29,"compass, magnetic",163,,"compasses (magnetic),"
3218,29,"compass, magnetic",163,,compasses (magnetic)
2232,29,compass,152,,compass
6034,29,compass,152,,compass
6459,29,"compass, magnetic",163,,"compass (magnetic),"
2093,29,"compass, magnetic",163,,"compasses (magnetic),"
5143,29,compass,152,,compass
8811,29,compass,152,,"compass,"
8826,29,compass,152,,"compass,"
5865,29,compass,152,,compass
8860,29,compass,152,,"compasses,"
29,29,compass,152,,"compasses,"
6999,29,compass,152,,"compass,"
5647,29,compass,152,,compass
424,29,"compass, mariner's",165,,"marine compasses,"
424,29,"compass, azimuth",155,,"azimith compass,"
5268,29,compass,152,,"compass,"
4267,29,compass,152,,"compass,"
4267,29,"compass, prismatic",169,,prismatic compass
3757,29,compass,152,,"compass,"
9091,29,"compass, prismatic",169,,"prismatic compasses,"
4287,29,compass,152,,"luminous compasses,"
3645,29,"compass, pocket",168,,"pocket compasses,"
791,29,compass,152,,"compasses,"
3717,29,compass,152,,"compasses,"
9166,29,"compass, magnetic",163,,compass (magnetic)
8251,29,compass,152,,"compass,"
9165,29,compass,152,,"compasses,"
7480,29,compass,152,,compass
3595,29,compass,152,,"compasses,"
2774,29,compass,152,,"compasses,"
3518,29,"compass, mariner's",165,,mariners' compasses
2690,29,"compass, azimuth",155,,"Azimuth compaases,"
2690,29,"compass, amplitude",154,,"amplitude compasses,"
2690,29,"compass, mariner's",165,,steering compasses
6910,29,compass,152,,"compass,"
2993,29,"compass, mariner's",165,,"marine compasses,"
2993,29,"compass, pocket",168,,pocket compasses
6318,29,compass,152,,compasses
9266,29,compass,152,,"compass,"
9270,29,compass,152,,compass
5345,29,compass,152,,"compasses,"
476,29,"compass, magnetic",163,,"magnetic compasses,"
2306,29,compass,152,,"compasses,"
4254,29,"compass, magnetic",163,,compass (magnetic)
446,29,compass,152,,"compasses,"
1364,29,"compass, mariner's",165,,mariner's compass
3777,29,compass,152,,compass
3780,29,"compass, mariner's",165,,compasses (marine)
9385,29,"compass, magnetic",163,,compass (magnetic)
9400,29,compass,152,,"compass,"
8231,29,compass,152,,"compass,"
9118,29,compass,152,,"compass,"
8880,29,compass,152,,"compasses,"
3402,29,compass,152,,compasses
2137,29,compass,152,,"compasses,"
7819,29,compass,152,,"compasses,"
9874,29,compass cap,794,,compass caps
9875,29,compass cap,794,,compass caps
9933,29,"compass, magnetic",163,,compasses (magnetic)
2821,29,"compass, magnetic",163,,"compasses (magnetic),"
4994,29,"compass, magnetic",163,,"compasses (magnetic),"
6127,29,"compass, charm",157,,"charm compasses,"
6127,29,"compass, prismatic",169,,"prismatic compasses,"
7681,29,"compass, mariner's",165,,"compasses (marine),"
6979,29,compass,152,,"compasses,"
7683,29,compass,152,,"compasses,"
10429,29,"compass, mariner's",165,,"marine compasses,"
6512,29,"compass, mariner's",165,,"compases (marine),"
1425,29,compass,152,,compass
8779,29,compass,152,,compasses
8781,29,compass,152,,compasses
8782,29,compass,152,,compasses
8784,29,compass,152,,compasses
5081,29,compass,152,,"compass,"
10552,29,"compass, mariner's",165,,ships' compasses
7152,29,"compass, magnetic",163,,"compasses (magnetic),"
446,32,chondrometer,119,,"chondrometer,"
491,32,chondrometer,119,,"chondrometer,"
547,32,chondrometer,119,,"chondrometer,"
1049,32,chondrometer,119,,"chondrometers,"
4677,32,chondrometer,119,,"chondrometer,"
4827,32,chondrometer,119,,"chondrometer,"
6495,32,chondrometer,119,,"chondrometers,"
6496,32,chondrometer,119,,chondrometers
6497,32,chondrometer,119,,"chondrometers,"
8691,33,chemical apparatus,114,,chemical apparatus
1772,33,chemical apparatus,114,,chemical apparatus
1940,33,chemical apparatus,114,,chemical apparatus
2326,33,chemical apparatus,114,,"chemical apparatus,"
2885,33,chemical apparatus,114,,"chemical apparatus,"
2956,33,chemical apparatus,114,,chem app
3093,33,chemical apparatus,114,,"chemical apparatus,"
3097,33,chemical apparatus,114,,"chemical apparatus,"
3167,33,chemical apparatus,114,,chemical apparatus
3177,33,chemical apparatus,114,,chemical apparatus
3588,33,chemical apparatus,114,,chemical apparatus
3643,33,chemical apparatus,114,,"chemical apparatus,"
3666,33,chemical apparatus,114,,"chemical apparatus,"
3806,33,chemical apparatus,114,,chemical apparatus
4154,33,chemical apparatus,114,,"chemical apparatus,"
4247,33,chemical apparatus,114,,"chemical apparatus,"
4248,33,chemical apparatus,114,,chemical apparatus
4260,33,chemical apparatus,114,,chemical apparatus
4261,33,chemical apparatus,114,,"chemical apparatus,"
4262,33,chemical apparatus,114,,"chemical apparatus,"
4304,33,chemical apparatus,114,,chemical apparatus
4739,33,chemical apparatus,114,,chemical apparatus
4756,33,chemical apparatus,114,,chemical apparatus
4797,33,chemical apparatus,114,,chemical apparatus
4885,33,chemical apparatus,114,,chemical apparatus
5032,33,chemical apparatus,114,,chemical apparatus
5658,33,chemical apparatus,114,,chemical apparatus
5881,33,chemical apparatus,114,,chemical apparatus
5892,33,chemical apparatus,114,,chemical apparatus
5909,33,chemical apparatus,114,,chemical apparatus
5910,33,chemical apparatus,114,,chemical apparatus
6065,33,chemical apparatus,114,,chemical apparatus
6090,33,chemical apparatus,114,,chemical app
6103,33,chemical apparatus,114,,chemical apparatus
6108,33,chemical apparatus,114,,"chemical apparatus,"
6173,33,chemical apparatus,114,,chemical apparatus
6186,33,chemical apparatus,114,,"chemical apparatus,"
6196,33,chemical apparatus,114,,"chemical apparatus,"
6205,33,chemical apparatus,114,,chemical apparatus
6235,33,chemical apparatus,114,,chemical apparatus
6237,33,chemical apparatus,114,,chemical apparatus
6238,33,chemical apparatus,114,,"chemical apparatus,"
6288,33,chemical apparatus,114,,chemical apparatus
6289,33,chemical apparatus,114,,chemical apparatus
6291,33,chemical apparatus,114,,chemical apparatus
6292,33,chemical apparatus,114,,chemical apparatus
6305,33,chemical apparatus,114,,"chemical apparatus,"
6377,33,chemical apparatus,114,,"chemical apparatus,"
6378,33,chemical apparatus,114,,"chemical apparatus,"
6381,33,chemical apparatus,114,,chemical apparatus
6385,33,chemical apparatus,114,,chemical apparatus
6405,33,chemical apparatus,114,,chemical apparatus
6409,33,chemical apparatus,114,,"chemical apparatus,"
6440,33,chemical apparatus,114,,chemical apparatus
6442,33,chemical apparatus,114,,chemical apparatus
6448,33,chemical apparatus,114,,chemical apparatus
6449,33,chemical apparatus,114,,chemical apparatus
6454,33,chemical apparatus,114,,chemical apparatus
6614,33,chemical apparatus,114,,chemical apparatus
6700,33,chemical apparatus,114,,chemical apparatus
6707,33,chemical apparatus,114,,chemical apparatus
6739,33,chemical apparatus,114,,chemical apparatus
6827,33,chemical apparatus,114,,"chemical apparatus,"
6962,33,chemical apparatus,114,,"chemical apparatus,"
7017,33,chemical apparatus,114,,"chemical apparatus,"
7041,33,chemical apparatus,114,,chemical apparatus
7044,33,chemical apparatus,114,,chemical apparatus
7178,33,chemical apparatus,114,,chemical apparatus
7392,33,chemical apparatus,114,,chemical apparatus
7405,33,chemical apparatus,114,,chemical apparatus
7469,33,chemical apparatus,114,,"chemical apparatus,"
7482,33,chemical apparatus,114,,chemical apparatus
7569,33,chemical apparatus,114,,chemical apparatus
7600,33,chemical apparatus,114,,"chemical apparatus,"
7604,33,chemical apparatus,114,,chemical apparatus
7676,33,chemical apparatus,114,,"chemical apparatus,"
7677,33,chemical apparatus,114,,"chemical apparatus,"
7718,33,chemical apparatus,114,,chemical apparatus
7753,33,chemical apparatus,114,,chemical apparatus
7801,33,chemical apparatus,114,,"chemical apparatus,"
7804,33,chemical apparatus,114,,chemical apparatus
7811,33,chemical apparatus,114,,chemical apparatus
7830,33,chemical apparatus,114,,chemical apparatus
7854,33,chemical apparatus,114,,chemical apparatus
7885,33,chemical apparatus,114,,chemical apparatus
7897,33,chemical apparatus,114,,chemical apparatus
7955,33,chemical apparatus,114,,"chemical apparatus,"
8030,33,chemical apparatus,114,,chemical apparatus
8038,33,chemical apparatus,114,,"chemical apparatus,"
8060,33,chemical apparatus,114,,chemical apparatus
8072,33,chemical apparatus,114,,"chemical apparatus,"
8078,33,chemical apparatus,114,,chemical apparatus
8093,33,chemical apparatus,114,,chemical apparatus
8137,33,chemical apparatus,114,,chemical apparatus
8223,33,chemical apparatus,114,,chemical apparatus
8232,33,chemical apparatus,114,,"chemical apparatus,"
8297,33,chemical apparatus,114,,chemical apparatus
8326,33,chemical apparatus,114,,chemical apparatus
8340,33,chemical apparatus,114,,"chemical apparatus,"
8575,33,chemical apparatus,114,,"chemical apparatus,"
6000,33,chemical apparatus,114,,"chemical apparatus,"
6001,33,chemical apparatus,114,,"chemical appratus,"
10034,33,chemical apparatus,114,,chemical apparatus
10036,33,chemical apparatus,114,,chemical apparatus
7410,33,chemical apparatus,114,,"chemical apparatus,"
7293,33,chemical apparatus,114,,chemical apparatus
10083,33,chemical apparatus,114,,"chemical apparatus,"
7897,33,"bottle, acid",78,,"acid bottles,"
8052,33,chemical apparatus,114,,"chemical apparatus,"
905,33,chemical apparatus,114,,"chemical apparatus,"
10142,33,chemical apparatus,114,,chemical apparatus
4273,33,chemical apparatus,114,,chemical apparatus
10197,33,chemical apparatus,114,,chemical apparatus
8874,33,chemical apparatus,114,,"chemical apparatus,"
1598,33,chemical glassware,115,,"chemical glassware,"
9084,33,chemical apparatus,114,,"chemical apparatus,"
2311,33,chemical apparatus,114,,"chemical apparatus,"
4600,33,philosophical chemical apparatus,801,,"philos chemical app,"
237,33,chemical apparatus,114,,chemical apparatus
4268,33,chemical apparatus,114,,"chemical apparatus,"
440,33,chemical apparatus,114,,chemical apparatus
5161,33,chemical apparatus,114,,"chemical appararus,"
1132,33,chemical apparatus,114,,chemical apparatus
5119,33,chemical apparatus,114,,chemical apparatus
4155,33,chemical apparatus,114,,"chemical apparatus,"
9280,33,chemical apparatus,114,,"chemical apparatus,"
5008,33,chemical apparatus,114,,chemical apparatus
915,33,chemical apparatus,114,,"chemical apparatus,"
7890,33,chemical apparatus,114,,chemical apparatus
5958,33,chemical apparatus,114,,"chemical apparatus,"
4254,33,chemical apparatus,114,,chemical apparatus
446,33,chemical apparatus,114,,"chemical apparatus,"
4259,33,chemical instrument,116,,"chemical inst,"
5007,33,chemical apparatus,114,,chemical apparatus
2975,33,chemical instrument,116,,"chemical instruments,"
7435,33,chemical apparatus,114,,"chemical appartus,"
9556,33,chemical apparatus,114,,chemical apparatus
9560,33,chemical apparatus,114,,chemical apparatus
7856,33,chemical apparatus,114,,chemical apparatus
9654,33,chemical apparatus,114,,"chemical apparatus,"
9714,33,chemical apparatus,114,,chemical apparatus
6341,33,chemical apparatus,114,,"chemical apparatus,"
7864,33,chemical apparatus,114,,chemical apparatus
2821,33,chemical glassware,115,,"chemical glasses,"
10244,33,chemical apparatus,114,,chemical apparatus
7292,33,chemical apparatus,114,,"chemical apparatus,"
7014,33,chemical apparatus,114,,chemical apparatus
10271,33,chemical apparatus,114,,chemical apparatus
7101,33,chemical apparatus,114,,chemical apparatus
10298,33,chemical apparatus,114,,chemical apparatus
7002,33,"bottle, chemical",79,,"chemical bottles,"
7002,33,syphon,701,,"syphons,"
8053,33,chemical apparatus,114,,"chemical apparatus,"
10322,33,chemical apparatus,114,,"chemical apparatus,"
4275,33,chemical apparatus,114,,"chemical apparatus,"
10367,33,chemical apparatus,114,,chemical apparatus
10368,33,chemical apparatus,114,,"chemical apparatus,"
6963,33,chemical apparatus,114,,"chemical apparatus,"
7462,33,chemical apparatus,114,,chemical apparatus
10370,33,chemical apparatus,114,,chemical apparatus
7436,33,chemical apparatus,114,,"chemical apparatus,"
10415,33,chemical apparatus,114,,chemical apparatus
6167,33,chemical apparatus,114,,chemical apparatus
7016,33,chemical apparatus,114,,chemical apparatus
10477,33,chemical apparatus,114,,chemical apparatus
8037,33,chemical apparatus,114,,"chemical apparatus,"
10553,33,chemical apparatus,114,,chemical apparatus
7219,33,chemical apparatus,114,,chemical apparatus
10554,33,chemical apparatus,114,,chemical apparatus
10555,33,chemical apparatus,114,,chemical apparatus
2880,34,blowpipe,75,,blow pipe
3666,34,blowpipe,75,,"blowpipes,"
8823,35,"compass, drafting",158,,compasses
3666,35,"model, crystal",466,,crystal models
568,36,dip circle,202,,"dip circle,"
135,36,dip circle,202,,dip circle
551,39,drawing instrument,212,,"drawing instruments,"
568,39,drawing instrument,212,,"drawing instruments,"
696,39,drawing instrument,212,,"drawing instruments,"
696,39,sector,609,,"prop compasses,"
714,39,drawing instrument,212,,"drawing instruments,"
738,39,drawing instrument,212,,"drawing instruments,"
21,39,drawing instrument,212,,"drawing instruments,"
29,39,"compass, triangle",172,,triangle compasses
50,39,drawing instrument,212,,"drawing instruments,"
53,39,drawing instrument,212,,"drawing instruments,"
68,39,"compass, drafting",158,,compasses
70,39,drawing instrument,212,,"drawing instruments,"
77,39,drawing instrument,212,,"drawing instruments,"
103,39,drawing instrument,212,,"drawing instruments,"
140,39,drawing instrument,212,,"drawing instruments,"
155,39,drawing instrument,212,,"drawing instruments,"
164,39,drawing instrument,212,,"drawing instruments,"
166,39,drawing instrument,212,,"drawing instruments,"
168,39,drawing instrument,212,,"drawing instruments,"
182,39,drawing instrument,212,,"drawing instruments,"
192,39,drawing instrument,212,,"drawing instruments,"
279,39,drawing instrument,212,,"drawing instruments,"
280,39,drawing instrument,212,,"drawing instruments,"
314,39,drawing instrument,212,,"drawing instruments,"
315,39,drawing instrument,212,,"drawing instruments,"
316,39,drawing instrument,212,,"drawing instruments,"
347,39,drawing instrument,212,,"drawing instruments,"
359,39,drawing instrument,212,,"drawing instruments,"
414,39,drawing instrument,212,,"drawing instruments,"
421,39,drawing instrument,212,,"drawing instruments,"
426,39,drawing instrument,212,,"drawing instruments,"
442,39,drawing instrument,212,,"drawing instruments,"
541,39,drawing instrument,212,,"drawing instruments,"
547,39,drawing instrument,212,,"drawing instruments,"
762,39,drawing instrument,212,,"drawing instruments,"
770,39,drawing instrument,212,,"drawing instruments,"
781,39,drawing instrument,212,,"drawing instruments,"
812,39,drawing instrument,212,,"drawing instruments,"
828,39,drawing instrument,212,,"drawing instruments,"
921,39,"compass, drafting",158,,"compass,"
944,39,drawing instrument,212,,"drawing instruments,"
1142,39,drawing instrument,212,,"drawing instruments, (compasses)"
1142,,"compass, drafting",158,,
1212,39,drawing instrument,212,,"drawing instruments,"
1294,39,drawing instrument,212,,drawing instruments
1364,39,drawing instrument,212,,"drawing instruments,"
1386,39,drawing instrument,212,,"drawing instruments,"
1464,39,drawing instrument,212,,"drawing instruments,"
1539,39,"compass, drafting",158,,compasses
1540,39,"compass, drafting",158,,compasses
1594,39,drawing instrument,212,,drawing instruments
1901,39,drawing instrument,212,,"drawing instruments,"
1945,39,drawing instrument,212,,"drawing instruments,"
2000,39,drawing instrument,212,,"drawing instruments,"
2029,39,drawing instrument,212,,"drawing instruments,"
2048,39,drawing instrument,212,,"drawing instruments,"
2076,39,drawing instrument,212,,"drawing instruments,"
2084,39,drawing instrument,212,,drawing instruments
2085,39,drawing instrument,212,,drawing instruments
2088,39,drawing instrument,212,,drawing instruments
2161,39,drawing instrument,212,,"drawing instruments,"
2170,39,drawing instrument,212,,"drawing instruments,"
2174,39,drawing instrument,212,,drawing instruments
2209,39,drawing instrument,212,,"drawing instruments,"
2216,39,drawing instrument,212,,"cases drawing instruments,"
2226,39,drawing instrument,212,,drawing instruments
2313,39,drawing instrument,212,,drawing instruments
2604,39,drawing instrument,212,,"drawing instruments,"
2650,39,drawing instrument,212,,drawing instruments
2812,39,drawing instrument,212,,"drawing instruments,"
2885,39,drawing instrument,212,,"drawing instruments,"
2949,39,"compass, drafting",158,,compasses
2962,39,drawing instrument,212,,drawing instruments
2978,39,drawing instrument,212,,drawing instruments
3254,39,drawing instrument,212,,drawing instruments
3259,39,drawing instrument,212,,drawing instruments
3364,39,drawing instrument,212,,"drawing instruments,"
3406,39,drawing instrument,212,,"drawing instruments,"
3493,39,drawing instrument,212,,"drawing instruments,"
3502,39,drawing instrument,212,,"drawing instruments,"
3517,39,drawing instrument,212,,"drawing instruments,"
3643,39,drawing instrument,212,,"drawing instruments,"
3804,39,drawing instrument,212,,"drawing instruments,"
4061,39,drawing instrument,212,,drawing instruments
4069,39,drawing instrument,212,,drawing instruments
4153,39,drawing instrument,212,,drawing instruments
4263,39,drawing instrument,212,,drawing instruments
4265,39,drawing instrument,212,,"drawing instruments,"
4284,39,drawing instrument,212,,"drawing instruments,"
4285,39,drawing instrument,212,,"drawing instruments,"
4286,39,drawing instrument,212,,"drawing instruments,"
4414,39,drawing instrument,212,,"drawing instruments,"
4445,39,drawing instrument,212,,drawing instruments
4583,39,drawing instrument,212,,"drawing instruments,"
4659,39,drawing instrument,212,,drawing instruments
4677,39,drawing instrument,212,,"drawing instruments,"
4699,39,drawing instrument,212,,drawing instruments
4760,39,"compass, drafting",158,,compass
4834,39,drawing instrument,212,,drawing instruments
4881,39,drawing instrument,212,,drawing instruments
4884,39,drawing instrument,212,,"drawing instruments,"
4893,39,drawing instrument,212,,drawing instruments
4905,39,drawing instrument,212,,drawing instruments
5156,39,drawing instrument,212,,"drawing instruments,"
5174,39,drawing instrument,212,,drawing instruments
5883,39,drawing instrument,212,,"drawing instruments,"
6048,39,drawing instrument,212,,drawing Inst
6095,39,drawing instrument,212,,drawing inst
6105,39,drawing instrument,212,,drawing instruments
6130,39,drawing instrument,212,,drawing instruments
6193,39,drawing instrument,212,,drawing instruments
6215,39,drawing instrument,212,,drawing instruments
6403,39,drawing instrument,212,,"drawing instruments,"
6486,39,drawing instrument,212,,"drawing instruments,"
6494,39,drawing instrument,212,,"drawing instruments,"
6512,39,drawing instrument,212,,"drawing instruments,"
6524,39,drawing instrument,212,,"drawing instruments,"
6525,39,drawing instrument,212,,"drawing instruments,"
6558,39,drawing instrument,212,,drawing instruments
6650,39,drawing instrument,212,,"drawing instruments,"
6665,39,drawing instrument,212,,drawing instruments
6670,39,drawing instrument,212,,drawing instruments
6695,39,drawing instrument,212,,drawing instruments
6730,39,drawing instrument,212,,drawing instruments
6785,39,drawing instrument,212,,drawing instruments
6823,39,drawing instrument,212,,"drawing instruments,"
7042,39,drawing instrument,212,,drawing instruments
7166,39,dividers,208,,"dividers,"
7601,39,drawing instrument,212,,"drawing instruments,"
7677,39,drawing instrument,212,,"drawing instruments,"
7731,39,drawing instrument,212,,drawing instruments
7748,39,drawing instrument,212,,"drawing instruments,"
7751,39,drawing instrument,212,,"drawing instruments,"
7808,39,drawing instrument,212,,drawing instruments
7895,39,drawing instrument,212,,drawing instruments
7966,39,drawing instrument,212,,drawing instruments
8006,39,drawing instrument,212,,drawing instruments
8019,39,drawing instrument,212,,drawing instruments
8262,39,drawing instrument,212,,"drawing instruments,"
8265,39,drawing instrument,212,,drawing instruments
490,39,drawing instrument,212,,drawing instruments
8607,39,"compass, drafting",158,,compasses
5703,39,drawing instrument,212,,"drawing instruments,"
484,39,"compass, drafting",158,,compasses
102,39,"compass, drafting",158,,compasses
104,39,"compass, drafting",158,,compass
818,39,"compass, drafting",158,,compasses
8670,39,"compass, drafting",158,,compasses
8685,39,"compass, drafting",158,,"compasses,"
7749,39,drawing instrument,212,,"drawing instruments,"
442,39,sectograph,608,,"sectograph,"
4243,39,drawing instrument,212,,"drawing inst,"
4245,39,drawing instrument,212,,"drawing instruments,"
6077,39,drawing instrument,212,,"drawing instruments,"
6072,39,drawing instrument,212,,"drawing instruments,"
8811,39,dividers,208,,dividers
8815,39,"compass, drafting",158,,compassses
5871,39,"compass, drafting",158,,compass
8820,39,"compass, drafting",158,,COMPASSES
8821,39,"compass, drafting",158,,compasses
8828,39,"compass, drafting",158,,"compasses,"
8832,39,"compass, drafting",158,,compasses
8840,39,"compass, drafting",158,,compass
8841,39,"compass, drafting",158,,compass
8860,39,drawing instrument,212,,"drawing instruments,"
2880,39,drawing instrument,212,,"drawing instruments,"
8879,39,drawing instrument,212,,"drawing instruments,"
29,39,parallel rule,502,,"parallel rules,"
29,39,"compass, beam",156,,"beam compasses,"
6999,39,dividers,208,,"dividers,"
6999,39,"compass, drafting",158,,"compasses (drawing),"
3,39,drawing instrument,212,,drawing instruments
4619,39,"compass, beam",156,,beam compass
550,39,drawing instrument,212,,"drawing instruments,"
279,39,dividers,208,,"dividers,"
279,39,trammel,755,,"trammel,"
424,39,drawing instrument,212,,drawing instruments
424,39,sector,609,,proportional compass
8713,39,"compass, drafting",158,,compass
3757,39,drawing instrument,212,,drawing inst
6127,39,drawing instrument,212,,"drawing instruments,"
714,39,parallel rule,502,,parallel rules
714,39,sector,609,,proportional comp.
4262,39,drawing instrument,212,,drawing instruments
8714,39,"compass, drafting",158,,compass
3269,39,drawing instrument,212,,"drawing instruments,"
21,39,parallel rule,502,,"parallel rules,"
1957,39,drawing instrument,212,,drawing materials
490,39,dividers,208,,"dividers,"
9194,39,drawing instrument,212,,"drawing instruments,"
541,39,parallel rule,502,,parallel rule
9165,39,"compass, drag",159,,compasses (drag)
9165,39,dividers,208,,"dividers,"
164,39,"compass, drafting",158,,compasses (drawing instruments)
2774,39,drawing instrument,212,,"drawing instruments,"
2774,39,dividers,208,,"dividers,"
3518,39,drawing instrument,212,,"drawing instruments,"
5947,39,"compass, drafting",158,,compass
3518,39,sector,609,,"proportional compasses,"
2690,39,dividers,208,,dividers
2259,39,drawing instrument,212,,"drawing instruments,"
4244,39,drawing instrument,212,,"drawing instruments,"
9263,39,drawing instrument,212,,"drawing instruments,"
9280,39,drawing instrument,212,,drawing instruments
2306,39,drawing instrument,212,,"drawing instruments,"
5346,39,drawing instrument,212,,drawing instruments
8234,39,drawing instrument,212,,drawing instruments
4254,39,drawing instrument,212,,drawing inst
1294,39,"pen, ruling",508,,ruling pen
3060,39,drawing instrument,212,,drawing instruments
5326,39,drawing instrument,212,,drawing instrruments
5689,39,drawing instrument,212,,drawing instruments
5712,39,drawing instrument,212,,drawing instruments
3121,39,drawing instrument,212,,drawing instruments
5817,39,drawing instrument,212,,drawing instruments
5798,39,drawing instrument,212,,"drawing instruments,"
7770,39,drawing instrument,212,,drawing instruments
4060,39,drawing instrument,212,,drawing instruments
7302,39,drawing instrument,212,,"drawing instruments,"
9505,39,drawing instrument,212,,drawing instruments
4037,39,drawing instrument,212,,drawing instruments
9550,39,drawing instrument,212,,drawing instruments
2838,39,drawing instrument,212,,"drawing instruments,"
9582,39,drawing instrument,212,,drawing instruments
4276,39,drawing instrument,212,,"drawing instruments,"
2093,39,drawing instrument,212,,"drawing instruments,"
4268,39,drawing instrument,212,,"drawing instruments,"
4256,39,drawing instrument,212,,drawing instruments
4767,39,drawing instrument,212,,"drawing instruments,"
4275,39,drawing instrument,212,,"drawing instruments,"
4283,39,drawing instrument,212,,"drawing instruments,"
678,39,drawing instrument,212,,"drawing instruments,"
6287,39,drawing instrument,212,,drawing instruments
6607,39,drawing instrument,212,,"drawing instruments,"
7517,39,drawing instrument,212,,"drawing instruments,"
8133,39,drawing instrument,212,,"drawing instruments,"
4434,39,drawing instrument,212,,drawing instruments
7904,39,drawing instrument,212,,"drawing instruments,"
6649,39,drawing instrument,212,,"drawing instruments,"
7325,39,drawing instrument,212,,"drawing instruments,"
6979,39,drawing instrument,212,,"drawing instruments,"
10450,39,drawing instrument,212,,drawing instruments
2632,39,drawing instrument,212,,drawing instruments
6189,39,drawing instrument,212,,"drawing instruments,"
6377,39,drawing instrument,212,,"drawing instruments,"
10457,39,drawing instrument,212,,"drawing instruments,"
7876,39,drawing instrument,212,,"drawing instruments,"
8264,39,drawing instrument,212,,drawing instruments
4259,39,drawing instrument,212,,"drawing instruments,"
770,39,parallel rule,502,,"parallel rules,"
770,39,sector,609,,"prop compasses,"
8785,39,"compass, drafting",158,,compass
50,39,"compass, drafting",158,,"compasses,"
4530,39,"compass, drafting",158,,compasses
7698,39,drawing instrument,212,,drawing instruments
8624,39,drawing instrument,212,,"drawing instruments,"
7596,39,drawing instrument,212,,"drawing instruments,"
7166,40,barograph,49,,"barograph,"
7677,40,barograph,49,,"barographs,"
6471,40,barograph,49,,"barographs,"
8863,40,barograph,49,,"barograph,"
9165,40,barograph,49,,"barographs,"
551,42,electrostatic generator,237,,"electrostatic generator,"
568,42,electrostatic generator,237,,"electrostatic generator,"
696,42,electrostatic generator,237,,"electrostatic generator,"
714,42,electrostatic generator,237,,"electrostatic generator,"
29,42,electrostatic generator,237,,"electrostatic generator,"
50,42,electrostatic generator,237,,"electrostatic generator,"
166,42,electrostatic generator,237,,"electrostatic generator,"
182,42,electrostatic generator,237,,"electrostatic generator,"
347,42,electrostatic generator,237,,"electrostatic generator,"
426,42,electrostatic generator,237,,"electrostatic generator,"
547,42,electrostatic generator,237,,"electrostatic generator,"
770,42,electrostatic generator,237,,"electrostatic generator,"
944,42,electrostatic generator,237,,"electrostatic generator,"
959,42,electrostatic generator,237,,electrostatic generator
1364,42,electrostatic generator,237,,"electrostatic generator,"
2076,42,electrostatic generator,237,,"electrostatic generator,"
2814,42,electrical machine,221,,"electrical machine,"
2816,42,electrostatic generator,237,,"electrostatic generator,"
2902,42,electrical machine,221,,"electrical machines,"
4880,42,electrostatic generator,237,,"electrostatic generator,"
6221,42,electric machine,224,,"electric machine,"
7548,42,electrical instrument,220,,electrical instruments
6001,42,electrical machine,221,,"electrical machines,"
2880,42,electrical machine,221,,"electrical machine,"
4401,42,electrical machine,221,,"electrical machines,"
550,42,electrical machine,221,,"electrical machines,"
424,42,electrical machine,221,,electrical machines
3518,42,electrical machine,221,,"electrical machines,"
5437,42,electrical machine,221,,electrical machine
4154,42,induction coil,348,,"induction coils,"
4261,42,induction coil,348,,"induction coils,"
2821,42,electrifying machine,227,,"electrifying machines,"
9934,42,electrotherapy device,238,,medical electrical machine
29,43,"compass, elliptical",161,,elliptical compasses
4285,43,conchoidograph,184,,"conchoidograph,"
9376,43,globe,294,,globes
709,44,cross-staff,188,,"fore-staff,"
103,44,cross-staff,188,,"fore-staff,"
140,44,cross-staff,188,,"fore-staff,"
155,44,cross-staff,188,,"fore-staff,"
279,44,cross-staff,188,,"fore-staff,"
360,44,cross-staff,188,,"fore-staff,"
396,44,cross-staff,188,,fore-staff
414,44,cross-staff,188,,"fore-staff,"
1945,44,cross-staff,188,,"fore-staff,"
4285,44,cross-staff,188,,"cross-staff,"
550,45,globe,294,,"globe,"
551,45,globe,294,,"globe,"
567,45,globe,294,,globe
568,45,globe,294,,"globe,"
589,45,globe,294,,"globe,"
641,45,globe,294,,"globes,"
693,45,globe,294,,"globe,"
696,45,globe,294,,"globe,"
703,45,globe,294,,globe
714,45,globe,294,,"globe,"
738,45,globe,294,,"globe,"
218,45,globe,294,,globe
1,45,globe,294,,"globe,"
13,45,globe,294,,globe
21,45,globe,294,,"globe,"
29,45,globe,294,,"globe,"
40,45,globe,294,,"globe,"
50,45,globe,294,,"globe,"
103,45,globe,294,,"globe,"
122,45,globe,294,,"globe,"
127,45,globe,294,,"globe,"
129,45,globe,294,,globe
131,45,globe,294,,globe
155,45,globe,294,,"globe,"
164,45,globe,294,,"globe,"
166,45,globe,294,,"globe,"
174,45,globe,294,,globe
182,45,globe,294,,"globe,"
192,45,globe,294,,"globe,"
193,45,globe,294,,globe
279,45,globe,294,,"globe,"
293,45,globe,294,,"globe,"
297,45,globe,294,,globe
308,45,globe,294,,globe
312,45,globe,294,,"globe,"
316,45,globe,294,,"globe,"
359,45,globe,294,,"globe,"
384,45,globe,294,,globe
414,45,globe,294,,"globe,"
421,45,globe,294,,"globe,"
426,45,globe,294,,"globe,"
451,45,globe,294,,"globes,"
490,45,globe,294,,"globe,"
503,45,globe,294,,"globe,"
518,45,globe,294,,globe
523,45,globe,294,,globe
541,45,globe,294,,"globe,"
545,45,globe,294,,globes
547,45,globe,294,,"globe,"
762,45,globe,294,,"globe,"
770,45,globe,294,,"globe,"
828,45,globe,294,,"globe,"
1364,45,globe,294,,"globe,"
1446,45,globe,294,,globe
1611,45,globe,294,,globe
1664,45,globe,294,,globes
1945,45,globe,294,,"globe,"
1988,45,globe,294,,globes
2029,45,globe,294,,"globe,"
2076,45,globe,294,,"globe,"
2081,45,globe,294,,globe
2114,45,globe,294,,"globe,"
2163,45,globe,294,,globe
2254,45,globe,294,,globe
2270,45,globe,294,,globe
2275,45,globe,294,,globe
2343,45,globe,294,,globes
2603,45,globe,294,,globe
2658,45,globe,294,,globe
2812,45,globe,294,,"globe,"
3091,45,globe,294,,globe
3164,45,globe,294,,globe
3165,45,globe,294,,globe
3483,45,globe,294,,globe
3499,45,globe,294,,"globe,"
4080,45,globe,294,,globe
4254,45,globe,294,,"globe,"
4276,45,globe,294,,"globes,"
4305,45,globe,294,,globe
4631,45,globe,294,,globe
4693,45,"globe, folding",297,,globe (folding)
4812,45,globe,294,,globe
4880,45,globe,294,,"globe,"
5495,45,globe,294,,globes
6221,45,globe,294,,"globe,"
6528,45,globe,294,,globes
6640,45,globe,294,,globes
7242,45,globe,294,,globes
7243,45,globe,294,,globe
7565,45,globe,294,,globe
7892,45,globe,294,,globes
7900,45,globe,294,,globes
8808,45,globe,294,,globes
10182,45,globe,294,,globes
6999,45,globe,294,,"globes,"
561,45,globe,294,,globes
1691,45,globe,294,,globes
3850,45,globe,294,,globes
8973,45,"globe, terrestrial",303,,"globe (terrestrial),"
254,45,globe,294,,globes
279,45,"globe, pocket",301,,pocket-globe
424,45,globe,294,,globes
9026,45,globe,294,,globe
945,45,globe,294,,globes
4600,45,globe,294,,"globes,"
9216,45,globe,294,,globes
3518,45,globe,294,,"globes,"
5722,45,globe,294,,"globes,"
5066,45,globe,294,,globes
2686,45,globe,294,,globes
5308,45,globe,294,,globe
7237,45,globe,294,,globes
4522,45,globe,294,,globes
4708,45,globe,294,,globes
9930,45,globe,294,,globes
4521,45,globe,294,,globes
4275,45,globe,294,,"globes,"
9959,45,globe,294,,globes
3170,45,globe,294,,globes
4766,46,"gauge, pressure",277,,"pressure gauge,"
5129,46,"gauge, pressure",277,,"pressure gauge,"
7316,46,"gauge, steam",281,,steam gauge
4139,46,"gauge, pressure",277,,"pressure guages,"
5223,46,"gauge, pressure",277,,"pressure gauges,"
6912,46,"gauge, steam",281,,"steam gauges,"
3781,46,"gauge, steam",281,,"steam pressure gauges,"
3781,46,manometer,399,,vacuum gauges
7436,46,"gauge, steam",281,,"steam gauges,"
10149,46,"gauge, pressure",277,,pressure gauges
10150,46,"gauge, steam",281,,steam gauges
8072,46,"gauge, steam",281,,"steam gauges,"
10180,46,"gauge, steam",281,,steam gauge
10183,46,"gauge, steam",281,,steam gauges
10212,46,"gauge, steam",281,,steam gauges
6775,46,"gauge, steam",281,,"steam gauges,"
7654,46,"gauge, steam",281,,"steam gauges,"
5129,46,manometer,399,,"vacuum gauge,"
4767,46,steam engine indicator,657,,"staem indicatore,"
3717,46,manometer,399,,vacuum gauges
5090,46,"gauge, steam",281,,"steam gauges,"
4275,46,"gauge, steam",281,,"steam gauges,"
4275,46,manometer,399,,vacuum gauges
4254,46,"gauge, steam",281,,"steam gauges,"
9859,46,gauge,270,,gauges
5129,46,"gauge, gas",274,,gas gauges
9870,46,"gauge, steam",281,,steam gauge
678,46,"gauge, gas",274,,"gas gauges,"
7437,46,"gauge, steam",281,,"steam gauges,"
454,46,"gauge, steam",281,,steam gauges
9957,46,"gauge, gas",274,,"gas gauges,"
9957,46,"gauge, steam",281,,steam gauges
9958,46,"gauge, steam",281,,steam gauges
4275,46,"gauge, gas",274,,"gas gauges,"
9962,46,"gauge, steam",281,,"steam gauges,"
10247,46,"gauge, steam",281,,gauges (including steam)
10249,46,"gauge, steam",281,,steam gauges
10250,46,"gauge, steam",281,,steam gauges
7517,46,"gauge, steam",281,,"steam gauges,"
10280,46,"gauge, pressure",277,,"pressure gauges,"
10280,46,pressure recorder,548,,"pressure recorders,"
10280,46,"gauge, steam",281,,steam gauges
10281,46,"gauge, steam",281,,steam gauges
10282,46,"gauge, steam",281,,steam gauges
9324,46,"gauge, steam",281,,steam gauge
10310,46,"gauge, steam",281,,steam gauge
10312,46,"gauge, steam",281,,steam gauge
10314,46,"gauge, steam",281,,steam gauges
10315,46,gauge tube,287,,glass gauge tubes
10347,46,"gauge, pressure",277,,gauges (pressure)
10348,46,"gauge, pressure",277,,"pressure gauges,"
10348,46,"gauge, steam",281,,"steam gauges,"
10380,46,"gauge, steam",281,,steam gauges
10382,46,"gauge, steam",281,,steam gauges
10383,46,"gauge, steam",281,,steam gauges
10384,46,"gauge, steam",281,,steam gauges
10249,46,gauge tube,287,,"gauge tubes,"
9957,46,gauge tube,287,,"glass gauge tubes,"
7517,46,gauge tube,287,,"glass gauge tubes,"
10386,46,gauge tube,287,,glass gauge tubes
7517,46,gauge tube,287,,"glass gauge tubes,"
10443,46,gauge,270,,gauges
10447,46,"gauge, steam",281,,"steam gauges,"
10447,46,manometer,399,,vacuum gauges
10447,46,"gauge, gas",274,,"gas gauges,"
10479,46,"gauge, steam",281,,steam gauges
10482,46,"gauge, pressure",277,,"pressure gauges,"
10482,46,"gauge, steam",281,,"steam gauges,"
10482,46,"gauge, gas",274,,"gas gauges,"
10482,46,"gauge, water",284,,water gauges
10483,46,"gauge, steam",281,,"steam gauges,"
10483,46,manometer,399,,vacuun gauges
10484,46,"gauge, steam",281,,steam gauges
10517,46,"gauge, steam",281,,steam gauge
10519,46,"gauge, steam",281,,steam gauges
10565,46,"gauge, steam",281,,steam gauges
10566,46,"gauge, steam",281,,steam gauges
3781,47,tachometer,704,,"rev. counters,"
10447,47,tachometer,704,,"engine counters (rev. counters),"
568,48,magnet,390,,"magnet,"
714,48,magnet,390,,"magnet,"
164,48,magnet,390,,"magnet,"
316,48,magnet,390,,"magnet,"
426,48,magnet,390,,"magnet,"
1133,48,magnet,390,,magnet
1364,48,"magnet, artificial",391,,"artificial magnet,"
2329,48,magnet,390,,"magnet,"
2334,48,magnet,390,,"magnet,"
2678,48,magnet,390,,"magnet,"
3027,48,magnet,390,,magnet
3065,48,magnet,390,,magnet
3088,48,magnet,390,,magnet
3205,48,magnet,390,,magnet
3238,48,magnet,390,,magnets
3804,48,magnet,390,,"magnet,"
4880,48,magnet,390,,"magnet,"
7823,48,magnet,390,,magnets
7824,48,magnet,390,,magnets
7825,48,magnet,390,,magnets
7827,48,magnet,390,,magnets
7828,48,magnet,390,,magnets
6999,48,magnet,390,,"magnets,"
550,48,magnet,390,,"magnets,"
3518,48,magnet,390,,"magnets,"
2331,48,magnet,390,,"magnets,"
8038,48,magnet,390,,"magnets,"
74,49,set square,614,,"geometric square,"
3107,49,set square,614,,square
4669,49,set square,614,,"square,"
8180,49,set square,614,,squares
2651,49,carpenter's square,105,,carpenter's square
9165,49,set square,614,,"set squares,"
6423,49,set square,614,,"squares,"
9882,49,set square,614,,squares
2771,49,carpenter's square,105,,carpenters' square
1015,50,"measuring tape, surveyor's",417,,surveyor's measuring tape
2657,50,tape measure,707,,tape measures
3075,50,tape measure,707,,"measuring tape,"
4784,50,"tape measure, spring",708,,spring tape measure
4822,50,"measuring tape, surveyor's",417,,surveyor's measuring tape
4826,50,"measuring tape, surveyor's",417,,surveyor's measuring tape
4828,50,"measuring tape, surveyor's",417,,surveyor's measuring tape
4829,50,"measuring tape, surveyor's",417,,surveyor's measuring tape
4833,50,"measuring tape, surveyor's",417,,surveyor's measuring tape
6615,50,tape measure,707,,"measuring tapes,"
6718,50,tape measure,707,,measuring tape
7166,50,tape measure,707,,"measuring tapes,"
7214,50,tape measure,707,,"measuring tapes,"
7646,50,tape measure,707,,"measuring tapes,"
8262,50,tape line,805,,"tape lines,"
4678,50,tape measure,707,,"measuring tape,"
4679,50,tape measure,707,,measuring tape
10038,50,tape measure,707,,measuring tapes
6502,50,tape measure,707,,measuring tapes
6501,50,tape measure,707,,measuring tapes
6095,50,tape measure,707,,"measuring tapes,"
8826,50,tape measure,707,,"measuring tapes,"
8828,50,"measuring tape, surveyor's",417,,surveyor's measuring tapes
8831,50,tape measure,707,,measuring tapes
8836,50,"measuring tape, surveyor's",417,,surveyor's measuring tape
1142,50,"measuring tape, surveyor's",417,,"surveyors mess, tapes"
6999,50,tape measure,707,,"tape measures,"
5880,50,tape measure,707,,measuring tape
155,50,graphometer,307,,"semicircles,"
4871,50,tape measure,707,,measuring tape
9417,50,tape measure,707,,measuring tape
6574,50,tape measure,707,,measuring tapes
6423,50,tape measure,707,steel,"steel tape measures,"
9699,50,tape measure,707,,measuring tapes
6896,50,tape measure,707,,measuring tapes
7164,50,tape measure,707,,measuring tapes
4254,50,tape measure,707,,"measuring tapes,"
10213,50,tape measure,707,,measuring tapes
10252,50,tape measure,707,,measuring tapes
10264,50,tape measure,707,,"measuring tapes,"
6507,50,tape measure,707,,measuring tapes
696,50,graphometer,307,,"graphometers,"
770,50,graphometer,307,,semi circles
2840,50,tape measure,707,,"measuring tape,"
103,51,"level, gunner's",376,,"gunner's level,"
29,52,gauge,270,,"gauge,"
115,52,gauge,270,,"gauge,"
139,52,gauge,270,,"gauge,"
155,52,gauge,270,,"gauge,"
164,52,gauge,270,,"gauge,"
182,52,gauge,270,,"gauge,"
279,52,"gauge, depth",273,,"depth gauge,"
446,52,gauge,270,,"gauge,"
513,52,gauging instrument,288,,gauging instruments
547,52,gauge,270,,"gauge,"
822,52,gauge,270,,"gauge,"
824,52,gauge,270,,gauge
1362,52,gauge,270,,"gauge,"
1943,52,gauge,270,,gauge
3680,52,sounding machine,635,,sounding machine
4136,52,gauge,270,,"gauge,"
4677,52,gauge,270,,"gauge,"
5601,52,gauge,270,,"gauge,"
550,52,"gauge, shot",280,,"shot gauges,"
279,52,"measure, barrel",409,,"barrel measure,"
3777,52,sounding machine,635,,sounding machine
3780,52,sounding machine,635,,sounding machines
9385,52,sounding machine,635,,sounding machine
9166,52,sounding machine,635,,sounding machine
7388,52,sounding machine,635,,sounding machine
5865,52,sounding machine,635,,"sounding machine,"
9400,52,sounding machine,635,,sounding machine
8231,52,sounding machine,635,,sounding machine
4254,52,"gauge, gas",274,,"gas gauges,"
9875,52,"gauge, watchmaker's",283,,gauges (watchmakers')
9880,52,gauge,270,,gauges
7437,52,gauge,270,,"gauges,"
9882,52,gauge,270,,"gauges,"
8042,52,gauge,270,,"gauges (glass),"
9960,52,gauge,270,,gauges (type not specified)
9961,52,gauge,270,,"gauges (type not specified),"
10447,52,gauge,270,,"gauges,"
9786,52,"gauge, watchmaker's",283,,watchmakers' gauges
7980,52,"gauge, gas",274,,gas gauges
10483,52,"gauge, gas",274,,"gas gauges,"
10484,52,gauge,270,,"gauges,"
10521,52,gauge glass,285,,gauge glass
10563,52,gauge glass,285,,gauge glasses
10565,52,gauge,270,,"gauges,"
10566,52,gauge,270,,"gauges,"
416,53,opisometer,488,,map measure
4285,53,opisometer,488,,"opisometers,"
566,54,hydrometer,334,,"hydrometer,"
676,54,hydrometer,334,,hydrometer
678,54,hydrometer,334,,"hydrometer,"
696,54,hydrometer,334,,"hydrometer,"
714,54,hydrometer,334,,"hydrometer,"
1,54,hydrometer,334,,"hydrometer,"
21,54,hydrometer,334,,"hydrometer,"
29,54,hydrometer,334,,"hydrometer,"
38,54,hydrometer,334,,"hydrometer,"
166,54,hydrometer,334,,"hydrometer,"
182,54,hydrometer,334,,"hydrometer,"
331,54,hydrometer,334,,"hydrometer,"
347,54,hydrometer,334,,"hydrometer,"
359,54,hydrometer,334,,"hydrometer,"
444,54,hydrometer,334,,hydrometer
446,54,hydrometer,334,,"hydrometer,"
486,54,hydrometer,334,,hydrometer
541,54,hydrometer,334,,"hydrometer,"
546,54,hydrometer,334,,hydrometer
547,54,hydrometer,334,,"hydrometer,"
762,54,hydrometer,334,,"hydrometer,"
770,54,hydrometer,334,,"hydrometer,"
908,54,hydrometer,334,,"hydrometer,"
909,54,hydrometer,334,,"hydrometer,"
1016,54,hydrometer,334,,"hydrometer,"
1046,54,hydrometer,334,,hydrometer
1049,54,hydrometer,334,,"hydrometers,"
1180,54,hydrometer,334,,hydrometer
1181,54,hydrometer,334,,"hydrometers,"
1203,54,hydrometer,334,,hydrometer
1204,54,hydrometer,334,,hydrometer
1205,54,hydrometer,334,,"hydrometer,"
1206,54,hydrometer,334,,hydrometer
1207,54,hydrometer,334,,hydrometer
1364,54,hydrometer,334,,"hydrometer,"
1436,54,hydrometer,334,,hydrometer
1453,54,hydrometer,334,,hydrometer
1464,54,hydrometer,334,,"hydrometer,"
1525,54,hydrometer,334,,hydrometer
1526,54,hydrometer,334,,hydrometer
1619,54,hydrometer,334,,"hydrometer,"
1620,54,hydrometer,334,,"hydrometer,"
1914,54,hydrometer,334,,hydrometer
1915,54,hydrometer,334,,hydrometer
1916,54,hydrometer,334,,hydrometer
1917,54,hydrometer,334,,hydrometer
1918,54,hydrometer,334,,hydrometer
1929,54,hydrometer,334,,"hydrometer,"
1996,54,hydrometer,334,,hydrometer
2044,54,hydrometer,334,,"hydrometers,"
2257,54,hydrometer,334,,"hydrometer,"
2265,54,hydrometer,334,,hydrometer
2289,54,hydrometer,334,,hydrometer
2764,54,hydrometer,334,,"hydrometer,"
2911,54,hydrometer,334,,"hydrometer,"
2950,54,hydrometer,334,,hydrometer
2957,54,hydrometer,334,,"hydrometer,"
3093,54,hydrometer,334,,"hydrometer,"
3119,54,hydrometer,334,,"hydrometer,"
3264,54,hydrometer,334,,hydrometer
3324,54,hydrometer,334,,hydrometer
3650,54,hydrometer,334,,hydrometer
3729,54,hydrometer,334,,"hydrometers,"
3769,54,hydrometer,334,,"hydrometer,"
4131,54,hydrometer,334,,"hydrometer,"
4137,54,hydrometer,334,,hydrometer
4150,54,hydrometer,334,,hydrometer
4155,54,hydrometer,334,,"hydrometer,"
4251,54,hydrometer,334,,hydrometer
4253,54,hydrometer,334,,"hydrometer,"
4254,54,hydrometer,334,,"hydrometer,"
4255,54,hydrometer,334,,"hydrometer,"
4258,54,hydrometer,334,,hydrometer
4262,54,hydrometer,334,,"hydrometer,"
4272,54,hydrometer,334,,hydrometer
4280,54,hydrometer,334,,"hydrometer,"
4414,54,hydrometer,334,,"hydrometer,"
4583,54,hydrometer,334,,"hydrometer,"
4609,54,hydrometer,334,,hydrometer
4677,54,hydrometer,334,,"hydrometer,"
4766,54,hydrometer,334,,"hydrometer,"
4880,54,hydrometer,334,,"hydrometer,"
4933,54,hydrometer,334,,"hydrometer,"
5065,54,hydrometer,334,,"hydrometers,"
5129,54,hydrometer,334,,"hydrometer,"
6139,54,hydrometer,334,,hydrometer
6178,54,hydrometer,334,,hydrometer
6345,54,hydrometer,334,,hydrometers
6347,54,hydrometer,334,,"hydrometers,"
6363,54,hydrometer,334,,"hydrometer,"
6403,54,hydrometer,334,,"hydrometers,"
6409,54,hydrometer,334,,"hydrometers,"
6456,54,lactometer,356,,lactometer
6470,54,hydrometer,334,,"hydrometers,"
6471,54,hydrometer,334,,"hydrometers,"
6494,54,hydrometer,334,,"hydrometers,"
6568,54,hydrometer,334,,"hydrometers,"
6658,54,hydrometer,334,,"hydrometers,"
6684,54,hydrometer,334,,"hydrometers,"
6752,54,hydrometer,334,,"hydrometers,"
6882,54,hydrometer,334,,"hydrometers,"
6893,54,hydrometer,334,,"hydrometers,"
6927,54,hydrometer,334,,"hydrometers,"
6962,54,hydrometer,334,,"hydrometers,"
6976,54,hydrometer,334,,"hydrometer,"
6981,54,hydrometer,334,,"hydrometer,"
7105,54,hydrometer,334,,"hydrometers,"
7166,54,hydrometer,334,,"hydrometers,"
7214,54,hydrometer,334,,"hydrometers,"
7435,54,hydrometer,334,,"hydrometers,"
7436,54,hydrometer,334,,"hydrometers,"
7437,54,hydrometer,334,,"hydrometers,"
7448,54,hydrometer,334,,"hydrometers,"
7449,54,hydrometer,334,,"hydrometers,"
7502,54,hydrometer,334,,"hydrometers,"
7516,54,hydrometer,334,,"hydrometers,"
7581,54,hydrometer,334,,"hydrometers,"
7582,54,hydrometer,334,,"hydrometers,"
7584,54,hydrometer,334,,"hydrometers,"
7601,54,hydrometer,334,,"hydrometers,"
7680,54,hydrometer,334,,"hydrometers,"
7743,54,hydrometer,334,,"hydrometers,"
7848,54,hydrometer,334,,"hydrometers,"
8015,54,hydrometer,334,,"hydrometers,"
8088,54,hydrometer,334,,"hydrometers,"
8174,54,hydrometer,334,,"hudrometers,"
8221,54,hydrometer,334,,hydrometers
8262,54,hydrometer,334,,"hydrometers,"
8269,54,hydrometer,334,,"hydrometers,"
8270,54,hydrometer,334,,"hydrometers,"
5703,54,hydrometer,334,,"hydrometers,"
6000,54,hydrometer,334,,"hydrometer,"
6001,54,urinometer,761,,"urinometers,"
6001,54,hydrometer,334,,"hydrometers,"
5223,54,hydrometer,334,,"hydrometers,"
1,54,saccharometer,604,,"saccharometer,"
6912,54,hydrometer,334,,"hydrometers,"
10035,54,hydrometer,334,,"hydrometers,"
8268,54,hydrometer,334,,"hydrometers,"
7123,54,hydrometer,334,,"hydrometers,"
10196,54,hydrometer,334,,"hydrometers,"
446,54,saccharometer,604,,"saccharometer,"
1619,54,saccharometer,604,,"saccharometers,"
1620,54,saccharometer,604,,saccharometers
1205,54,saccharometer,604,,saccharometer
339,54,"hydrometer, Nicholson's",335,,hydrometer (Nicholson's)
2816,54,hydrometer,334,,hydrometers
550,54,hydrometer,334,,hydrometers
2808,54,hydrometer,334,,hydrometers
1598,54,hydrometer,334,,hydrometer
5820,54,hydrometer,334,,"hydrometers,"
4286,54,hydrometer,334,,"hydrometers,"
424,54,hydrometer,334,,hydrometers
6739,54,hydrometer,334,,"hydrometers,"
9084,54,hydrometer,334,,"hydrometers,"
4767,54,hydrometer,334,,hydrometers
1046,54,saccharometer,604,,saccharometers
5268,54,hydrometer,334,,hydrometer
8703,54,hydrometer,334,,"hydrometers,"
4267,54,hydrometer,334,,"hydrometers,"
1182,54,hydrometer,334,,"hydrometer,"
4600,54,hydrometer,334,,"hydrometers,"
3518,54,hydrometer,334,,"hydrometers,"
4268,54,hydrometer,334,,"hydrometers,"
7117,54,hydrometer,334,,"hydrometers,"
5201,54,hydrometer,334,,"hydrometers,"
4458,54,hydrometer,334,,"hydrometers,"
6995,54,hydrometer,334,,"hydrometers,"
4766,54,saccharometer,604,,saccherometer
2259,54,hydrometer,334,,"hydrometer,"
4244,54,hydrometer,334,,hydrometers
8459,54,hydrometer,334,,"hydrometer,"
5102,54,hydrometer,334,,"hydrometers,"
4275,54,hydrometer,334,,"hydrometers,"
4154,54,hydrometer,334,,hydrometers
5132,54,hydrometer,334,,"hydrometers,"
5354,54,hydrometer,334,,hydrometer
5798,54,hydrometer,334,,"hydrometers,"
4261,54,hydrometer,334,,"hydrometers,"
5496,54,hydrometer,334,,"hydrometers,"
6352,54,hydrometer,334,,"hydrometers,"
7748,54,hydrometer,334,,"hydrometers,"
7104,54,hydrometer,334,,"hydrometer,"
6095,54,hydrometer,334,,"hydrometers,"
7517,54,hydrometer,334,,"hydrometers,"
7841,54,hydrometer,334,,"hydrometers,"
6963,54,hydrometer,334,,"hydrometers,"
8232,54,hydrometer,334,,"hydrometers,"
7904,54,hydrometer,334,,"hydrometers,"
10404,54,hydrometer,334,,"hydrometers,"
6902,54,hydrometer,334,,"hydrometers,"
7225,54,hydrometer,334,,"hydrometers,"
6189,54,hydrometer,334,,"hydrometers,"
6377,54,hydrometer,334,,"hydrometers,"
3050,54,hydrometer,334,,"hydrometers,"
8624,54,hydrometer,334,,"hydrometers,"
29,55,hydrostatic bubble,340,,"hydrostatic bubbles,"
446,55,hydrostatic bubble,340,,"hydrostatic bubbles,"
1016,55,hydrostatic bubble,340,,hydrostatic bubbles
1049,55,hydrostatic bubble,340,,"hydrostatic bubbles,"
3159,55,hydrostatic bubble,340,,hydrostatic bubble
3176,55,hydrostatic bubble,340,,hydrostatic bubbles
3769,55,hydrostatic bubble,340,,hydrostatic bubbles
3770,55,hydrostatic bubble,340,,hydrostatic bubbles
3702,55,hydrostatic bubble,340,,hydrostatic bubbles
551,56,hygrometer,343,,"hygrometer,"
568,56,hygrometer,343,,"hygrometer,"
696,56,hygrometer,343,,"hygrometer,"
709,56,hygrometer,343,,"hygrometer,"
21,56,hygrometer,343,,"hygrometer,"
54,56,hygrometer,343,,"hygrometer,"
166,56,hygrometer,343,,"hygrometer,"
182,56,hygrometer,343,,"hygrometer,"
281,56,hygrometer,343,,"hygrometer,"
359,56,hygrometer,343,,"hygrometer,"
541,56,hygrometer,343,,"hygrometer,"
547,56,hygrometer,343,,"hygrometer,"
770,56,hygrometer,343,,"hygrometer,"
3492,56,hygrometer,343,,"hygrometer,"
3621,56,hygrometer,343,,hygrometer
4275,56,hygrometer,343,,"hygrometers,"
5601,56,hygrometer,343,,"hygrometer,"
7166,56,"hygrometer, recording",345,,"recording hygrometers,"
7677,56,hygrometer,343,,"hygrometers,"
8863,56,hygrometer,343,,"hygrometer,"
6569,56,hygrometer,343,,"hygrometers,"
8879,56,hygrometer,343,,"hygrometers,"
29,56,hygrometer,343,,hygrometer
550,56,hygrometer,343,,"hygrometers,"
4600,56,hygrometer,343,,"hygrometers,"
9091,57,heliograph,323,,"heliographs,"
4287,57,heliograph,323,,"heliographs,"
1718,59,kaleidoscope,351,,"kaleidoscopes,"
29,60,level,370,,"level, telescope,"
29,,telescope,715,,"level, telescope,"
45,60,level,370,,level
164,60,level,370,,"level,"
279,60,level,370,,"level,"
347,60,level,370,,"level,"
2000,60,level,370,,"level,"
2076,60,level,370,,"level,"
2812,60,level,370,,"level,"
2816,60,level,370,,"level,"
2841,60,level,370,,levels
3128,60,level,370,,"level,"
3269,60,level,370,,"level,"
3690,60,level,370,,level
3691,60,level,370,,levels
3819,60,level,370,,"level,"
4259,60,level,370,,"level,"
4285,60,"level, dumpy",374,,"dumpy level,"
4285,60,level,370,,"level,"
4677,60,level,370,,"level,"
6077,60,level,370,,"level,"
6543,60,level,370,,"levels,"
6949,60,level,370,,level
7166,60,level,370,,"levels,"
8262,60,level,370,,"levels,"
3129,60,level,370,,"level,"
6569,60,level,370,,"levels,"
8879,60,level,370,,"levels,"
1718,60,level,370,,levels
279,60,"level, surveyor's",378,,"surveyors level,"
424,60,level,370,,lvels
4246,60,level,370,,"levels,"
9091,60,level,370,,"levels,"
2834,60,"level, drainage",373,,"drainage level,"
6978,60,microscope,429,,microscopes
589,61,lodestone,383,,"lodestone,"
696,61,lodestone,383,,"lodestone,"
29,61,lodestone,383,,"lodestone,"
155,61,lodestone,383,,"lodestone,"
168,61,lodestone,383,,"lodestone,"
280,61,lodestone,383,,"lodestone,"
347,61,lodestone,383,,"lodestone,"
359,61,lodestone,383,,"lodestone,"
770,61,lodestone,383,,"lodestone,"
1945,61,lodestone,383,,"lodestone,"
2076,61,lodestone,383,,"Lodestone,"
3518,61,lodestone,383,,"lodestones,"
140,62,ship's log,620,,"log,"
403,62,ship's log,620,,"logs,"
839,62,ship's log,620,,"log,"
1215,62,ship's log,620,,"log,"
3044,62,ship's log,620,,log
4285,62,ship's log,620,,"ship's log,"
8110,62,ship's log,620,,"log,"
9997,62,ship's log,620,,"ship's logs,"
10148,62,ship's log,620,,ships' logs
10198,62,"ship's log, mechanical",622,,ships' logs (mechanical)
10199,62,ship's log,620,,ships' logs
10200,62,ship's log,620,,ships' logs
8860,62,ship's log,620,,"logs,"
6999,62,ship's log,620,,logs
9091,62,"ship's log, electric",621,,"ship's electric logs,"
9151,62,ship's log,620,,nautical log
8251,62,parallel rule,502,,"log parallel rules,"
9165,62,ship's log,620,,"logs,"
2775,62,Massey's log,405,,Massey's log
2774,62,ship's log,620,,"logs,"
6913,62,ship's log,620,,logs
4480,62,ship's log,620,,ships' logs
9771,62,ship's log,620,,ships' log
5536,62,ship's log,620,,ships' logs
4254,62,ship's log,620,,ships' logs
6459,62,ship's log,620,,"ship's logs,"
7681,62,ship's log,620,,ship's logs
7683,62,ship's log,620,,ships' logs
683,63,lens,362,,lenses
5,63,lens,362,,"lens,"
281,63,lens,362,,"lens,"
335,63,lens,362,,lens
547,63,lens,362,,"lens,"
2604,63,lens,362,,"lens,"
2814,63,lens,362,,"lenses,"
2816,63,lens,362,,"optical lenses,"
3051,63,lens,362,,"lens,"
3688,63,lens,362,,"lenses,"
4284,63,"lens, camera",363,,photo lenses
5640,63,lens,362,,"lenses,"
6543,63,lens,362,,"lenses,"
6696,63,lens,362,,lens
6726,63,lens,362,,"lenses,"
7820,63,lens,362,,"lens,"
7904,63,lens,362,,"lenses,"
8101,63,lens,362,,"lenses,"
8351,63,microscope objective,443,,"microscope objectives,"
4245,63,"lens, microscope",364,,"microscope lenses,"
4245,63,"lens, camera",363,,"photographic lenses,"
5129,63,lens,362,,"lens,"
2816,63,lens,362,,"lenses,"
4245,63,objective,482,,"object glasses,"
4246,63,lens,362,,lenses
4257,63,"lens, camera",363,,photographic lenes
9091,63,lens,362,,"lenses,"
2326,63,lens,362,,"lenses,"
2834,63,lens,362,,"lenses,"
7877,63,lens,362,,"lenses,"
2093,63,lens,362,,"lenses,"
4984,63,lens,362,,"lenses,"
7935,63,lens,362,,"lenses,"
6461,63,lens,362,,"lenses,"
9688,63,"lens, camera",363,,lenses (photo)
5241,63,lens,362,,lenses
4256,63,microscope objective,443,,"microscope objectives,"
9864,63,lens,362,,lenses
9697,63,lens,362,,"lenses,"
4937,63,"lens, spectacles",365,,spectacles lenses
8025,63,"lens, camera",363,,photo lenses
6014,63,objective,482,,object glasses
7152,63,"lens, camera",363,,"photo lenses,"
566,64,measure,408,,"measure (capacity),"
446,64,measure,408,,"measure (capacity),"
454,64,measure,408,,"measure (capacity),"
491,64,measure,408,,measure - capacity
1124,64,measure,408,,measure - capacity
1758,64,measure,408,,"measure - capacity,"
1762,64,measure,408,,"measure - capacity,"
1782,64,measure,408,,"measure-capacity,"
2260,64,measure,408,,measure - capacity
2302,64,measure,408,,measure - capacity
2622,64,measure,408,,measure - capacity
2700,64,measure,408,,"measure - capacity,"
2743,64,measure,408,,measure - capacity
2956,64,measure,408,,measure - capacity
3002,64,measure,408,,measure - capacity
3003,64,measure,408,,measure - capacity
3004,64,measure,408,,Measure-capacity
3005,64,measure,408,,measure - capacity
3006,64,measure,408,,measure - capacity
3145,64,measure,408,,measure - capacity
3427,64,measure,408,,"measure - capacity,"
3429,64,measure,408,,"measure - capacity,"
3453,64,measure,408,,"measure - capacity,"
3458,64,measure,408,,"measure-capacity,"
3888,64,measure,408,,"measure - capacity,"
4088,64,measure,408,,"measure (capacity),"
4106,64,measure,408,,measure (capacity)
4379,64,measure,408,,"measure (volume),"
4827,64,measure,408,,"measure (capacity),"
4904,64,measure,408,,measure (capacity)
6495,64,measure,408,,"measures,"
6497,64,measure,408,,"measures,"
6591,64,measure,408,,measure
7063,64,measure,408,,measure
7091,64,measure,408,,"measures,"
7249,64,measure,408,,measures
7250,64,measure,408,,measures
7514,64,measure,408,,measures
7651,64,measure,408,,measures
8027,64,measure,408,,measures
8140,64,measure,408,,measure
1241,64,measure,408,,"measures,"
7650,64,measure,408,,"measures,"
9068,64,measure,408,,"measures,"
8083,64,measure,408,,"measures,"
10026,64,measure,408,,"measures,"
3093,64,measure,408,,"measures (capacity),"
10181,64,measure,408,,measures (capacity)
324,64,measure,408,,measures
5776,64,measure,408,,"measures,"
9368,64,measure,408,,measures
9369,64,measure,408,,measures
5533,64,measure,408,,measures
9372,64,measure,408,,"measure (capacity),"
9374,64,measure,408,,measures
9377,64,measure,408,,"measures,"
8072,64,measure,408,,"measures,"
3666,64,measure,408,,"measures,"
5354,64,measure,408,,measures
8650,64,measure,408,,"measures,"
9535,64,measure,408,,"measures,"
9536,64,measure,408,,"measures,"
8845,64,measure,408,,measures
9543,64,measure,408,,"measure,"
8729,64,measure,408,,"measures,"
8761,64,measure,408,,"measures,"
8754,64,measure,408,,"measures,"
9719,64,measure,408,,"measures,"
9843,64,measure,408,,measures
9854,64,measure,408,,measures
9510,64,measure,408,,measures
9956,64,measure,408,,"measures (capacity),"
3422,64,measure,408,,"measures,"
10321,64,measure,408,,"measures (capacity),"
10325,64,measure,408,,"measures,"
10435,64,measure,408,,"measures,"
6675,64,"measure, corn",411,,"corn measures,"
9945,64,measure,408,,"measures,"
8726,64,measure,408,,"measures,"
8749,64,measure,408,,"measures,"
3477,64,measure,408,,"measures,"
10543,64,measure,408,,"measures (volume),"
10544,64,measure,408,,"measures,"
10545,64,measure,408,,"measures,"
10564,64,"measure, corn",411,,corn measures
550,66,microscope,429,,"microscope,"
551,66,microscope,429,,"microscope,"
568,66,microscope,429,,"microscope,"
610,66,microscope,429,,"microscope,"
621,66,microscope,429,,"microscope,"
661,66,microscope,429,,"microscope,"
696,66,microscope,429,,"microscope,"
714,66,microscope,429,,"microscope,"
722,66,microscope,429,,"microscope,"
738,66,"microscope, solar",438,,"microscope, (solar)"
200,66,microscope,429,,"microscope,"
226,66,microscope,429,,"microscope,"
232,66,microscope,429,,"microscope,"
235,66,microscope,429,,"microscope,"
272,66,microscope,429,,"microscope,"
273,66,microscope,429,,"microscope,"
275,66,microscope,429,,"microscope,"
1,66,microscope,429,,"microscope,"
5,66,microscope,429,,"microscope,"
7,66,microscope,429,,microscope
21,66,microscope,429,,"microscope,"
29,66,"microscope, solar",438,,"microscope, solar,"
50,66,microscope,429,,"microscope,"
67,66,microscope,429,,"microscope,"
147,66,microscope,429,,"microscope,"
164,66,microscope,429,,"microscope,"
166,66,"microscope, solar",438,,"microscope (solar),"
166,66,microscope,429,,"microscope,"
168,66,microscope,429,,"microscope,"
182,66,microscope,429,,"microscope,"
195,66,microscope,429,,"microscope,"
280,66,microscope,429,,"microscope,"
281,66,microscope,429,,"microscope,"
316,66,microscope,429,,"microscope,"
332,66,microscope,429,,"microscope,"
346,66,microscope,429,,"microscope,"
347,66,microscope,429,,"microscope,"
359,66,microscope,429,,"microscope,"
394,66,microscope,429,,"microscope,"
414,66,microscope,429,,"microscope,"
415,66,microscope,429,,"microscope,"
421,66,microscope,429,,"microscope,"
426,66,microscope,429,,"microscope,"
438,66,microscope,429,,"microscope,"
439,66,microscope,429,,"microscope,"
451,66,microscope,429,,"microscopes,"
490,66,microscope,429,,"microscope,"
541,66,microscope,429,,"microscope,"
547,66,microscope,429,,"microscope,"
762,66,microscope,429,,"microscope,"
770,66,microscope,429,,"microscope,"
770,66,"microscope, solar",438,,"solar microscopes,"
779,66,microscope,429,,"microscope,"
894,66,microscope,429,,"microscope,"
921,66,microscope,429,,"microscope,"
928,66,microscope,429,,microscope
944,66,microscope,429,,"microscope,"
1364,66,microscope,429,,"microscope,"
1528,66,microscope,429,,"microscope,"
1529,66,microscope,429,,"microscope,"
1530,66,microscope,429,,"microscope,"
1531,66,microscope,429,,"microscope,"
1532,66,microscope,429,,"microscope,"
1722,66,microscope,429,,"microscope,"
1779,66,microscope,429,,"microscope,"
1945,66,microscope,429,,"microscope,"
1946,66,microscope,429,,"microscope,"
1950,66,microscope,429,,"microscope,"
2000,66,microscope,429,,"microscope,"
2048,66,microscope,429,,"microscope,"
2076,66,microscope,429,,"microscope,"
2241,66,microscope,429,,"microscope,"
2326,66,microscope,429,,"microscope,"
2812,66,microscope,429,,"microscope,"
2814,66,microscope,429,,"microscopes,"
2815,66,microscope,429,,"microscope,"
2816,66,microscope,429,,"microscope,"
2825,66,"microscope, hydro-oxygen",435,,hydro-oxygen microscope
2885,66,microscope,429,,"microscope,"
3117,66,microscope,429,,microscope
3492,66,microscope,429,,"microscope,"
3502,66,microscope,429,,"microscope,"
3503,66,microscope,429,,microscope
3517,66,microscope,429,,"microscope,"
3643,66,microscope,429,,"microscope,"
3668,66,microscope,429,,microscope
3804,66,microscope,429,,"microscope,"
3819,66,microscope,429,,"microscope,"
4021,66,microscope,429,,"microscope,"
4244,66,microscope,429,,microscope
4252,66,microscope,429,,"microscope,"
4276,66,microscope,429,,"microscopes,"
4278,66,microscope,429,,"microscope,"
4281,66,microscope,429,,microscope
4285,66,microscope,429,,"microscopes,"
4287,66,microscope,429,,"microscope,"
4288,66,microscope,429,,microscopes
4307,66,microscope,429,,"microscope,"
4308,66,microscope,429,,microscopes
4309,66,microscope,429,,"microscope,"
4314,66,microscope,429,,"microscope,"
4362,66,microscope,429,,"microscope,"
4423,66,microscope,429,,microscopes
4535,66,microscope,429,,"microscope,"
4593,66,microscope,429,,microscope
4594,66,microscope,429,,microscope
4599,66,microscope,429,,"microscope,"
5601,66,microscope,429,,"microscope,"
5640,66,microscope,429,,"microscopes,"
5867,66,microscope,429,,"microscope,"
6039,66,microscope,429,,"microscope,"
6060,66,microscope,429,,microscope
6221,66,microscope,429,,"microscope,"
6466,66,microscope,429,,"microscopes,"
6526,66,microscope,429,,"microscopes,"
6543,66,microscope,429,,"microscopes,"
6726,66,microscope,429,,"microscopes,"
6823,66,microscope,429,,"microscope,"
6927,66,microscope,429,,"microscopes,"
6994,66,microscope,429,,"microscopes,"
7223,66,microscope,429,,"microscopes,"
7282,66,microscope,429,,"microscopes,"
7410,66,microscope,429,,"microscopes,"
7551,66,microscope,429,,"microscopes,"
7748,66,microscope,429,,"microscopes,"
7749,66,microscope,429,,"microscopes,"
7820,66,microscope,429,,"microscope,"
7850,66,microscope,429,,"microscopes,"
7904,66,microscope,429,,"microscopes,"
8130,66,microscope,429,,microscopes
8159,66,microscope,429,,microscopes
8160,66,microscope,429,,microscopes
8161,66,microscope,429,,microscopes
8162,66,microscope,429,,"microscopes,"
8174,66,microscope,429,,"microscopes,"
8262,66,microscope,429,,"microscopes,"
8287,66,microscope,429,,microscopes
8351,66,microscope,429,,"microscopes,"
273,66,"microscope, solar",438,,"microscope solar,"
10155,66,microscope,429,,microscopes
661,66,"microscope, solar",438,,"microscope, solar"
2880,66,microscope,429,,"microscopes,"
29,66,"microscope, botanical",431,,microscopes botanic
514,66,microscope,429,,"microscope,"
7184,66,microscope,429,,microscope
8971,66,microscope,429,,microscopes
8972,66,microscope,429,,microscopes
550,66,"microscope, solar",438,,"solar microscope,"
424,66,microscope,429,,microscopes
424,66,"microscope, solar",438,,solar microscopes
9054,66,microscope,429,,"microscpoes,"
2841,66,telescope,715,,"telescopes,"
2841,66,microscope,429,,microscopes
4245,66,microscope,429,,"microscopes,"
4246,66,microscope,429,,"microscopes,"
4290,66,microscope,429,,microscopes
8134,66,microscope,429,,microscopes
4257,66,microscope,429,,micrscopes
6739,66,microscope,429,,"microscopes,"
9084,66,microscope,429,,"microscopes,"
714,66,"microscope, solar",438,,solar microscope
9091,66,microscope,429,,"microscopes,"
7751,66,microscope,429,,microscopes
738,66,microscope,429,,microscopes
282,66,microscope,429,,microscope
4600,66,microscope,429,,"microscopes,"
401,66,microscope,429,,microscopes
3518,66,microscope,429,,"microscopes,"
4268,66,microscope,429,,"microscopes,"
7117,66,microscope,429,,"microscopes, microscopes, scopes,"
9263,66,microscope,429,,"microscopes,"
9266,66,microscope,429,,"microscopes,"
2897,66,microscope,429,,"microscopes,"
6722,66,microscope,429,,"microscopes,"
4154,66,microscope,429,,"microscopes,"
3531,66,microscope,429,,microscopes
7877,66,microscope,429,,"microscopes,"
2093,66,microscope,429,,"microscopes,"
4261,66,microscope,429,,"microscopes,"
2975,66,microscope,429,,"microscopes,"
6249,66,microscope,429,,microscopes
6461,66,microscope,429,,"microscopes,"
662,66,microscope,429,,"microscopes,"
4283,66,microscope,429,,"microscropes,"
5241,66,microscope,429,,microscopes
7716,66,microscope,429,,"microscopes,"
4256,66,microscope,429,,"microscopes,"
4254,66,microscope,429,,"microscopes,"
4767,66,microscope,429,,"microscopes,"
2268,66,microscope,429,,"microscopes,"
446,66,microscope,429,,microscopes
4994,66,microscope,429,,"microscopes,"
6526,66,"microscope, binocular",430,,"microscopes (binocular),"
7456,66,microscope,429,,microscopes
5954,66,microscope,429,,microscopes
8038,66,microscope,429,,microscopes
6444,66,microscope,429,,"microscopes,"
6444,66,"microscope, binocular",430,,"binocular microscopes,"
6131,66,microscope,429,,microscopes
188,66,microscope,429,,"microscopes,"
10133,66,microscope,429,,microscopes
10133,66,"microscope, binocular",430,,binocular microscopes
6014,66,microscope,429,,"microscopes,"
8246,66,microscope,429,,"microscopes,"
7152,66,microscope,429,,"microscopes,"
442,68,"quadrant, mural",580,,"mural quadrant,"
550,68,"quadrant, mural",580,,"quadrant mural,"
550,69,magic lantern,389,,"magic lantern,"
551,69,magic lantern,389,,"magic lantern,"
568,69,magic lantern,389,,"magic lantern,"
621,69,magic lantern,389,,"magic lantern,"
661,69,magic lantern,389,,"magic lantern,"
696,69,magic lantern,389,,"magic lantern,"
714,69,magic lantern,389,,"magic lantern,"
722,69,magic lantern,389,,"magic lantern,"
738,69,magic lantern,389,,"magic lantern,"
226,69,magic lantern,389,,"magic lantern,"
232,69,magic lantern,389,,"magic lantern,"
272,69,magic lantern,389,,"magic lantern,"
273,69,magic lantern,389,,"magic lantern,"
275,69,magic lantern,389,,"magic lantern,"
5,69,magic lantern,389,,"magic lantern,"
21,69,magic lantern,389,,"magic lantern,"
67,69,magic lantern,389,,"magic lantern,"
166,69,magic lantern,389,,"magic lantern,"
195,69,magic lantern,389,,"magic lantern,"
280,69,magic lantern,389,,"magic lantern,"
332,69,magic lantern,389,,"magic lantern,"
347,69,magic lantern,389,,"magic lantern,"
359,69,magic lantern,389,,"magic lantern,"
442,69,magic lantern,389,,"magic lantern,"
490,69,magic lantern,389,,"magic lantern,"
541,69,magic lantern,389,,"magic lantern,"
547,69,magic lantern,389,,"magic lantern,"
770,69,magic lantern,389,,"magic lantern,"
944,69,magic lantern,389,,"magic lantern,"
1364,69,magic lantern,389,,"magic lantern,"
1945,69,magic lantern,389,,"magic lantern,"
1946,69,magic lantern,389,,"magic lantern,"
2048,69,magic lantern,389,,"magic lantern,"
2076,69,magic lantern,389,,"magic lantern,"
2812,69,magic lantern,389,,"magic lantern,"
2816,69,magic lantern,389,,"magic lantern,"
3196,69,magic lantern,389,,"magic lantern,"
3218,69,magic lantern,389,,"magic lantern,"
3502,69,magic lantern,389,,"magic lantern,"
4285,69,magic lantern,389,,"magic lantern,"
4309,69,magic lantern,389,,"magic lantern,"
4535,69,magic lantern,389,,"magic lantern,"
4599,69,magic lantern,389,,"magic lantern,"
4880,69,magic lantern,389,,"magic lantern,"
5867,69,magic lantern,389,,"magic lantern,"
6212,69,magic lantern,389,,magic lantern
6418,69,magic lantern,389,,"magic lanterns,"
6526,69,magic lantern,389,,"magic lanterns,"
6543,69,magic lantern,389,,"magic lanterns,"
6726,69,magic lantern,389,,"magic lanterns,"
6927,69,magic lantern,389,,"magic lanterns,"
7081,69,magic lantern,389,,"magic lanterns,"
7677,69,lantern slide,360,,"lantern slides,"
7904,69,magic lantern,389,,"magic lanterns,"
8355,69,magic lantern,389,,magic lantern
8357,69,magic lantern,389,,magic laterns
6001,69,magic lantern,389,,"magic lantern,"
3688,69,magic lantern,389,,"magic lanterns,"
2880,69,magic lantern,389,,"magic lantern,"
424,69,magic lantern,389,,magic lanterns
4287,69,magic lantern,389,,"magic lantern,"
3518,69,magic lantern,389,,"magic lanterns,"
6722,69,magic lantern,389,,"magic lanterns,"
9280,69,lantern slide,360,,"magic lantern slides,"
4154,69,magic lantern,389,,"magic lanterns,"
6461,69,magic lantern,389,,"magic lantern,"
6461,69,lantern slide,360,,"magic lantern slides,"
4276,69,projection lantern,555,,"projection lanterns,"
8279,69,magic lantern,389,,"magic lanterns,"
5241,69,magic lantern,389,,"magic lanterns,"
4254,69,magic lantern,389,,"magic lanterns,"
5219,69,magic lantern,389,,magic lanterns
10248,69,magic lantern,389,,magic lanterns
9528,69,magic lantern,389,,"magic lanterns,"
7292,69,magic lantern,389,,magic lanterns
7576,69,magic lantern,389,,magic lanterns
6978,69,magic lantern,389,,"magic lanterns,"
10311,69,magic lantern,389,,magic lanterns
10345,69,magic lantern,389,,magic lanterns
10346,69,magic lantern,389,,magic lanterns
10349,69,magic lantern,389,,"magic lanterns,"
10349,69,lantern slide,360,,magic lantern slides
10385,69,magic lantern,389,,magic lanterns
4275,69,magic lantern,389,,"magic lanterns,"
8357,69,lantern slide,360,,"lantern slides,"
7498,69,magic lantern,389,,"magic lanterns,"
10419,69,magic lantern,389,,magic lanterns
10419,69,lantern slide,360,,magic lantern slides
10410,69,magic lantern,389,,"magic lanterns,"
10410,69,lantern slide,360,,"magic lantern slides,"
4276,69,magic lantern,389,,"magic lanterns,"
6042,69,magic lantern,389,,"magic lanterns,"
10486,69,magic lantern,389,,magic lanterns
7469,69,magic lantern,389,,"magic lanterns,"
6978,69,lantern slide,360,,magic lantern slides
7152,69,magic lantern,389,,"magic lanterns,"
7152,69,lantern slide,360,,"magic lantern slides,"
918,70,micrometer,426,,"micrometer,"
29,70,micrometer,426,,"micrometer,"
1850,70,micrometer,426,,"micrometer,"
7013,70,micrometer,426,,micrometer
6929,70,micrometer,426,,"micrometers,"
551,71,magnifying glass,398,,"magnifying glass,"
568,71,magnifying glass,398,,"magnifying glass,"
621,71,magnifying glass,398,,"magnifying glass,"
661,71,magnifying glass,398,,"magnifying glass,"
696,71,magnifying glass,398,,"magnifying glass,"
701,71,magnifying glass,398,,"magnifying glass,"
722,71,magnifying glass,398,,"magnifying glass,"
738,71,magnifying glass,398,,"magnifying glass,"
200,71,magnifying glass,398,,"magnifying glass,"
232,71,magnifying glass,398,,"magnifying glass,"
235,71,magnifying glass,398,,"magnifying glass,"
272,71,magnifying glass,398,,"magnifying glass,"
273,71,magnifying glass,398,,"magnifying glass,"
275,71,magnifying glass,398,,"magnifying glass,"
5,71,magnifying glass,398,,"magnifying glass,"
21,71,magnifying glass,398,,"magnifying glass,"
29,71,magnifying glass,398,,"magnifying glass,"
50,71,magnifying glass,398,,"magnifying glass,"
147,71,magnifying glass,398,,"magnifying glass,"
155,71,magnifying glass,398,,"magnifying glass,"
164,71,magnifying glass,398,,"magnifying glass,"
166,71,magnifying glass,398,,"magnifying glass,"
182,71,magnifying glass,398,,"magnifying glass,"
195,71,magnifying glass,398,,"magnifying glass,"
280,71,magnifying glass,398,,"magnifying glass,"
316,71,magnifying glass,398,,"magnifying glass,"
332,71,magnifying glass,398,,"magnifying glass,"
346,71,magnifying glass,398,,"magnifying glass,"
359,71,magnifying glass,398,,"magnifying glass,"
361,71,magnifying glass,398,,magnifying glass
421,71,magnifying glass,398,,"magnifying glass,"
438,71,magnifying glass,398,,"magnifying glass,"
439,71,magnifying glass,398,,"magnifying glass,"
451,71,magnifying glass,398,,"magnifying glass,"
490,71,magnifying glass,398,,"magnifying glass,"
541,71,magnifying glass,398,,"magnifying glass,"
547,71,magnifying glass,398,,"magnifying glass,"
770,71,magnifying glass,398,,"magnifying glass,"
921,71,magnifying glass,398,,"magnifying glass,"
944,71,magnifying glass,398,,"magnifying glass,"
1364,71,reading glasses,586,,"reading glasses,"
1946,71,magnifying glass,398,,"magnifying glass,"
2604,71,magnifying glass,398,,"magnifying glass,"
2814,71,magnifier,397,,"magifiers,"
2814,71,reading glasses,586,,"reading glasses,"
3042,71,magnifying glass,398,,"magnifying glass,"
4116,71,magnifying glass,398,,"magnifying glass,"
4285,71,magnifying glass,398,,"magnifying glass,"
4535,71,magnifying glass,398,,"magnifying glass,"
4599,71,magnifying glass,398,,"magnifying glass,"
5083,71,magnifying glass,398,,"magnifying glass,"
5640,71,reading glasses,586,,"reading glasses,"
6221,71,magnifying glass,398,,"magnifing glass,"
67,71,reading glasses,586,,"reading glasses,"
168,71,reading glasses,586,,"reading glasses,"
944,71,magnifying glass,398,,magnifying glasses
550,71,reading glasses,586,,"reading glasses,"
4286,71,pocket magnifier,541,,pocket magnifier
424,71,magnifying glass,398,,magnifying glasses
9054,71,reading glasses,586,,"reading glasses,"
421,71,reading glasses,586,,"reading glasses,"
2897,71,reading glasses,586,,reading glasses
6461,71,magnifying glass,398,,"magnifying glasses,"
5984,71,magnifying glass,398,,magnifying glass
9815,71,reading glasses,586,,"reading glasses,"
2756,71,engraver's glasses,797,,engravers' glasses
2756,71,weaver's glasses,806,,weavers' glasses
2816,71,reading glasses,586,,"reading glasses,"
198,72,Napier's bones,477,,"Napier's bones,"
94,72,Napier's bones,477,,"Napier's bones,"
696,73,nocturnal,481,,"nocturnal,"
198,73,nocturnal,481,,"nocturnal,"
103,73,nocturnal,481,,"nocturnal,"
127,73,nocturnal,481,,"nocturnal,"
155,73,nocturnal,481,,"nocturnal,"
279,73,nocturnal,481,,"nocturnal,"
359,73,nocturnal,481,,"nocturnal,"
770,73,nocturnal,481,,"nocturnal,"
1945,73,nocturnal,481,,"nocturnal,"
2306,74,mining instrument,453,,"mining instruments,"
2880,74,miner's dial,452,,"miner's dial,"
6569,74,miner's dial,452,,"miners' dials,"
9091,74,miner's dial,452,,miners' dials
696,75,octant,483,,Hadley's quadrant
714,75,octant,483,,Halley's octant
359,75,octant,483,,Hadley's quadrant
7677,75,magic lantern,389,,"optical lanterns,"
828,75,octant,483,,octant
29,75,octant,483,,quadrant Hadley's
341,75,octant,483,,Hadley's quadrant
1364,75,octant,483,,Hadlays quandrant
50,75,octant,483,,Hadley quadrant
551,78,opera glasses,485,,"opera glasses,"
568,78,opera glasses,485,,"opera glasses,"
661,78,opera glasses,485,,"opera glasses,"
696,78,opera glasses,485,,"opera glasses,"
738,78,opera glasses,485,,"opera glasses,"
8695,78,opera glasses,485,,opera glasses
272,78,opera glasses,485,,"opera glasses,"
273,78,opera glasses,485,,"opera glasses,"
275,78,opera glasses,485,,"opera glasses,"
21,78,opera glasses,485,,"opera glasses,"
29,78,opera glasses,485,,"opera glasses,"
67,78,opera glasses,485,,"opera glasses,"
164,78,opera glasses,485,,"opera glasses,"
166,78,opera glasses,485,,"opera glasses,"
182,78,opera glasses,485,,"opera glasses,"
316,78,opera glasses,485,,"opera glasses,"
332,78,opera glasses,485,,"opera glasses,"
347,78,opera glasses,485,,"opera glasses,"
359,78,opera glasses,485,,"opera glasses,"
438,78,opera glasses,485,,"opera glasses,"
490,78,opera glasses,485,,"opera glasses,"
541,78,opera glasses,485,,"opera glasses,"
762,78,opera glasses,485,,"opera glasses,"
770,78,opera glasses,485,,"opera glasses,"
787,78,opera glasses,485,,"opera glasses,"
828,78,opera glasses,485,,"opera glasses,"
944,78,opera glasses,485,,"opera glasses,"
1364,78,opera glasses,485,,"opera glasses,"
1722,78,opera glasses,485,,"opera glasses,"
1946,78,opera glasses,485,,"opera glasses,"
2000,78,opera glasses,485,,"opera glasses,"
2048,78,opera glasses,485,,opera glasses
2076,78,opera glasses,485,,"opera glasses,"
2812,78,opera glasses,485,,"opera glasses,"
2814,78,opera glasses,485,,"opera glasses,"
2816,78,opera glasses,485,,"opera glasses,"
3050,78,opera glasses,485,,"opera glasses,"
3502,78,opera glasses,485,,"opera glasses,"
3518,78,opera glasses,485,,"opera glasses,"
3688,78,opera glasses,485,,"opera glasses,"
4154,78,opera glasses,485,,"opera glasses,"
4278,78,opera glasses,485,,"opera glasses,"
4285,78,opera glasses,485,,"opera glasses,"
4314,78,opera glasses,485,,"opera glasses,"
4535,78,opera glasses,485,,"opera glasses,"
4599,78,opera glasses,485,,"opera glasses,"
5336,78,opera glasses,485,,"opera glasses,"
5640,78,opera glasses,485,,"opera glasses,"
5849,78,opera glasses,485,,opera glasses
6077,78,opera glasses,485,,"opera glasses,"
6221,78,opera glasses,485,,"opera glasses,"
6320,78,opera glasses,485,,"opera glasses,"
6330,78,opera glasses,485,,"opera glasses,"
6470,78,opera glasses,485,,"opera glasses,"
6471,78,opera glasses,485,,"opera glasses,"
6543,78,opera glasses,485,,"opera glasses,"
6615,78,opera glasses,485,,"opera glasses,"
6784,78,opera glasses,485,,opera glasses
6822,78,opera glasses,485,,"opera glasses,"
6824,78,opera glasses,485,,opera glasses
6994,78,opera glasses,485,,"opera glasses,"
7282,78,opera glasses,485,,"opera glasses,"
7410,78,opera glasses,485,,"opera glasses,"
7653,78,opera glasses,485,,"opera glasses,"
7690,78,opera glasses,485,,opera glasses
7748,78,opera glasses,485,,"opera glasses,"
7749,78,opera glasses,485,,"opera glasses,"
7849,78,opera glasses,485,,"opera glasses,"
7850,78,opera glasses,485,,"opera glasses,"
7904,78,opera glasses,485,,"opera glasses,"
8096,78,opera glasses,485,,opera glasses
8097,78,opera glasses,485,,opera glasses
8101,78,opera glasses,485,,"opera glasses,"
6364,78,opera glasses,485,,opera glasses
7081,78,opera glasses,485,,opera glasses'
905,78,opera glasses,485,,"opera glasses,"
4283,78,opera glasses,485,,"opera glasses,"
3218,78,opera glasses,485,,"opera glasses,"
4275,78,opera glasses,485,,"opera glasses,"
6143,78,opera glasses,485,,opera glasses
2880,78,opera glasses,485,,"opera glasses,"
550,78,opera glasses,485,,"opera glasses,"
424,78,opera glasses,485,,opera glasses
2841,78,opera glasses,485,,"opera glasses,"
4252,78,opera glasses,485,,"opera glasses,"
4287,78,opera glasses,485,,opera glasses
7751,78,opera glasses,485,,opera glasses
4600,78,opera glasses,485,,"opera glasses,"
9215,78,opera glasses,485,,"opera glasses,"
8434,78,opera glasses,485,,"opera glasses,"
7117,78,opera glasses,485,,"opera glassses,"
4244,78,opera glasses,485,,opera glasses
9263,78,opera glasses,485,,"opera glasses,"
9266,78,opera glasses,485,,"opera glasses,"
2834,78,opera glasses,485,,"opera glasses,"
7877,78,opera glasses,485,,"opera glasses,"
9401,78,opera glasses,485,,"opera glasses,"
2093,78,opera glasses,485,,"opera glasses,"
6461,78,opera glasses,485,,"opera glass,"
4767,78,opera glasses,485,,"operaglasses,"
9868,78,opera glasses,485,,opera glasses
10284,78,opera glasses,485,,opera glasses
10509,78,opera glasses,485,,opera glasses
439,78,opera glasses,485,,"opera galsses,"
7152,78,opera glasses,485,,"opera glasses,"
1364,79,orrery,496,,orrery
8154,79,meteorological instrument,424,,"meteorological instruments,"
29,79,orrery,496,,orreries
945,79,orrery,496,,"orrery,"
50,79,orrery,496,,"orrery,"
551,80,pantograph,499,,"pantograph,"
568,80,pantograph,499,,"pantograph,"
714,80,pantograph,499,,"pantograph,"
29,80,pantograph,499,,"pantograph,"
166,80,pantograph,499,,"pantograph,"
182,80,pantograph,499,,"pantograph,"
347,80,pantograph,499,,"pantograph,"
547,80,pantograph,499,,"pantograph,"
770,80,pantograph,499,,"pantograph,"
1364,80,pantograph,499,,"pantograph,"
2076,80,pantograph,499,,"pantograph,"
4285,80,eidograph,218,,"eidograph,"
4285,80,pantograph,499,,"pantograph,"
2880,80,pantograph,499,,"pantograph,"
550,80,pantograph,499,,"pantographs,"
424,80,pantograph,499,,"pantograph,"
3518,80,pantograph,499,,"pantographs,"
1181,82,saccharometer,604,,saccharometers
4609,82,saccharometer,604,,"saccharometer,"
4801,82,saccharometer,604,,"saccharometer,"
5002,82,saccharometer,604,,saccharometer
5601,82,saccharometer,604,,"saccharometer,"
6139,82,saccharometer,604,,saccharometer
6347,82,saccharometer,604,,saccharometers
6893,82,saccharometer,604,,"saccharometers,"
7436,82,saccharometer,604,,"saccharometers,"
7601,82,saccharometer,604,,saccharometer
7999,82,saccharometer,604,,"saccharometers,"
8088,82,saccharometer,604,,"saccharometers,"
8174,82,saccharometer,604,,"saccharometers,"
8262,82,saccharometer,604,,"sacchometers,"
8459,82,saccharometer,604,,"saccharometers,"
4414,82,saccharometer,604,,saccharometer
6000,82,saccharometer,604,,"saccharometers,"
6001,82,saccharometer,604,,"saccharometers,"
5223,82,saccharometer,604,,"saccharometers,"
10035,82,saccharometer,604,,"saccharometers,"
7448,82,saccharometer,604,,"saccharometers,"
7581,82,saccharometer,604,,"saccharometers,"
7582,82,saccharometer,604,,"saccharometers,"
6658,82,saccharometer,604,,"saccharometers,"
7123,82,saccharometer,604,,"saccharometers,"
10196,82,saccharometer,604,,"saccharometers,"
2816,82,saccharometer,604,,"saccharometers,"
1598,82,saccharometer,604,,"saccharometer,"
5820,82,saccharometer,604,,saccharometers
3717,82,saccharometer,604,,saccharometers
5268,82,saccharometer,604,,saccharometer
8703,82,saccharometer,604,,"saccharometers,"
1182,82,saccharometer,604,,saccharometer
678,82,saccharometer,604,,saccharometer
7117,82,saccharometer,604,,"saccharometers,"
5201,82,saccharometer,604,,saccharometers
4458,82,saccharometer,604,,saccharometers
6995,82,saccharometer,604,,saccharometers
2259,82,saccharometer,604,,saccharometer
8221,82,saccharometer,604,,"saccharometer,"
4244,82,saccharometer,604,,"saccharometers,"
2044,82,saccharometer,604,,saccharometers
4154,82,saccharometer,604,,"saccharometers,"
4155,82,saccharometer,604,,"saccharometers,"
5102,82,saccharometer,604,,"saccharometers,"
4275,82,saccharometer,604,,"saccharometers,"
4254,82,saccharometer,604,,saccharometers
5132,82,saccharometer,604,,saccharometers
5354,82,saccharometer,604,,saccharometer
5703,82,saccharometer,604,,saccharometers
5798,82,saccharometer,604,,"saccharometers,"
5496,82,saccharometer,604,,saccharometers
6882,82,saccharometer,604,,saccharometer
4278,82,saccharometer,604,,"saccharometers,"
6409,82,saccharometer,604,,sacchoremeters
5129,82,saccharometer,604,,sacchorometer
7435,82,saccharometer,604,,saccharometers
7743,82,saccharometer,604,,"saccharometers,"
9515,82,saccharometer,604,,"saccharometers,"
4131,82,saccharometer,604,,saccharometer
1049,82,saccharometer,604,,"saccharometers,"
7748,82,saccharometer,604,,"saccharometers,"
3093,82,saccharometer,604,,"saccharometer,"
4280,82,saccharometer,604,,"saccharometers,"
7104,82,saccharometer,604,,"saccharometer,"
4268,82,saccharometer,604,,"saccharometers,"
7437,82,saccharometer,604,,"saccharometers,"
7166,82,saccharometer,604,,"saccharometers,"
5065,82,saccharometer,604,,saccharometers
1180,82,saccharometer,604,,saccharometer
4554,82,saccharometer,604,,saccharometers
4253,82,saccharometer,604,,"saccharometer,"
7105,82,saccharometer,604,,saccharometers
6095,82,saccharometer,604,,"saccharometers,"
6684,82,saccharometer,604,,saccharometers
6568,82,saccharometer,604,,"saccharometers,"
7517,82,saccharometer,604,,"saccharometers,"
7848,82,saccharometer,604,,"saccharometers,"
7841,82,saccharometer,604,,"saccharometers,"
7214,82,saccharometer,604,,"saccharometers,"
6363,82,saccharometer,604,,"saccharometer,"
7270,82,saccharometer,604,,"saccharometers,"
8232,82,saccharometer,604,,"saccharometers,"
7904,82,saccharometer,604,,"saccharometers,"
6902,82,saccharometer,604,,"saccharometers,"
7225,82,saccharometer,604,,saccharometers
6377,82,saccharometer,604,,saccharometers
3050,82,saccharometer,604,,"saccharometers,"
8624,82,saccharometer,604,,"saccharometers,"
6976,82,saccharometer,604,,"saccharometers,"
7449,82,saccharometer,604,,"saccharometers,"
122,83,planisphere,538,,"planisphere,"
126,83,planisphere,538,,"planisphere,"
127,83,planisphere,538,,"planisphere,"
279,83,planisphere,538,,"planisphere,"
4285,84,planimeter,537,,"planimeter,"
550,85,planetarium,535,,"planetarium,"
551,85,planetarium,535,,"planetarium,"
568,85,planetarium,535,,"planetarium,"
29,85,planetarium,535,,"planetarium,"
50,85,planetarium,535,,"planetarium,"
92,85,planetarium,535,,planetarium
164,85,planetarium,535,,"planetarium,"
166,85,planetarium,535,,"planetarium,"
192,85,planetarium,535,,"planetarium,"
316,85,planetarium,535,,"planetarium,"
347,85,planetarium,535,,"planetarium,"
389,85,tellurion,733,,tellurion
426,85,planetarium,535,,"planetarium,"
451,85,orrery,496,,"orreries,"
547,85,planetarium,535,,"planetarium,"
807,85,planetarium,535,,planetarium
827,85,planetarium,535,,"planetarium,"
1276,85,planetarium,535,,planetarium
4321,85,planetarium,535,,"planetarium,"
4362,85,planetarium,535,,"planetarium,"
4394,85,planetarium,535,,planetarium
29,85,tellurion,733,,"telluriars,"
550,85,equatorium,249,,"equatoriums,"
293,85,orrery,496,,orreries
165,85,orrery,496,,"orrey,"
3518,85,orrery,496,,"orreries,"
551,86,plane table,532,,"plane table,"
568,86,plane table,532,,"plane table,"
696,86,plane table,532,,"plane table,"
714,86,plane table,532,,"plane table,"
29,86,plane table,532,,"plane table,"
74,86,plane table,532,,"plane table,"
91,86,plane table,532,,"plane table,"
155,86,plane table,532,,"plane table,"
166,86,plane table,532,,"plane table,"
182,86,plane table,532,,"plane table,"
279,86,plane table,532,,"plane table,"
347,86,plane table,532,,"plane table,"
426,86,plane table,532,,"plane table,"
547,86,plane table,532,,"plane table,"
770,86,plane table,532,,"plane table,"
1364,86,plane table,532,,"plane table,"
424,86,plane table,532,,"plane tables,"
4287,86,plane table,532,,"plane tables,"
182,87,perspectograph,515,,"perspectograph,"
551,88,mirror,454,,"mirror,"
568,88,mirror,454,,"mirror,"
661,88,mirror,454,,"mirror,"
696,88,mirror,454,,"mirror,"
714,88,mirror,454,,"mirror,"
722,88,mirror,454,,"mirror,"
738,88,"mirror, speculum",460,,"mirror,(speculums)"
272,88,mirror,454,,"mirror,"
273,88,mirror,454,,"mirror,"
275,88,mirror,454,,"mirror,"
5,88,mirror,454,,"mirror,"
21,88,mirror,454,,"mirror,"
29,88,mirror,454,,"mirror,"
182,88,mirror,454,,"mirror,"
281,88,mirror,454,,"mirror,"
332,88,telescope mirror,729,,"speculums,"
347,88,mirror,454,,"mirror,"
426,88,mirror,454,,"mirror,"
438,88,mirror,454,,"mirror,"
490,88,mirror,454,,"mirror,"
541,88,mirror,454,,"mirror,"
547,88,mirror,454,,"mirror,"
770,88,mirror,454,,"mirror,"
944,88,mirror,454,,"mirror,"
1364,88,mirror,454,,"mirror,"
1945,88,mirror,454,,"mirror,"
2076,88,mirror,454,,"mirror,"
2814,88,"mirror, diagonal",457,,"diagonal mirrors,"
4535,88,mirror,454,,"mirror,"
4599,88,mirror,454,,"mirror,"
67,88,"mirror, diagonal",457,,diagonal mirrors
1,88,"mirror, speculum",460,,"speculum (mirror),"
550,88,mirror,454,,"mirrors,"
4246,88,mirror,454,,mirrors
9091,88,"mirror, optical",458,,"mirrors (optical),"
3518,88,mirror,454,,"mirrors,"
6461,88,mirror,454,,"mirrios,"
439,88,mirror,454,,"mirrors,"
551,93,prism,552,,"prism,"
568,93,prism,552,,"prism,"
621,93,prism,552,,"prism,"
661,93,prism,552,,"prism,"
696,93,prism,552,,"prism,"
722,93,prism,552,,"prism,"
738,93,prism,552,,"prism,"
200,93,prism,552,,"prism,"
235,93,prism,552,,"prism,"
272,93,prism,552,,"prism,"
273,93,prism,552,,"prism,"
275,93,prism,552,,"prism,"
21,93,prism,552,,"prism,"
29,93,prism,552,,"prism,"
164,93,prism,552,,"prism,"
166,93,prism,552,,"prism,"
168,93,prism,552,,"prism,"
182,93,prism,552,,"prism,"
195,93,prism,552,,"prism,"
281,93,prism,552,,"prism,"
347,93,prism,552,,"prism,"
359,93,prism,552,,"prism,"
490,93,prism,552,,"prism,"
541,93,prism,552,,"prism,"
547,93,prism,552,,"prism,"
770,93,prism,552,,"prism,"
1364,93,prism,552,,"prism,"
1722,93,prism,552,,"prism,"
1945,93,prism,552,,"prism,"
1946,93,prism,552,,"prism,"
2076,93,prism,552,,"prism,"
6039,93,prism,552,,prism
6040,93,prism,552,,prism
7820,93,prism,552,,prism
550,93,prism,552,,"prisms,"
424,93,prism,552,,prisums
4246,93,prism,552,,"prisms,"
9091,93,prism,552,,prisms
4600,93,prism,552,,"prisms,"
155,93,prism,552,,prisms
2093,93,prism,552,,"prisms,"
6461,93,prism,552,,"prisms,"
6929,94,polarimeter,542,,"polarimeters,"
551,96,quadrant,572,,"quadrant,"
565,96,quadrant,572,,"quadrant,"
568,96,quadrant,572,,"quadrant,"
589,96,quadrant,572,,"quadrant,"
595,96,quadrant,572,,quadrant
638,96,quadrant,572,,quadrant
641,96,quadrant,572,,quadrants
709,96,quadrant,572,,"quadrant,"
738,96,quadrant,572,,"quadrant,"
198,96,quadrant,572,,"quadrant,"
103,96,quadrant,572,,"quadrant,"
126,96,quadrant,572,,quadrant
127,96,quadrant,572,,quadrant
140,96,quadrant,572,,"quadrant,"
144,96,quadrant,572,,quadrant
155,96,quadrant,572,,"quadrant,"
164,96,quadrant,572,,"quadrant,"
192,96,quadrant,572,,"quadrant,"
279,96,quadrant,572,,"quadrant,"
342,96,quadrant,572,,"quadrant,"
347,96,quadrant,572,,"quadrant,"
414,96,quadrant,572,,"quadrant,"
426,96,quadrant,572,,"quadrant,"
490,96,quadrant,572,,"quadrant,"
503,96,quadrant,572,,"quadrant,"
504,96,quadrant,572,,quadrant
547,96,quadrant,572,,"quadrant,"
757,96,quadrant,572,,"quadrant,"
781,96,quadrant,572,,"quadrant,"
808,96,quadrant,572,,"quadrant,"
828,96,quadrant,572,,"quadrant,"
841,96,quadrant,572,,"quadrant,"
921,96,quadrant,572,,"quadrant,"
944,96,quadrant,572,,"quadrant,"
1094,96,quadrant,572,,quadrant
1212,96,quadrant,572,,"quadrant,"
1338,96,quadrant,572,,"quadrant,"
1353,96,quadrant,572,,"quadrant,"
1386,96,quadrant,572,,"quadrant,"
1389,96,quadrant,572,,"quadrant,"
1391,96,quadrant,572,,"quadrant,"
1506,96,quadrant,572,,quadrant
1523,96,quadrant,572,,"quadrant,"
1568,96,quadrant,572,,quadrant
1945,96,quadrant,572,,"quadrant,"
1957,96,quadrant,572,,"quadrant,"
1971,96,quadrant,572,,quadrant
2000,96,quadrant,572,,"quadrant,"
2029,96,quadrant,572,,"quadrant,"
2048,96,quadrant,572,,"quadrant,"
2076,96,quadrant,572,,"quadrant,"
2170,96,quadrant,572,,"quadrant,"
2760,96,quadrant,572,,"quadrant,"
2814,96,quadrant,572,,"quadrants,"
2860,96,quadrant,572,,quadrant
3269,96,quadrant,572,,"quadrant,"
3517,96,quadrant,572,,"quadrant,"
3687,96,quadrant,572,,"quadrant,"
3819,96,quadrant,572,,"quadrant,"
4285,96,quadrant,572,,"quandrants,"
4523,96,quadrant,572,,"quadrant,"
4677,96,quadrant,572,,"quadrant,"
4701,96,quadrant,572,,"quadrant,"
5083,96,quadrant,572,,"quadrant,"
5129,96,quadrant,572,,"quadrant,"
5699,96,quadrant,572,,"quadrant,"
6543,96,quadrant,572,,"quadrants,"
7032,96,quadrant,572,,"quadrants,"
7166,96,quadrant,572,,"quadrants,"
7368,96,quadrant,572,,"quadrants,"
165,96,quadrant,572,,"quadrant,"
140,97,"quadrant, horary",579,,"horary quadrant,"
9090,97,quadrant,572,,quadrant
568,98,"quadrant, gunner's",577,,"gunner's quadrant,"
29,98,"quadrant, gunner's",577,,"gunner's quadrant,"
96,98,"quadrant, gunner's",577,,"gunner's quadrant,"
164,98,"quadrant, gunner's",577,,"gunner's quadrant,"
426,98,"quadrant, gunner's",577,,"gunner's quadrant,"
514,98,"quadrant, gunner's",577,,"gunner's quadranr,"
8351,99,microscope accessory,439,,microscope accessory
7749,99,microscope accessory,439,,"microscope accessories,"
2880,99,microscope lantern,441,,"microscope lantern,"
2880,99,microscope slide,446,,microscope slides
642,99,quintant,581,,"quintant,"
4245,99,microscope accessory,439,,"microscope accessories,"
4246,99,microscope objective,443,,"object glasses for microscopes,"
4246,99,microscope accessory,439,,microscope accessories
4252,99,microscope accessory,439,,"microscope accessories,"
4290,99,microscope accessory,439,,microscope accessories
8134,99,microscope accessory,439,,microscope accessories
4244,99,microscope accessory,439,,"microscope accessories,"
5954,99,microscope slide,446,,"microscope slides,"
7716,99,microscope accessory,439,,microscope accessories
4256,99,microscope accessory,439,,"microscope accessories,"
7456,99,microscopic object,799,,microscopic objects
6444,99,microscope objective,443,,"microscope objectives,"
6014,99,microscope accessory,439,,microscope accessories
550,100,scientific apparatus,804,,full range of instruments
551,100,scientific apparatus,804,,"full range instruments,"
165,100,scientific apparatus,804,,full range
422,100,scientific apparatus,804,,full range instruments
511,100,scientific apparatus,804,,full range of instruments
545,100,mathematical instrument,407,,math instruments
551,101,rule,593,,"rule,"
589,101,rule,593,,"rule,"
601,101,rule,593,,rule
628,101,rule,593,,"rule,"
658,101,rule,593,,rule
690,101,rule,593,,rule
696,101,rule,593,,"rule,"
709,101,rule,593,,"rule,"
738,101,rule,593,,"rule,"
198,101,rule,593,,"rule,"
205,101,rule,593,,"rule,"
260,101,rule,593,,rule
263,101,rule,593,,rule
2,101,rule,593,,rule
21,101,rule,593,,"rule,"
29,101,"balance, mathematical",43,,mathematical scales
37,101,rule,593,,rule
42,101,rule,593,,rule
50,101,rule,593,,"rule,"
53,101,rule,593,,"rule,"
74,101,rule,593,,"rule,"
77,101,rule,593,,"rule,"
78,101,rule,593,,rule
101,101,rule,593,,rule
103,101,rule,593,,"rule,"
122,101,rule,593,,"rule,"
139,101,rule,593,,rule
140,101,rule,593,,"rule,"
155,101,rule,593,,"rule,"
159,101,rule,593,,rule
166,101,rule,593,,"rule (scale),"
168,101,rule,593,,"rule,"
279,101,rule,593,,"rule,"
288,101,rule,593,,rule
299,101,rule,593,,rule
328,101,rule,593,,rule
347,101,rule,593,,"rule,"
353,101,rule,593,,rule
359,101,rule,593,,"rule,"
409,101,rule,593,,rule
414,101,rule,593,,"rule,"
420,101,rule,593,,rule
423,101,rule,593,,rule
490,101,rule,593,,"rule,"
541,101,rule,593,,"rule,"
547,101,rule,593,,"rule,"
770,101,rule,593,,"rule,"
788,101,rule,593,,"rule,"
812,101,rule,593,,"rule,"
823,101,rule,593,,rule
827,101,navigation scale,479,,navigation scale
837,101,rule,593,,rule
898,101,rule,593,,rule
921,101,rule,593,,"rule,"
924,101,rule,593,,rule
936,101,rule,593,,rule
937,101,rule,593,,rule
939,101,rule,593,,rule
956,101,rule,593,,rule
961,101,rule,593,,rule
985,101,rule,593,,rule
987,101,rule,593,,rule
990,101,rule,593,,rule
1003,101,rule,593,,rule
1010,101,rule,593,,"rule,"
1013,101,rule,593,,rule
1014,101,rule,593,,rule
1015,101,rule,593,,rules
1017,101,rule,593,,rule
1047,101,rule,593,,rules
1048,101,rule,593,,rule
1051,101,rule,593,,rule
1053,101,rule,593,,rules
1054,101,rule,593,,rule
1056,101,rule,593,,rule
1057,101,rule,593,,rule
1058,101,rule,593,,rule
1059,101,rule,593,,rule
1061,101,rule,593,,rule
1062,101,rule,593,,rule
1063,101,rule,593,,rule
1065,101,rule,593,,rules
1066,101,rule,593,,rule
1091,101,rule,593,,rules
1097,101,rule,593,,rule
1099,101,rule,593,,rule
1101,101,rule,593,,rule
1103,101,rule,593,,rule
1104,101,rule,593,,"rule,"
1106,101,rule,593,,rule
1107,101,rule,593,,rule
1116,101,rule,593,,rule
1119,101,rule,593,,rule
1129,101,rule,593,,rule
1130,101,rule,593,,rules
1142,101,rule,593,,rule
1143,101,rule,593,,rule
1144,101,rule,593,,rule
1145,101,rule,593,,rule
1147,101,rule,593,,rule
1148,101,rule,593,,rule
1149,101,rule,593,,rule
1150,101,rule,593,,rule
1151,101,rule,593,,rule
1152,101,rule,593,,rule
1165,101,rule,593,,rule
1166,101,rule,593,,rule
1168,101,rule,593,,rule
1179,101,rule,593,,"rule,"
1212,101,rule,593,,"rule,"
1226,101,rule,593,,rule
1338,101,rule,593,,"rule,"
1341,101,rule,593,,rule
1364,101,tape measure,707,,"measure tapes,"
1456,101,rule,593,,rule
1571,101,rule,593,,rule
1593,101,rule,593,,rule
1706,101,rule,593,,rule
1709,101,rule,593,,rule
1710,101,rule,593,,rule
1865,101,rule,593,,rule
1880,101,rule,593,,rule
1963,101,rule,593,,rule
1985,101,rule,593,,rule
1994,101,rule,593,,rule
2000,101,rule,593,,"rule,"
2006,101,rule,593,,rule
2029,101,rule,593,,"rule,"
2043,101,rule,593,,rule
2048,101,rule,593,,"rule,"
2090,101,rule,593,,rule
2118,101,rule,593,,rule
2127,101,rule,593,,rule
2133,101,rule,593,,rule
2161,101,rule,593,,rule
2216,101,rule,593,,"rules,"
2238,101,rule,593,,rule
2305,101,rule,593,,rule
2307,101,rule,593,,rule
2310,101,rule,593,,rule
2548,101,rule,593,,"Rule,"
2604,101,rule,593,,"rule,"
2641,101,rule,593,,rule
2651,101,rule,593,,rule
2670,101,rule,593,,rule
2671,101,rule,593,,rule
2679,101,rule,593,,rule
2680,101,rule,593,,rule
2701,101,rule,593,,rule
2702,101,rule,593,,rule
2748,101,rule,593,,rule
2762,101,rule,593,,rule
2770,101,rule,593,,rule
2771,101,rule,593,,rule
2836,101,rule,593,,rule
2839,101,rule,593,,rule
2840,101,rule,593,,rule
2881,101,rule,593,,rule
2896,101,rule,593,,rule
2905,101,rule,593,,rule
2910,101,rule,593,,rule
2940,101,rule,593,,rule
2944,101,rule,593,,rule
3035,101,rule,593,,rule
3075,101,rule,593,,"rule,"
3095,101,rule,593,,rule
3107,101,rule,593,,rule
3126,101,rule,593,,rule
3127,101,rule,593,,rule
3128,101,rule,593,,"rule,"
3129,101,rule,593,,"rule,"
3130,101,rule,593,,rule
3138,101,rule,593,,rule
3139,101,rule,593,,rule
3199,101,rule,593,,rule
3206,101,rule,593,,rule
3211,101,rule,593,,rule
3212,101,rule,593,,rule
3243,101,rule,593,,rule
3247,101,rule,593,,rule
3248,101,rule,593,,rule
3256,101,rule,593,,rule
3364,101,rule,593,,rule
3513,101,rule,593,,rule
3575,101,rule,593,,rules
3721,101,rule,593,,rule
3723,101,rule,593,,rules
4009,101,rule,593,,"rule,"
4063,101,rule,593,,rule
4072,101,rule,593,,rule
4083,101,rule,593,,rule
4098,101,rule,593,,rule
4107,101,rule,593,,rule
4118,101,rule,593,,rule
4136,101,rule,593,,rule
4139,101,rule,593,,"rule,"
4144,101,rule,593,,rule
4146,101,rule,593,,rule
4160,101,rule,593,,rule
4163,101,rule,593,,rule
4202,101,rule,593,,rule
4206,101,rule,593,,rule
4207,101,rule,593,,rule
4215,101,rule,593,,rule
4228,101,rule,593,,rule
4237,101,rule,593,,rule
4238,101,rule,593,,rules
4240,101,rule,593,,rule
4241,101,rule,593,,rule
4265,101,rule,593,,rule
4285,101,computing scale,183,,"computing scale,"
4314,101,rule,593,,"rule,"
4316,101,rule,593,,rule
4466,101,rule,593,box & ivory,rules (box & ivory)
4515,101,rule,593,,rule
4542,101,rule,593,,rule
4560,101,rule,593,box & ivory,rule (box & ivory)
4573,101,rule,593,,rules
4618,101,rule,593,,rule
4620,101,rule,593,,rule
4621,101,rule,593,,rule
4643,101,rule,593,,"rule,"
4658,101,rule,593,,rule
4668,101,rule,593,,rule
4669,101,rule,593,,rule
4677,101,rule,593,,"rule,"
4678,101,rule,593,,"rule,"
4702,101,rule,593,,rule
4706,101,rule,593,,rule
4707,101,rule,593,,"rule,"
4715,101,rule,593,,rule
4720,101,rule,593,,rule
4725,101,rule,593,,rule
4774,101,rule,593,,rule
4795,101,rule,593,,rule
4796,101,rule,593,,rule
4805,101,rule,593,,rule
4826,101,rule,593,,"rule,"
4909,101,rule,593,,rule
4935,101,rule,593,,rule
4974,101,rule,593,,rule
4980,101,rule,593,,rule
5013,101,rule,593,,rule
5035,101,rule,593,,rule
5064,101,rule,593,box & ivory,rules (box & ivory)
5192,101,rule,593,,rule
5883,101,rule,593,,rule
5884,101,rule,593,,rule
5885,101,rule,593,,rule
5890,101,rule,593,,rule
6035,101,rule,593,,Rule
6070,101,rule,593,,rule
6077,101,rule,593,,"scale rule,"
6091,101,rule,593,,rule
6092,101,rule,593,,rule
6094,101,rule,593,,rule
6097,101,rule,593,,rule
6116,101,rule,593,,rule
6117,101,rule,593,,rule
6145,101,rule,593,,rule
6149,101,rule,593,,rule
6179,101,rule,593,,rule
6180,101,rule,593,,rule
6181,101,rule,593,,rule
6182,101,rule,593,,rule
6183,101,rule,593,,rule
6184,101,rule,593,,rule
6202,101,rule,593,,rule
6203,101,rule,593,,rule
6204,101,rule,593,,rule
6216,101,rule,593,,rule
6221,101,rule,593,,"rule,"
6232,101,rule,593,,rule
6256,101,rule,593,,rule
6257,101,rule,593,,rule
6258,101,rule,593,,rule
6259,101,rule,593,,"rule,"
6260,101,rule,593,,rule
6265,101,rule,593,,rules
6276,101,rule,593,,rule
6279,101,rule,593,,rule
6280,101,rule,593,,rule
6300,101,rule,593,,rule
6301,101,rule,593,,rule
6302,101,rule,593,,rule
6312,101,rule,593,,rule
6322,101,rule,593,,rule
6349,101,rule,593,,rule
6423,101,rule,593,,rules
6461,101,rule,593,,"rules,"
6486,101,rule,593,,rules
6487,101,rule,593,,rule
6490,101,rule,593,,rule
6491,101,rule,593,,rules
6503,101,rule,593,,rules
6506,101,rule,593,,rule
6507,101,rule,593,,rules
6512,101,rule,593,,"rules,"
6515,101,rule,593,,rules
6525,101,rule,593,,rules
6541,101,rule,593,,rules
6562,101,rule,593,,rules
6563,101,rule,593,,"rules,"
6638,101,rule,593,,rules
6664,101,rule,593,,rule
6666,101,rule,593,,rules
6667,101,rule,593,,rules
6830,101,rule,593,,rules
6946,101,rule,593,,rules
6972,101,rule,593,,rule
6987,101,rule,593,,rule
7259,101,rule,593,,rule
7282,101,rule,593,,"scales, rules,"
7303,101,rule,593,,rule
7309,101,rule,593,,rule
7351,101,rule,593,,rule
7391,101,rule,593,,rule
7612,101,rule,593,,"rules,"
7615,101,rule,593,,rules
7641,101,rule,593,,rule
7646,101,rule,593,,"rules,"
7719,101,rule,593,,rule
7750,101,rule,593,,rule
7757,101,rule,593,,rules
7758,101,rule,593,,rule
7829,101,rule,593,,rules
7878,101,rule,593,,rule
7881,101,rule,593,,rules
5860,101,rule,593,,rules
7904,101,rule,593,,"rules,"
8041,101,rule,593,,rules
8062,101,rule,593,,rules
8073,101,rule,593,,rules
8077,101,rule,593,,rules
8200,101,rule,593,,rules
8201,101,rule,593,,rules
8247,101,rule,593,,rule
8248,101,rule,593,,rule
8255,101,rule,593,,rules
8258,101,rule,593,,rules
8262,101,balance,32,box & ivory,"box & ivory scales,"
8280,101,rule,593,,"rules,"
8284,101,rule,593,,rules
8300,101,rule,593,,rule
8313,101,rule,593,,rule
4632,101,rule,593,,rules
8596,101,rule,593,,rules
5087,101,rule,593,,rules
4194,101,rule,593,,rules
3058,101,rule,593,,rules
5806,101,rule,593,,rules
8683,101,rule,593,,"rulers,"
8685,101,rule,593,,"rules,"
4245,101,rule,593,,"rules,"
6555,101,rule,593,,rules
6931,101,rule,593,,rules
6095,101,rule,593,box & ivory,"rules (box & ivory),"
8817,101,rule,593,,rules
8818,101,rule,593,,rule
8825,101,rule,593,,rule
8829,101,rule,593,,rule
8831,101,rule,593,,rule
8835,101,rule,593,,rule
8836,101,rule,593,,rule
8837,101,rule,593,,rule
2880,101,rule,593,,"scale,"
550,101,rule,593,,"rules,"
424,101,rule,593,,"rules,"
9041,101,rule,593,,rules
20,101,rule,593,,scale rule
2076,101,rule,593,,"rules,"
155,101,slide rule,626,,slide rules
166,101,rule,593,,rules
2774,101,balance,32,,"scales,"
2774,101,rule,593,,"rules,"
421,101,rule,593,,"rules,"
5848,101,rule,593,,rules
5468,101,rule,593,box & ivory,"rules, box & ivory"
5466,101,rule,593,,rules
5981,101,rule,593,,rules
5127,101,rule,593,,rules
9397,101,rule,593,,rule
5617,101,"balance, mathematical",43,,math-scales
446,101,"rule, mathematical",597,,mathematical rules
5642,101,rule,593,,rules
7998,101,rule,593,,rules
9457,101,rule,593,,rules
5964,101,rule,593,,rules
5282,101,rule,593,,rules
9487,101,rule,593,,rules
7199,101,rule,593,,rules
7302,101,rule,593,,rules
5751,101,rule,593,box & ivory,rules (box & ivory)
5502,101,rule,593,,rules
7382,101,rule,593,,rules
7699,101,rule,593,,rules
5127,101,"rule, mathematical",597,,mathematical rules
2954,101,rule,593,,rules
7875,101,rule,593,,rules
4254,101,rule,593,,"rules,"
4283,101,rule,593,,"rules,"
2821,101,rule,593,brass,"brass rules,"
7123,101,rule,593,,"rules,"
10225,101,rule,593,,rules
7254,101,rule,593,,rules
10226,101,rule,593,,rules
4275,101,rule,593,,"rules,"
10263,101,rule,593,,rules
7214,101,rule,593,,"rules,"
10264,101,rule,593,,rules
10265,101,rule,593,,"rules,"
7214,101,"gauge, cattle",272,,"cattle gauges,"
6524,101,rule,593,,rules
10398,101,rule,593,,rules
7464,101,rule,593,,rules
10434,101,rule,593,,rules
10457,101,rule,593,,rules
7876,101,rule,593,,rules
7244,101,rule,593,,rules
8724,101,rule,593,,rules
8770,101,rule,593,,rules
8791,101,rule,593,,rules
1055,101,rule,593,,rule
8796,101,rule,593,,rules
7039,101,rule,593,,rule
7152,101,rule,593,,"rules, rules,"
442,102,repeating circle,589,,"repeating circle,"
1934,102,repeating circle,589,,repeating circle
3196,102,repeating circle,589,,"repeating circle,"
140,103,hourglass,328,,"sandglass,"
285,103,hourglass,328,,"sandglass,"
478,103,hourglass,328,,"sandglass,"
521,103,hourglass,328,,hourglass
536,103,hourglass,328,,sandglass
547,103,hourglass,328,,"sandglass,"
781,103,hourglass,328,,"sandglass,"
828,103,hourglass,328,,"sandglass,"
1364,103,hourglass,328,,"hourglasses,"
1391,103,hourglass,328,,"sandglass,"
1901,103,hourglass,328,,"sandglass,"
2122,103,hourglass,328,,sandglass
2170,103,hourglass,328,,"sandglass,"
2915,103,hourglass,328,,sandglass
2917,103,hourglass,328,,sandglass
2921,103,hourglass,328,,sandglass
2924,103,hourglass,328,,sandglass
3394,103,hourglass,328,,sandglass
3687,103,hourglass,328,,"sandglass,"
3804,103,hourglass,328,,sandglass
4164,103,hourglass,328,,"time-glass,"
4677,103,hourglass,328,,"sandglass,"
5912,103,log glass,386,,log glass
6359,103,hourglass,328,,"time glasses,"
6659,103,log glass,386,,"log glasses,"
7092,103,hourglass,328,,hourglass
7166,103,log glass,386,,"log & time glasses,"
7166,,hourglass,328,,
7672,103,hourglass,328,,"hour glasses,"
7672,103,log glass,386,,"log glasses,"
7724,103,log glass,386,,"log glass,"
7904,103,hourglass,328,,"hour glasses,"
4275,103,hourglass,328,,"time & hour glasses,"
4275,,hourglass,328,,
8811,103,log glass,386,,"log glass,"
6999,103,log glass,386,,"log glassas,"
3757,103,log glass,386,,"log glass,"
2774,103,hourglass,328,,"time glasses,"
2690,103,hourglass,328,,"time glasses,"
2690,103,log glass,386,,"log glasses,"
9869,103,hourglass,328,,hour glasses
9933,103,log glass,386,,log glasses
551,104,sector,609,,"sector,"
628,104,sector,609,,"sector,"
17,104,sector,609,,"sector,"
29,104,sector,609,,"sector,"
56,104,sector,609,,sector
74,104,sector,609,,sector
77,104,sector,609,,"sector,"
87,104,sector,609,,sector
91,104,sector,609,,"sector,"
103,104,sector,609,,"sector,"
155,104,sector,609,,"sector,"
166,104,sector,609,,"sector,"
279,104,sector,609,,"sector,"
280,104,sector,609,,"sector,"
316,104,sector,609,,"sector,"
426,104,sector,609,,"sector,"
115,104,sector,609,,sector
711,104,sector,609,,sector
293,104,sector,609,,sector
94,104,sector,609,,sector
550,105,sextant,615,,"sextant,"
554,105,sextant,615,,sextant
565,105,sextant,615,,"sextant,"
568,105,sextant,615,,"sextant,"
589,105,sextant,615,,"sextant,"
642,105,sextant,615,,"sextant,"
10,105,sextant,615,,sextant
29,105,sextant,615,,"sextant,"
50,105,sextant,615,,"sextant,"
166,105,sextant,615,,"sextant,"
182,105,sextant,615,,"sextant,"
316,105,sextant,615,,"sextant,"
342,105,sextant,615,,sextant
354,105,sextant,615,,"sextant,"
442,105,sextant,615,,"sextant,"
451,105,sextant,615,,"sextants,"
478,105,sextant,615,,"sextant,"
547,105,sextant,615,,"sextant,"
757,105,sextant,615,,"sextant,"
768,105,sextant,615,,"sextant,"
770,105,octant,483,,"Hadley's quadrant,"
779,105,sextant,615,,sextant
781,105,sextant,615,,"sextant,"
787,105,sextant,615,,"sextant,"
812,105,sextant,615,,"sextant,"
828,105,sextant,615,,"sextant,"
839,105,sextant,615,,"sextant,"
841,105,sextant,615,,sextant
998,105,sextant,615,,sextant
1338,105,sextant,615,,"sextant,"
1353,105,sextant,615,,sextant
1362,105,sextant,615,,sextant
1364,105,sextant,615,,"sextant,"
1391,105,sextant,615,,"sextant,"
1523,105,sextant,615,,sextant
1874,105,sextant,615,,sextant
1901,105,sextant,615,,"sextant,"
2000,105,sextant,615,,"sextant,"
2016,105,sextant,615,,"sextant,"
2048,105,sextant,615,,"sextant,"
2170,105,sextant,615,,"sextant,"
2209,105,sextant,615,,"sextant,"
2216,105,sextant,615,,"sextants,"
2656,105,sextant,615,,"sextant,"
2696,105,sextant,615,,"sextant,"
2760,105,sextant,615,,"sextant,"
2776,105,sextant,615,,"sextant,"
2814,105,sextant,615,,"sextants,"
2841,105,sextant,615,,"sextant,"
2902,105,sextant,615,,"sextants,"
3196,105,sextant,615,,"sextant,"
3405,105,sextant,615,,"sextants,"
3499,105,sextant,615,,"sextant,"
3518,105,sextant,615,,"sextants,"
3687,105,sextant,615,,"sextant,"
3819,105,sextant,615,,"sextant,"
4164,105,sextant,615,,"sextant,"
4285,105,sextant,615,,"nautal sextant,"
4286,105,sextant,615,,"sextants,"
4380,105,sextant,615,,sextant/octant
4380,,octant,483,,
4523,105,sextant,615,,"sextant/octant,"
4523,,octant,483,,
4677,105,sextant,615,,"sextant/octant,"
4677,,octant,483,,
5083,105,sextant,615,,"sextant,"
5129,105,sextant,615,,"sextant,"
5158,105,sextant,615,,"sextant,"
5630,105,sextant,615,,"sextants,"
5699,105,sextant,615,,sextant
5869,105,sextant,615,,"sextant,"
6359,105,sextant,615,,"sextants,"
6543,105,sextant,615,,"sextants,"
6659,105,sextant,615,,"sextant,"
6760,105,sextant,615,,sextants
7032,105,sextant,615,,sextant
7166,105,sextant,615,,"sextant,"
7368,105,sextant,615,,"sextants,"
7672,105,sextant,615,,"sextants,"
7726,105,sextant,615,,"sextant,"
7790,105,sextant,615,,"sextants,"
8253,105,sextant,615,,"sextants,"
8262,105,sextant,615,,"sextants,"
7749,105,sextant,615,,"sextants,"
8811,105,sextant,615,,sextant
5865,105,sextant,615,,"sextants,"
8860,105,barometer,50,,barometers
6999,105,sextant,615,,"sextant,"
4267,105,sextant,615,,sextants
5265,105,sextant,615,,"sextants,"
3757,105,sextant,615,,"sectant,"
6127,105,sextant,615,,"sextants,"
9080,105,sextant,615,,sextants
9091,105,sextant,615,,"sextants,"
3645,105,sextant,615,,sectants
9118,105,sextant,615,,sextant
3717,105,sextant,615,,"sextants,"
2076,105,sextant,615,,"sextents,"
9165,105,sextant,615,,"sextants,"
7480,105,sextant,615,,sextant
3595,105,sextant,615,,"sextants,"
2774,105,sextant,615,,"sextants,"
2690,105,sextant,615,,"sextant,"
9320,105,sextant,615,,sextants
5090,105,sextant,615,,"sextants,"
5345,105,sextant,615,,"sextants,"
446,105,sextant,615,,"sextant,"
3402,105,sextant,615,,sextants
2137,105,sextant,615,,"sextants,"
9933,105,sextant,615,,sextants
2821,105,sextant,615,,"sextants,"
6910,105,sextant,615,,"sextants,"
10429,105,sextant,615,,"sextants,"
568,106,scioptic ball,606,,"scioptic ball,"
610,106,scioptic ball,606,,"scioptic ball,"
621,106,scioptic ball,606,,"scioptic ball,"
696,106,scioptic ball,606,,"scioptic ball,"
722,106,scioptic ball,606,,"scioptic ball,"
21,106,scioptic ball,606,,"scioptic ball,"
155,106,scioptic ball,606,,"scioptic ball,"
166,106,scioptic ball,606,,"scioptic ball,"
195,106,scioptic ball,606,,"scioptic ball,"
281,106,scioptic ball,606,,"scioptic ball,"
359,106,scioptic ball,606,,"scioptic ball,"
541,106,scioptic ball,606,,"scioptic ball,"
770,106,scioptic ball,606,,"scioptic ball,"
1945,106,scioptic ball,606,,"scioptic ball,"
1946,106,scioptic ball,606,,"scioptic ball,"
550,106,scioptic ball,606,,"scioptric balls,"
424,106,scioptic ball,606,,scioptic balls
4600,106,scioptic ball,606,,"scioptric balls,"
628,107,slide rule,626,,slide rule
645,107,slide rule,626,,slide rule
709,107,slide rule,626,,"slide rule,"
735,107,slide rule,626,,slide rule
205,107,slide rule,626,,slide rule
227,107,slide rule,626,,"slide rule,"
19,107,slide rule,626,,slide rule
29,107,slide rule,626,,"slide rule,"
77,107,slide rule,626,,slide rule
103,107,slide rule,626,,"slide rule,"
110,107,slide rule,626,,slide rule
111,107,slide rule,626,,slide rule
140,107,slide rule,626,,"slide rule,"
154,107,slide rule,626,,slide rule
155,107,Gunter's scale,316,,Gunter's scales
162,107,slide rule,626,,slide rule
279,107,slide rule,626,,"slide rule,"
286,107,slide rule,626,,slide rule
314,107,slide rule,626,,slide-rule
315,107,slide rule,626,,slide rule
316,107,slide rule,626,,"slide rule,"
325,107,slide rule,626,,slide rule
347,107,slide rule,626,,"slide rule,"
354,107,slide rule,626,,"slide rule,"
360,107,slide rule,626,,slide rule
414,107,slide rule,626,,"slide rule,"
421,107,slide rule,626,,"slide rule,"
426,107,slide rule,626,,"slide rule,"
770,107,navigation scale,479,by B. Donn,Navigation scale by B.Donn
781,107,slide rule,626,,"slide rule,"
812,107,slide rule,626,,"slide-rule,"
815,107,slide rule,626,,slide rule
822,107,slide rule,626,,slide rule
921,107,slide rule,626,,"slide rule,"
1104,107,slide rule,626,,slide rule
1212,107,slide rule,626,,"slide rule,"
1364,107,Gunter's scale,316,,"Gunter's scales,"
1386,107,slide rule,626,,"slide rule,"
1945,107,slide rule,626,,"slide rule,"
2040,107,slide rule,626,,slide rule
2216,107,"Gunter's scale, sliding",317,,"sliding Gunter scales,"
2608,107,slide rule,626,,slide rule
4678,107,slide rule,626,,"slide rule,"
632,107,slide rule,626,,slide rule
8839,107,slide rule,626,,slide rule
6569,107,slide rule,626,,"slide rules,"
8879,107,slide rule,626,,"slide rules,"
29,107,Gunter's scale,316,,scales Gunters
8975,107,"slide rule, Catholic Organon",627,,slide-rule (datholic-organon)
4286,107,calculating rule,85,,calculating rules
1968,107,"slide rule, Catholic Organon",627,,slide rule (Catholic-Organon)
678,107,gauging rule,290,,"gauging rule,"
6095,107,"rule, mathematical",597,,"mathematical rules,"
6525,107,"rule, mathematical",597,,"mathematical rules,"
6486,107,"rule, mathematical",597,,mathematical rules
7123,107,"rule, mathematical",597,,"mathematical rules,"
4275,107,"rule, mathematical",597,,"mathematical rules,"
6503,107,"rule, mathematical",597,,"mathematical rules,"
10265,107,"rule, mathematical",597,,mathematical rules
6524,107,"rule, mathematical",597,,"mathematical rules,"
6667,107,"rule, mathematical",597,,mathematical rules
7904,107,"rule, mathematical",597,,"mathematical rules,"
6512,107,"rule, mathematical",597,,"mathematical rules,"
10434,107,"rule, mathematical",597,,"mathematical rules,"
4265,107,"rule, mathematical",597,,"mathematical rules,"
10457,107,"rule, mathematical",597,,"mathematical rules,"
7876,107,"rule, mathematical",597,,"mathematical rules,"
6563,107,"rule, mathematical",597,,"mathematical rules,"
7244,107,"rule, mathematical",597,,"mathematical rules,"
551,107,navigation scale,479,,navigation scales
674,107,navigation scale,479,,navigation scale
4238,107,"rule, mathematical",597,,"mathematical rules,"
8041,107,"rule, mathematical",597,,"mathematical rules,"
7152,107,"rule, mathematical",597,,"mathematical rules,"
7166,108,parallel rule,502,,"parallel rules,"
7166,108,"parallel rule, rolling",503,,"rolling parallels,"
77,108,parallel rule,502,,parallel rules
6999,108,parallel rule,502,,"parallel rules,"
424,108,parallel rule,502,,parallal rules
8251,108,parallel rule,502,,
9165,108,parallel rule,502,,"parallel rule,"
2774,108,parallel rule,502,,"parallel rules,"
1364,108,parallel rule,502,,"parallel rules,"
7166,109,station pointer,655,,"station pointers,"
568,110,stereoscope,662,,"stereoscope,"
661,110,stereoscope,662,,"stereoscope,"
738,110,stereoscope,662,,"stereoscope,"
272,110,stereoscope,662,,"stereoscope,"
273,110,stereoscope,662,,"stereoscope,"
275,110,stereoscope,662,,"stereoscope,"
2812,110,stereoscope,662,,"stereoscope,"
3688,110,stereoscope,662,,"stereoscope,"
4285,110,stereoscope,662,,"stereoscopes,"
4309,110,stereoscope,662,,139
4309,,photography equipment,524,,
4314,110,stereoscope,662,,"stereoscope,"
5336,110,stereoscope,662,,"stereoscope,"
7282,110,stereoscope,662,,"sterescopes,"
7904,110,stereoscope,662,,"sterescopes,"
9899,110,stereoscope,662,,"stereoscopes,"
7410,110,stereoscope,662,,"stereoscopes,"
4245,110,stereoscope,662,,"stereoscopes,"
6459,110,stereoscope,662,,"stereoscopes,"
10091,110,stereoscope,662,,stereoscopes
550,110,optical machine,800,,"optical machines,"
2841,110,stereoscope,662,,sterioscope
9263,110,stereoscope,662,,"stereoscopes,"
6543,110,stereoscope,662,,sterescopes
7187,110,stereoscope,662,,"stereoscopes,"
6461,110,stereoscope,662,,"stereoscopes,"
9609,110,stereoscope,662,,stereoscopes
9610,110,stereoscope,662,,stereoscopes
6755,110,stereoscope,662,,stereoscopes
4275,110,stereoscope,662,1858-76 only in dirs,"stereoscopes (1858-76 only in dirs),"
9619,110,stereoscope,662,,stereoscopes
9622,110,stereoscope,662,,stereoscopes
7986,110,stereoscope,662,,stereoscopes
6418,110,stereoscope,662,,"stereoscopes,"
6419,110,stereoscope,662,,stereoscopes
9642,110,stereoscope,662,,stereoscopes
9643,110,stereoscope,662,,stereoscopes
9648,110,stereoscope,662,,"stereoscopes,"
9657,110,stereoscope,662,,stereoscopes
4283,110,stereoscope,662,,"stereoscopes,"
9587,110,stereoscope,662,,stereoscopes
9687,110,stereoscope,662,,sterescopes
9692,110,"stereoscope, pocket",663,,pocket sterescopes
9708,110,stereoscope,662,,stereoscopes
9722,110,stereoscope,662,,stereosopes
7397,110,stereoscope,662,,sterescopes
9770,110,stereoscope,662,,stereoscopes
9527,110,stereoscope,662,,stereoscopes
9484,110,stereoscope,662,,"stereoscopes,"
7166,110,stereoscope,662,,"stereoscopes,"
9528,110,stereoscope,662,,stereoscopes
9774,110,stereoscope,662,,stereocopes
9777,110,stereoscope,662,,stereoscopes
2816,110,stereoscope,662,,stereoscopes
9912,110,stereoscope,662,,stereoscopes
6690,110,stereoscope,662,,stereoscopes
4254,110,stereoscope,662,,"stereoscopes,"
6421,110,stereoscope,662,,stereoscopes
9937,110,stereoscope,662,,stereoscopes
8054,110,stereoscope,662,,stereoscopes
6691,110,stereoscope,662,,stereoscopes
551,111,sundial,669,,"sundial,"
568,111,sundial,669,,"sundial,"
589,111,sundial,669,,"sundial,"
653,111,sundial,669,,sundial
696,111,sundial,669,,"sundial,"
714,111,sundial,669,,"sundial,"
724,111,sundial,669,,sundial
198,111,sundial,669,,sundial
21,111,sundial,669,,"sundial,"
50,111,sundial,669,,"sundial,"
70,111,sundial,669,,sundial
115,111,sundial,669,,sundial
122,111,sundial,669,,sundial
140,111,sundial,669,,"sundial,"
155,111,sundial,669,,"sundial,"
164,111,sundial,669,,"sundial,"
166,111,sundial,669,,"sundial,"
168,111,sundial,669,,"sundial,"
182,111,sundial,669,,"sundial,"
192,111,sundial,669,,"sundial,"
279,111,sundial,669,,"sundial,"
280,111,sundial,669,,"sundial,"
287,111,sundial,669,,sundial
351,111,sundial,669,,sundial
359,111,sundial,669,,"sundial,"
426,111,sundial,669,,"sundial,"
490,111,sundial,669,,"sundial,"
541,111,sundial,669,,"sundial,"
770,111,sundial,669,,"sundial,"
808,111,sundial,669,,"sundial,"
828,111,sundial,669,,"sundial,"
1109,111,sundial,669,,sundial
1364,111,"sundial, ring dial",688,,ring dials
1389,111,sundial,669,,sundial
1420,111,sundial,669,,sundials
1945,111,sundial,669,,"sundial,"
2048,111,sundial,669,,"sundial,"
2656,111,sundial,669,,sundial
3034,111,sundial,669,,sundial
3075,111,sundial,669,,sundial
3517,111,sundial,669,,"sundial,"
4119,111,sundial,669,,sundial
4320,111,sundial,669,,sundial
4677,111,sundial,669,,"sundial,"
6127,111,sundial,669,,"sundials,"
7173,111,sundial,669,,sundial
7677,111,sundial,669,,"sundials,"
8147,111,sundial,669,,sundial
935,111,dipleidoscope,204,,dipleidoscope
8824,111,sundial,669,,sundials
8826,111,sundial,669,,sundials
4286,111,sundial,669,,"sun dials,"
424,111,sundial,669,,sundials
424,111,"sundial, ring dial",688,,ring dials
714,111,"sundial, horizontal dial",680,,horizontal dials
945,111,sundial,669,,"sundial,"
339,111,sundial,669,,"sundial,"
293,111,sundial,669,,sundials
1364,111,"sundial, horizontal dial",680,,"horizontal dials,"
8880,111,dipleidoscope,204,,dipleidoscopes
4254,111,sundial,669,,"sundials,"
2821,111,sundial,669,,"sundials,"
9950,111,sundial,669,,sundials
5010,111,sundial,669,,sundials
5018,111,sundial,669,,sundials
6917,111,sundial,669,,sundials
347,111,analemma,15,,"analemma,"
5081,111,sundial,669,,sundials
568,112,surveyor's chain,695,,"surveyor's chain,"
714,112,surveyor's chain,695,,"surveyor's chain,"
547,112,surveyor's chain,695,,"surveyor's chain,"
1364,112,Gunter's chain,315,,"Gunter's chains,"
2076,112,surveyor's chain,695,,"surveyor's chain,"
2812,112,surveyor's chain,695,,"surveyor's chain,"
3072,112,"measuring tape, surveyor's",417,,surveyors tapes
3166,112,surveyor's chain,695,,surveyor's chain
3194,112,surveyor's chain,695,,surveyor's chain
3635,112,surveyor's chain,695,,surveyor's chain
4285,112,surveyor's chain,695,,"surveyors' chain,"
4676,112,surveyor's chain,695,,"surveyor's chain,"
4677,112,surveyor's chain,695,,"surveyor's chain,"
4678,112,surveyor's chain,695,,surveyor's chain
4707,112,surveyor's chain,695,,surveyor's chain
4737,112,surveyor's chain,695,,"surveyor's chain,"
4826,112,surveyor's chain,695,,surveyor's chain
7166,112,surveyor's chain,695,,"land chains,"
8262,112,surveyor's chain,695,,"land chains,"
1718,112,surveyor's chain,695,,chains (surveying)
3518,112,chain,108,,"measuring chains,"
6423,112,surveyor's chain,695,,land chains
568,113,cross-head,187,,"surveyor's cross,"
1364,113,cross-head,187,,"surveyor's cross,"
550,114,spectacles,638,,"spectacles,"
551,114,spectacles,638,,"spectacles,"
568,114,spectacles,638,,"spectacles,"
609,114,spectacles,638,,spectacles
621,114,spectacles,638,,"spectacles,"
661,114,spectacles,638,,"spectacles,"
696,114,spectacles,638,,"spectacles,"
714,114,spectacles,638,,"spectacles,"
722,114,spectacles,638,,"spectacles,"
738,114,spectacles,638,,"spectacles,"
8704,114,spectacles,638,,spectacles
715,114,spectacles,638,,spectacles
200,114,spectacles,638,,"spectacles,"
226,114,spectacles,638,,"spectacles,"
232,114,spectacles,638,,"spectacles,"
235,114,spectacles,638,,"spectacles,"
272,114,spectacles,638,,"spectacles,"
273,114,spectacles,638,,"spectacles,"
274,114,spectacles,638,,spectacles
275,114,spectacles,638,,"spectacles,"
1,114,spectacles,638,,"spectacles,"
5,114,spectacles,638,,"spectacles,"
21,114,spectacles,638,,"spectacles,"
29,114,spectacles,638,,"spectacles,"
50,114,spectacles,638,,"spectacles,"
53,114,spectacles,638,,spectacles
67,114,spectacles,638,,"spectacles,"
147,114,spectacles,638,,"spectacles,"
155,114,spectacles,638,,"spectacles,"
164,114,spectacles,638,,"spectacles,"
166,114,spectacles,638,,"spectacles,"
168,114,spectacles,638,,"spectacles,"
182,114,spectacles,638,,"spectacles,"
195,114,spectacles,638,,"spectacles,"
280,114,spectacles,638,,"spectacles,"
281,114,spectacles,638,,"spectacles,"
316,114,spectacles,638,,"spectacles,"
332,114,spectacles,638,,"spectacles,"
346,114,spectacles,638,,"spectacles,"
347,114,spectacles,638,,"spectacles,"
359,114,spectacles,638,,"spectacles,"
394,114,spectacles,638,,"spectacles,"
414,114,spectacles,638,,"spectacles,"
415,114,spectacles,638,,"spectacles,"
421,114,spectacles,638,,"spectacles,"
426,114,spectacles,638,,"spectacles,"
438,114,spectacles,638,,"spectacles,"
439,114,spectacles,638,,"spectacles,"
451,114,spectacles,638,,"spectacles,"
490,114,spectacles,638,,"spectacles,"
541,114,spectacles,638,,"spectacles,"
547,114,spectacles,638,,"spectacles,"
759,114,spectacles,638,,spectacles
762,114,spectacles,638,,"spectacles,"
770,114,spectacles,638,,"spectacles,"
828,114,spectacles,638,,"spectacles,"
921,114,spectacles,638,,"spectacles,"
944,114,spectacles,638,,"spectacles,"
1082,114,spectacles,638,,spectacles
1137,114,spectacles,638,,spectacles
1192,114,spectacles,638,,spectacles
1321,114,spectacles,638,,"spectacles,"
1364,114,spectacles,638,,"spectacles,"
1386,114,spectacles,638,,"spectacles,"
1391,114,spectacles,638,,"spectacles,"
1417,114,spectacles,638,,spectacles
1422,114,spectacles,638,,spectacles
1458,114,spectacles,638,,spectacles
1485,114,spectacles,638,,spectacles
1499,114,spectacles,638,,spectacles
1532,114,spectacles,638,,"spectacles,"
1537,114,spectacles,638,,spectacles
1538,114,spectacles,638,,spectacles
1573,114,spectacles,638,,spectacles
1662,114,spectacles,638,,spectacles
1708,114,spectacles,638,,spectacles
1711,114,spectacles,638,,spectacles
1722,114,spectacles,638,,"spectacles,"
1815,114,spectacles,638,,spectacles
1878,114,spectacles,638,,spectacles
1895,114,spectacles,638,,spectacles
1928,114,spectacles,638,,spectacles
1944,114,spectacles,638,,spectacles
1946,114,spectacles,638,,"spectacles,"
1950,114,spectacles,638,,"spectacles,"
1957,114,spectacles,638,,"spectacles,"
1961,114,spectacles,638,,spectacles
1962,114,spectacles,638,,spectacles
2000,114,spectacles,638,,"spectacles,"
2007,114,spectacles,638,,"spectacles,"
2013,114,spectacles,638,,spectacles
2014,114,spectacles,638,,spectacles
2015,114,spectacles,638,,spectacles
2024,114,spectacles,638,,spectacles
2025,114,spectacles,638,,spectacles
2026,114,spectacles,638,,spectacles
2027,114,spectacles,638,,spectacles
2039,114,spectacles,638,,spectacles
2048,114,spectacles,638,,"spectacles,"
2067,114,spectacles,638,,spectacles
2068,114,spectacles,638,,spectacles
2069,114,spectacles,638,,spectacles
2074,114,spectacles,638,,spectacles
2076,114,spectacles,638,,"spectacles,"
2091,114,spectacles,638,,spectacles
2103,114,spectacles,638,,spectacles
2108,114,spectacles,638,,spectacles
2134,114,spectacles,638,,spectacles
2135,114,spectacles,638,,spectacles
2146,114,spectacles,638,,spectacles
2147,114,spectacles,638,,spectacles
2149,114,spectacles,638,,spectacles
2151,114,spectacles,638,,spectacles
2155,114,spectacles,638,,spectacles
2189,114,spectacles,638,,spectacles
2202,114,spectacles,638,,spectacles
2213,114,spectacles,638,,"spectacles,"
2241,114,spectacles,638,,"spectacles,"
2264,114,spectacles,638,,spectacles
2268,114,spectacles,638,,"spectacles,"
2271,114,spectacles,638,,spectacles
2315,114,spectacles,638,,spectacles
2329,114,spectacles,638,,spectacles
2331,114,spectacles,638,,spectacles
2334,114,spectacles,638,,spectacles
2344,114,spectacles,638,,spectacles
2604,114,spectacles,638,,"spectacles,"
2644,114,spectacles,638,,spectacles
2647,114,spectacles,638,,"spectacles,"
2648,114,spectacles,638,,"spectacles,"
2649,114,spectacles,638,,spectacles
2653,114,spectacles,638,,spectacles
2661,114,spectacles,638,,spectacles
2664,114,spectacles,638,,spectacles
2696,114,spectacles,638,,"spectacles,"
2699,114,spectacles,638,,spectacles
2707,114,spectacles,638,,"spectacles,"
2715,114,spectacles,638,,spectacles
2716,114,spectacles,638,,spectacles
2717,114,spectacles,638,,"Spectacles,"
2733,114,spectacles,638,,spectacles
2759,114,spectacles,638,,spectacles
2772,114,spectacles,638,,spectacles
2812,114,spectacles,638,,"spectacles,"
2814,114,spectacles,638,,"spectacles,"
2815,114,spectacles,638,,spectacles
2816,114,spectacles,638,,"spectacles,"
2831,114,spectacles,638,,spectacles
2863,114,spectacles,638,,spectacles
2885,114,spectacles,638,,"spectacles,"
2887,114,spectacles,638,,spectacles
2890,114,spectacles,638,,spectacles
2902,114,spectacles,638,,"spectacles,"
2906,114,spectacles,638,,spectacles
2908,114,spectacles,638,,spectacles
2909,114,spectacles,638,,spectacles
2919,114,spectacles,638,,spectacles
2932,114,spectacles,638,,spectacles
2933,114,spectacles,638,,spectacles
2945,114,spectacles,638,,spectacles
2947,114,spectacles,638,,spectacles
2960,114,spectacles,638,,spectacles
2993,114,spectacles,638,,spectacles
3008,114,spectacles,638,,spectacles
3042,114,spectacles,638,,spectacles
3051,114,spectacles,638,,spectacles
3070,114,spectacles,638,,spectacles
3077,114,spectacles,638,,"spectacles,"
3084,114,spectacles,638,,spectacles
3097,114,spectacles,638,,"spectacles,"
3144,114,spectacles,638,,spectacles
3153,114,spectacles,638,,spectacles
3154,114,spectacles,638,,spectacles
3214,114,spectacles,638,,"spectacles,"
3218,114,spectacles,638,,"spectacles,"
3220,114,spectacles,638,,spectacles
3239,114,spectacles,638,,spectacles
3241,114,spectacles,638,,spectacles
3242,114,spectacles,638,,spectacles
3245,114,spectacles,638,,spectacles
3249,114,spectacles,638,,spectacles
3250,114,spectacles,638,,spectacles
3262,114,spectacles,638,,spectacles
3267,114,spectacles,638,,spectacles
3280,114,spectacles,638,,spectacles
3289,114,spectacles,638,,spectacles
3302,114,spectacles,638,,spectacles
3319,114,spectacles,638,,spectacles
3332,114,spectacles,638,,spectacles
3341,114,spectacles,638,,spectacles
3387,114,spectacles,638,,spectacles
3481,114,spectacles,638,,spectacles
3492,114,spectacles,638,,"spectacles,"
3499,114,spectacles,638,,"spectacles,"
3502,114,spectacles,638,,"spectacles,"
3514,114,spectacles,638,,spectacles
3518,114,spectacles,638,,"spectacles,"
3643,114,spectacles,638,,"spectacles,"
3688,114,spectacles,638,,"spectacles,"
3819,114,spectacles,638,,"spectacles,"
3964,114,spectacles,638,,spectacles
4008,114,spectacles,638,,spectacles
4009,114,spectacles,638,,spectacles
4116,114,spectacles,638,,"spectacles,"
4138,114,spectacles,638,,spectacles
4143,114,spectacles,638,,spectacles
4145,114,spectacles,638,,spectacles
4152,114,spectacles,638,,spectacles
4154,114,spectacles,638,,"spectacles,"
4155,114,spectacles,638,,"spectacles,"
4157,114,spectacles,638,,spectacles
4170,114,spectacles,638,,spectacles
4191,114,spectacles,638,,spectacles
4196,114,spectacles,638,,spectacles
4200,114,spectacles,638,,spectacles
4212,114,spectacles,638,,spectacles
4234,114,spectacles,638,,spectacles
4266,114,spectacles,638,,spectacles
4276,114,spectacles,638,,"spectacles,"
4279,114,spectacles,638,,spectacles
4285,114,spectacles,638,,"spectacles,"
4309,114,spectacles,638,,spectacles
4314,114,spectacles,638,,"spectacles,"
4467,114,spectacles,638,,spectacles
4528,114,spectacles,638,,spectacles
4559,114,spectacles,638,,spectacles
4561,114,spectacles,638,,spectacles
4576,114,spectacles,638,,spectacles
4599,114,spectacles,638,,"spectacles,"
4667,114,spectacles,638,,spectacles
4841,114,spectacles,638,,spectacles
4884,114,spectacles,638,,spectacles
5129,114,spectacles,638,,"spectacles,"
5156,114,spectacles,638,,spectacles
5198,114,spectacles,638,,spectacles
5630,114,spectacles,638,,"spectacles,"
5640,114,spectacles,638,,"spectacles,"
6074,114,spectacles,638,,spectacles
6077,114,spectacles,638,,"spectacles,"
6084,114,spectacles,638,,spectacles
6221,114,spectacles,638,,"spectacles,"
6275,114,spectacles,638,,spectacles
6320,114,spectacles,638,,spetacles
6418,114,spectacles,638,,spectacles
6455,114,spectacles,638,,spectacles
6543,114,spectacles,638,,"spectacles,"
6553,114,spectacles,638,,"spectacles,"
6649,114,spectacles,638,,spectacles
6650,114,spectacles,638,,"spectacles,"
6698,114,spectacles,638,,"spectacles,"
6726,114,spectacles,638,,"spectacles,"
6822,114,spectacles,638,,spectacles
6823,114,spectacles,638,,spectacles
6841,114,spectacles,638,,spectacles
6927,114,spectacles,638,,"spectacles,"
6976,114,spectacles,638,,spectacles
6981,114,spectacles,638,,spectacles
6994,114,spectacles,638,,"spectacles,"
7010,114,spectacles,638,,spectacles
7066,114,spectacles,638,,spectacles
7080,114,spectacles,638,,spectacles
7282,114,spectacles,638,,"spectacles,"
7439,114,spectacles,638,,"spectacles,"
7449,114,spectacles,638,,spectacles
7551,114,spectacles,638,,spectacles
7562,114,spectacles,638,,spectacles
7730,114,spectacles,638,,"spectacles,"
7748,114,spectacles,638,,"spectacles,"
7749,114,spectacles,638,,"spectacles,"
7751,114,spectacles,638,,spectacles
7849,114,spectacles,638,,spectacles
7877,114,spectacles,638,,"spectacles,"
7904,114,spectacles,638,,"spectacles,"
7912,114,spectacles,638,,spectacles
7916,114,spectacles,638,,spectacles
7939,114,spectacles,638,,spectacles
8088,114,spectacles,638,,"spectacles,"
8174,114,spectacles,638,,"spectacles,"
8195,114,spectacles,638,,spectacles
8279,114,spectacles,638,,"spectacles,"
2823,114,spectacles,638,,spectacles
4814,114,spectacles,638,,spectacles
4084,114,spectacles,638,,spectacles
2071,114,spectacles,638,,spectacles
4172,114,spectacles,638,,spectacles
4214,114,spectacles,638,,spectacles
4529,114,spectacles,638,,spectacles
1611,114,spectacles,638,,spectacles
5807,114,spectacles,638,,spectacles
5976,114,spectacles,638,,spectacles
620,114,spectacles,638,,spectacles
1418,114,spectacles,638,,spectacles
5700,114,spectacles,638,,"spectacles,"
3786,114,spectacles,638,,"spectacles,"
9968,114,spectacles,638,,spectacles
6697,114,spectacles,638,,spectacles
9974,114,spectacles,638,,spectacles
7749,114,spectacles,638,,"spectacles,"
7749,114,eyeglasses,252,,"eye glasses,"
4243,114,spectacles,638,,spectacles
4252,114,spectacles,638,,"spectacles,"
7430,114,spectacles,638,,spectacles
10063,114,spectacles,638,,spectacles
4937,114,spectacles,638,,"spectacles,"
10064,114,spectacles,638,,spectacles
3688,114,eyeglasses,252,,"eye-glasses,"
4245,114,spectacles,638,,"spectacles,"
10081,114,spectacles,638,,spectacles
7330,114,spectacles,638,,spectacles
905,114,spectacles,638,,"spectacles,"
10101,114,spectacles,638,,spectacles
6459,114,spectacles,638,,"spectacles,"
4959,114,spectacles,638,,spectacles
8293,114,spectacles,638,,spectacles
10130,114,spectacles,638,,spectacles
10195,114,spectacles,638,,spectacles
3071,114,spectacles,638,,spectacles
2880,114,spectacles,638,,"spectacles,"
3405,114,spectacles,638,,"spectacles,"
1718,114,spectacles,638,,"spectacles,"
3168,114,spectacles,638,,"spectacles,"
4286,114,spectacles,638,,spectacles
424,114,spectacles,638,,spectacles
2841,114,spectacles,638,,spectacles
5268,114,spectacles,638,,spectacles
8716,114,spectacles,638,,spectacles
8434,114,spectacles,638,,"spectacles,"
7117,114,spectacles,638,,spectacles
5824,114,spectacles,638,,spectacles
5953,114,spectacles,638,,spectacles
5984,114,spectacles,638,,spectacles
5090,114,spectacles,638,,"spectacles,"
4244,114,spectacles,638,,"spectacles,"
9263,114,spectacles,638,,"spectacles,"
9266,114,spectacles,638,,spectacles
2897,114,spectacles,638,,"spectacles,"
2763,114,spectacles,638,,spectacles
3497,114,spectacles,638,,spectacles
4850,114,spectacles,638,,spectacles
5229,114,spectacles,638,,spectacles
4954,114,spectacles,638,,spectacles
5615,114,spectacles,638,,sepctacles
5659,114,spectacles,638,,spectacles
5396,114,spectacles,638,,spectacles
4820,114,spectacles,638,,spectacles
7410,114,spectacles,638,,"spectacles,"
5970,114,spectacles,638,,spectacles
4275,114,spectacles,638,,"spectacles,"
4254,114,spectacles,638,,specatcles
2834,114,spectacles,638,,spectacles
446,114,spectacles,638,,"spectacles,"
9381,114,spectacles,638,,spectacles
9384,114,spectacles,638,,spectacles
9401,114,spectacles,638,,spectacles
4779,114,spectacles,638,,spectacles
5749,114,spectacles,638,,spectacles
2093,114,spectacles,638,,"spectacles,"
5184,114,spectacles,638,,spectacles
5614,114,spectacles,638,,spectacles
5649,114,spectacles,638,,spectacles
4278,114,spectacles,638,,"spectacles,"
5232,114,spectacles,638,,spectacles
7152,114,spectacles,638,,spectacles
7989,114,spectacles,638,,spectacles
2838,114,spectacles,638,,spectacles
7015,114,spectacles,638,,spectacles
6461,114,spectacles,638,,"spectacles,"
4287,114,spectacles,638,,"spectacles,"
8126,114,spectacles,638,,spectacles
6013,114,spectacles,638,,spectacles
6346,114,spectacles,638,,"spectacles,"
9101,114,eye protector,254,,eye protector
2114,114,spectacles,638,,"specticales,"
662,114,spectacles,638,,"spectacles,"
7263,114,spectacles,638,,spectacles
7272,114,spectacles,638,,spectacles
9648,114,spectacles,638,,spectacles
5226,114,spectacles,638,,spectacles
9715,114,spectacles,638,,spectacles
9718,114,spectacles,638,,specticals specticales
6530,114,spectacles,638,,spectacles
5277,114,spectacles,638,,spectacles
9730,114,spectacles,638,,spectacles
9732,114,spectacles,638,,spectacles
6073,114,spectacles,638,,spectacles
4268,114,spectacles,638,,"spectacles,"
7819,114,spectacles,638,,spectacles
7166,114,spectacles,638,,"spectacle,s"
4256,114,spectacles,638,,"spectacles,"
9806,114,eyeglasses,252,,eye glasses
9807,114,spectacles,638,,spectacles
8215,114,spectacles,638,gold eye glasses,spectacles etc. (gold eye glasses)
4767,114,spectacles,638,,"spectacles,"
9811,114,spectacles,638,,spectacles
9815,114,spectacles,638,,spectacles
9820,114,eyeglasses,252,,eye-glass
6129,114,spectacles,638,,spectacles
6552,114,spectacles,638,,spectacles
9832,114,spectacles,638,,spectacles
9833,114,spectacles,638,?frames only,spectacles (?frames only)
6861,114,spectacles,638,,spectacles
7158,114,spectacles,638,,spectacles
9852,114,spectacles,638,,spectacles
9861,114,spectacles,638,,spectacles
6677,114,spectacles,638,frames,spectacles (frames)
9871,114,eyeglasses,252,,eye glasses
9872,114,eyeglasses,252,,eye glasses
9872,114,spectacles,638,,spectacles
9878,114,eyeglasses,252,,eye-glasses
9881,114,spectacles,638,,spectacles
9888,114,spectacles,638,,spectacles
9899,114,spectacles,638,,"spectacles,"
9912,114,spectacles,638,,spectacles
9913,114,spectacles,638,,spectacles
5926,114,spectacles,638,,spectacles
4994,114,spectacles,638,,"spectacles,"
4283,114,spectacles,638,,"spectacles,"
7028,114,spectacles,638,,spectacles
6095,114,spectacles,638,,spectacles
7498,114,spectacles,638,,spectacles
10228,114,spectacles,638,,spectacles
10230,114,spectacles,638,,spectacles
10232,114,spectacles,638,,spectacles
6568,114,spectacles,638,,"spectacles,"
6607,114,spectacles,638,,"spectacles,"
7517,114,spectacles,638,,"spectacles,"
7476,114,spectacles,638,,spectacles
7126,114,"spectacles, invisible",639,,spectacles (invisible)
7398,114,spectacles,638,,spectacles
7399,114,spectacles,638,,spectacles
7987,114,spectacles,638,,spectacles
10318,114,spectacles,638,,spectacles
6489,114,spectacles,638,,spectacles
7214,114,spectacles,638,,"spectacles,"
8184,114,spectacles,638,,spectacles
10329,114,spectacles,638,,spectacles
6512,114,spectacles,638,,spectacles
7089,114,spectacles,638,,spectacles
8202,114,spectacles,638,,spectacles
6283,114,spectacles,638,,spectacles
6029,114,spectacles,638,,spectscles
6597,114,spectacles,638,,spectacles
7325,114,spectacles,638,,spectacles
10396,114,spectacles,638,,spectacles
8280,114,spectacles,638,,"spectacles,"
10429,114,spectacles,638,,"spectacles,"
10433,114,spectacles,638,,spectacles
7055,114,spectacles,638,,spectacles
10436,114,spectacles,638,,spectacles
10227,114,spectacles,638,,spectacles
8571,114,spectacles,638,,spectacles
6189,114,spectacles,638,,"spectacles,"
6364,114,spectacles,638,,"spectacles,"
3493,114,spectacles,638,,spectacles
7112,114,spectacles,638,,spectacles
10455,114,spectacles,638,,spectacles
7128,114,spectacles,638,,spectacles
7262,114,spectacles,638,,spectacles
10469,114,spectacles,638,,spectacles
10472,114,spectacles,638,,spectacles
10488,114,spectacles,638,,spectacles
7024,114,spectacles,638,,spectacles
7572,114,spectacles,638,,spectacles
7990,114,spectacles,638,,spectacles
10499,114,spectacles,638,,spectacles
7273,114,spectacles,638,"gold, silver & steel","spectacles (gold, silver & steel)"
7273,114,eyeglasses,252,,"eye glasses,"
10502,114,spectacles,638,,spectacles
8767,114,spectacles,638,,spectacles
8768,114,spectacles,638,,spectacles
8774,114,spectacles,638,,spectacles
2330,114,spectacles,638,,spectacles
6918,114,spectacles,638,,spectacles
6924,114,spectacles,638,,spectacles
7082,114,spectacles,638,,spectacles
4259,114,spectacles,638,,"spectacles,"
7596,114,spectacles,638,,spectacles
568,115,"level, spirit",377,,"spirit level,"
696,115,"level, spirit",377,,"spirit level,"
738,115,"level, spirit",377,,"spirit level,"
166,115,"level, spirit",377,,"spirit level,"
359,115,"level, spirit",377,,"spirit level,"
426,115,"level, spirit",377,,"spirit level,"
770,115,"level, spirit",377,,"spirit level,"
903,115,"level, spirit",377,,"spirit level,"
1364,115,"level, spirit",377,,"spirit level,"
3615,115,"level, spirit",377,,spirit level
3616,115,"level, spirit",377,,spirit level
4677,115,"level, spirit",377,,"spirit level,"
6221,115,"level, spirit",377,,"spirit level,"
6893,115,"level, spirit",377,,"spirit level,"
7612,115,"level, spirit",377,,spirit level
7646,115,"level, spirit",377,,spirit levels
8010,115,"level, spirit",377,,spirit level
8262,115,"level, spirit",377,,"spirit levels,"
29,115,"level, spirit",377,,spirit level
550,115,"level, spirit",377,,spirit level.
3518,115,"level, spirit",377,,"spirit levels,"
9882,115,"level, spirit",377,,"spirit levels,"
10388,115,"level, spirit",377,,spirit levels
4252,116,spectroscope,644,,"spectroscope,"
4246,116,spectroscope,644,,spectoscopes
6739,116,spectroscope,644,,"spectoscopes,"
9084,116,spectroscope,644,,"spectroscopes,"
4259,116,spectroscope,644,,"spectroscope,"
4244,116,spectroscope,644,,"spectroscopes,"
8351,116,spectroscope,644,,spectroscope
9355,116,spectroscope,644,,spectroscopes
6929,116,spectroscope,644,,spectroscopes
8246,116,spectroscope,644,,"spectroscopes,"
8691,118,galvanometer,266,,galvanometer
6569,118,galvanometer,266,,"galvanometers,"
8888,118,galvanometer,266,,galvanometer
8889,118,galvanometer,266,,"galvanometers,"
9116,118,galvanometer,266,,"galvanometers,"
7521,118,micro-galvanometer,425,,"micro-galvanometers,"
4259,118,galvanometer,266,,galvanometers
3221,120,Leyden jar,380,,Leyden jar
476,120,telescope,715,,"telescopes,"
29,121,magnetic apparatus,393,,"magnetic apparatus,"
2816,121,magnetic apparatus,393,,"magnetic apparatus,"
3484,121,magnetic apparatus,393,,magnetic apparatus
4435,121,magnetic apparatus,393,,magnetic apparatus
7772,121,magnetic apparatus,393,,magnetic apparatus
4259,121,magnetic apparatus,393,,"magnetic apparatus,"
10316,121,magnetic apparatus,393,,magnetic apparatus
10277,121,magnetic apparatus,393,,magnetic apparatus
10350,121,magnetic apparatus,393,,magnetic apparatus
10351,121,magnetic apparatus,393,,magnetic apparatus
10300,121,magnetic apparatus,393,,magnetic apparatus
10418,121,magnetic apparatus,393,,magnetic apparatus
10444,121,magnetic apparatus,393,,magnetic apparatus
10445,121,magnetic apparatus,393,,magnetic apparatus
10446,121,magnetic apparatus,393,,magnetic apparatus
10522,121,magnetic apparatus,393,,magnetic apparatus
6556,121,magnetic apparatus,393,,magnetic apparatus
10523,121,magnetic apparatus,393,,magnetic apparatus
10524,121,magnetic apparatus,393,,magnetic apparatus
10525,121,magnetic apparatus,393,,magnetic apparatus
10571,121,magnetic apparatus,393,,magnetic apparatus
2326,122,surveyor's staff,696,,"surveyor's staff,"
2812,122,surveyor's staff,696,,"surveyor's staff,"
4285,122,levelling stave,379,,"leveling staves,"
4677,122,surveyor's staff,696,,"surveyor's staff,"
7166,122,levelling stave,379,,"levelling staves,"
4267,122,surveying instrument,694,,"surveying instruments levelling staves,"
4267,,levelling stave,379,,
565,123,octant,483,,"octant,"
589,123,octant,483,,"octant,"
341,123,octant,483,,octant
393,123,octant,483,,Hadley's Quadrant
421,123,octant,483,,"octant,"
424,123,octant,483,,"Hadley quadranr,"
426,123,octant,483,,"octant,"
451,123,octant,483,,"Hadley's quadrants,"
478,123,octant,483,,"octant,"
541,123,octant,483,,Hadley's Quadrant
756,123,octant,483,,quadrant (Hadley's)
768,123,octant,483,,"octant,"
787,123,octant,483,,"octant,"
805,123,octant,483,,Hadley's quadrant
812,123,octant,483,,"octant,"
821,123,octant,483,,quadrant Hadley's
921,123,octant,483,,Hadley's quadrant (octant
1555,123,octant,483,"Advertised quadrant, presumably Hadley's quadrant, i.e. octant",quadrant (presum. Hadley)
1819,123,quadrant,572,,quadrant
2016,123,octant,483,,"quadrants (Hadley),"
2048,123,octant,483,,quadrant Hadley's
2209,123,octant,483,,"octant,"
2216,123,octant,483,,"Hadley's quadranrs,"
2841,123,octant,483,,"octant,"
2902,123,octant,483,,"oxtants,"
3405,123,octant,483,,"quadrants, (Hadley)"
3518,123,octant,483,,"Hadley's quadrants,"
4164,123,octant,483,,"octant,"
4592,123,octant,483,,Hadley quadrant
4701,123,octant,483,,"octant,"
5158,123,octant,483,,"octant,"
5630,123,octant,483,,"octants,"
5869,123,octant,483,,quadrant (Hadley)
6359,123,octant,483,,"quadrants, (Hadley)"
6659,123,octant,483,,"Hadley quadrants,"
6760,123,octant,483,,quadrants (Hadley's)
7672,123,quadrant,572,,"quadrants,"
7724,123,quadrant,572,,"quadrant,"
7726,123,quadrant,572,,"quadrant,"
7790,123,octant,483,,"Hadley quadrants,"
8253,123,octant,483,,"Hadley quadrants (octants),"
8262,123,quadrant,572,,"quadrants,"
8799,123,octant,483,,octant
8811,123,octant,483,,"octant,"
5865,123,octant,483,,quadrants (Hadley)
354,123,octant,483,,Hadley's quadrant
10,123,octant,483,,Hadley's quadrant
6999,123,octant,483,,"Hadley's quadrant,"
514,123,octant,483,,"octant,"
293,123,octant,483,,octant
8566,123,octant,483,,quadrant (Hadley(
168,123,octant,483,,"Hadley's quadrant,"
5265,123,octant,483,,"Hadley quadrants,"
8936,123,octant,483,,Hadley' quadrants
642,123,octant,483,,octant
4267,123,octant,483,,"octants,"
3757,123,octant,483,,quadrant (Hadley)
21,123,octant,483,,"Hadleys quadrant,"
3645,123,octant,483,,"Hadley quandrants,"
791,123,octant,483,,octants
3717,123,octant,483,,"octants,"
2696,123,octant,483,,quadrant (Hadley)
7480,123,octant,483,,Hadley quadrant
3595,123,octant,483,,"quadrant (Hadley),"
2774,123,octant,483,,"Hadley quadrants,"
2690,123,quadrant,572,,quadrants
9320,123,octant,483,,Hadley quadrants
5090,123,octant,483,,"Hadley quadrants,"
5345,123,octant,483,,Hadley quadrants
446,123,octant,483,,Hadley quadrants
3402,123,octant,483,,quadrants (Hadley)
2137,123,octant,483,,"Hadley quadrants,"
9538,123,octant,483,,octant
3261,123,octant,483,,Hadley quadrants (octants)
9933,123,quadrant,572,,quadrants
2821,123,octant,483,,"quadrants (Hadley),"
6910,123,octant,483,,"quadrants (Hadley),"
8169,123,octant,483,,octants
10429,123,octant,483,,"octants,"
359,124,optical machine,800,,"opitcal machines,"
738,124,optical machine,800,,optical machine
696,124,optical machine,800,,optical machine
770,124,optical machine,800,,"optical machines,"
547,125,telescope,715,,"telescope,"
550,125,telescope,715,,telescope
551,125,telescope,715,,"telescope,"
565,125,telescope,715,,telescope
568,125,telescope,715,,"telescope,"
589,125,telescope,715,,"telescope,"
610,125,telescope,715,,telescope
613,125,telescope,715,,telescope
621,125,telescope,715,,"telescope,"
661,125,telescope,715,,"telescope,"
696,125,telescope,715,,"telescope,"
714,125,telescope,715,,"telescope,"
722,125,telescope,715,,"telescope,"
738,125,telescope,715,,"telescope,"
918,125,telescope,715,,telescope
200,125,telescope,715,,"telescope,"
226,125,telescope,715,,telescope
232,125,telescope,715,,telescope
235,125,telescope,715,,"telescope,"
272,125,telescope,715,,"telescope,"
273,125,telescope,715,,"telescope,"
275,125,telescope,715,,"telescope,"
21,125,"telescope, reflecting",723,,telescope-reflect
21,125,"telescope, refracting",724,,"telescope, refract,"
29,125,"telescope, refracting",724,,"telescope, refr."
50,125,telescope,715,,"telescope,"
67,125,telescope,715,,telescope
96,125,telescope,715,,telescope
140,125,telescope,715,,"telescope,"
147,125,telescope,715,,telescope
155,125,telescope,715,,"telescope,"
164,125,telescope,715,,"telescope,"
166,125,telescope,715,,"telescope,"
168,125,telescope,715,,telescope
182,125,telescope,715,,"telescope,"
188,125,telescope,715,,"telescopes,"
192,125,telescope,715,,telescope
195,125,telescope,715,,telescope
280,125,telescope,715,,telescope
281,125,telescope,715,,"telescope,"
293,125,telescope,715,,telescope
316,125,telescope,715,,"telescope,"
332,125,"telescope, reflecting",723,,"reflecting telescope,"
346,125,telescope,715,,telescope
347,125,telescope,715,,"telescope,"
359,125,telescope,715,,"telescope,"
394,125,telescope,715,,"telescope,"
395,125,telescope,715,,telescope
414,125,telescope,715,,"telescope,"
415,125,telescope,715,,"telescope,"
421,125,telescope,715,,telescope
426,125,telescope,715,,"telescope,"
439,125,telescope,715,,telescope
442,125,telescope,715,,"telescope,"
451,125,telescope,715,,telescopes
478,125,telescope,715,,telescope
490,125,telescope,715,,"telescope,"
503,125,telescope,715,,telescope
514,125,telescope,715,,telescope
541,125,telescope,715,,"telescope,"
757,125,telescope,715,,telescope
762,125,telescope,715,,"telescope,"
768,125,telescope,715,,telescope
770,125,telescope,715,,"telescope,"
781,125,telescope,715,,telescope
787,125,telescope,715,,telescope
812,125,telescope,715,,telescope
828,125,"telescope, refracting",724,,telescope refractor
921,125,telescope,715,,"telescope,"
944,125,telescope,715,,"telescope,"
973,125,telescope,715,,"telescope,"
986,125,telescope,715,,"telescope,"
1212,125,telescope,715,,"telescope,"
1338,125,telescope,715,,telescope
1364,125,telescope,715,,"telescope,"
1386,125,telescope,715,,"telescope,"
1391,125,telescope,715,,telescope
1487,125,telescope,715,,telescope
1528,125,telescope,715,,telescope
1529,125,telescope,715,,telescope
1530,125,telescope,715,,telescope
1531,125,telescope,715,,telescope
1532,125,telescope,715,,telescope
1722,125,telescope,715,,telescope
1779,125,telescope,715,,telescope
1850,125,telescope,715,,telescope
1901,125,telescope,715,,"telescope,"
1945,125,telescope,715,,"telescope,"
1946,125,telescope,715,,"telescope,"
1950,125,telescope,715,,telescope
1957,125,telescope,715,,telescope
1967,125,telescope,715,,telescope
2000,125,telescope,715,,"telescope,"
2016,125,telescope,715,,telescope
2029,125,telescope,715,,telescope
2048,125,telescope,715,,"telescope,"
2061,125,telescope,715,,telescope
2076,125,telescope,715,,"telescope,"
2093,125,telescope,715,,telescope
2114,125,telescope,715,,telescope
2170,125,telescope,715,,telescope
2187,125,telescope,715,,telescope
2191,125,telescope,715,,telescope
2209,125,telescope,715,,telescope
2216,125,telescope,715,,telescopes
2241,125,telescope,715,,telescope
2280,125,telescope,715,,telescope
2604,125,telescope,715,,"telescope,"
2647,125,thermometer,741,,thermometers
2674,125,telescope,715,,telescope
2696,125,telescope,715,,telescope
2707,125,telescope,715,,telescope
2760,125,telescope,715,,telescope
2776,125,telescope,715,,"telescope,"
2812,125,telescope,715,,"telescope,"
2814,125,telescope,715,,telescopes
2816,125,telescope,715,,"telescope,"
2841,125,telescope,715,,telescope
2885,125,telescope,715,,"telescope,"
2902,125,telescope,715,,"telescopes,"
3077,125,telescope,715,,"telescope,"
3196,125,telescope,715,,"telescope,"
3214,125,telescope,715,,telescope
3405,125,telescope,715,,"telescopes,"
3492,125,telescope,715,,"telescope,"
3502,125,telescope,715,,telescope
3517,125,telescope,715,,telescope
3518,125,telescope,715,,telescope
3643,125,telescope,715,,telescope
3687,125,telescope,715,,"telescope,"
3688,125,telescope,715,,"telescopes,"
3819,125,telescope,715,,"telescope,"
4116,125,telescope,715,,"telescopes,"
4154,125,telescope,715,,telescope
4164,125,telescope,715,,telescope
4254,125,telescope,715,,"telescopes,"
4255,125,telescope,715,,"telescope,"
4256,125,telescope,715,,"telescope,"
4257,125,telescope,715,,telescope
4259,125,telescope,715,,"telescope,"
4276,125,telescope,715,,telescopes
4278,125,telescope,715,,"telescopes,"
4285,125,telescope,715,,"telescopes,"
4287,125,telescope,715,,telescope
4307,125,telescope,715,,"telescope,"
4314,125,telescope,715,,telescope
4321,125,telescope,715,,telescope
4362,125,telescope,715,,telescope
4523,125,telescope,715,,telescope
4535,125,telescope,715,,telescope
4599,125,telescope,715,,telescope
4677,125,telescope,715,,"telescope,"
4701,125,telescope,715,,telescope
4960,125,telescope,715,,telescope
4977,125,telescope,715,,telescope
5083,125,telescope,715,,"telescope,"
5129,125,telescope,715,,"telescope,"
5158,125,telescope,715,,"telescope,"
5630,125,telescope,715,,telescopes
5640,125,telescope,715,,telescopes
5867,125,telescope,715,,"telescope,"
6041,125,telescope,715,,telescope
6077,125,telescope,715,,"telescopes,"
6206,125,telescope,715,,telescope
6221,125,telescope,715,,"telescope,"
6346,125,telescope,715,,telescope
6359,125,telescope,715,,telescopes
6389,125,telescope,715,,"telescopes,"
6443,125,thermometer,741,,thermometers
6444,125,telescope,715,,telescopes
6459,125,telescope,715,,"telescopes,"
6461,125,telescope,715,,"telescopes,"
6526,125,telescope,715,,"telescopes,"
6543,125,telescope,715,,"telescopes,"
6650,125,telescope,715,,telescopes
6659,125,telescope,715,,"telescopes,"
6726,125,telescope,715,,telescopes
6760,125,telescope,715,,telescopes
6859,125,telescope,715,,telescopes
6994,125,telescope,715,,telescopes
7081,125,telescope,715,,telescopes
7166,125,"telescope, binocular",718,,"binocular telescopes,"
7166,125,telescope,715,,"telescopes,"
7223,125,telescope,715,,telescopes
7282,125,telescope,715,,telescopes
7410,125,telescope,715,,"telescopes,"
7497,125,telescope,715,,telescopes
7520,125,telescope,715,,telescopes
7653,125,telescope,715,,telescopes
7672,125,telescope,715,,"telescopes,"
7724,125,telescope,715,,telescope
7726,125,telescope,715,,"telescope,"
7730,125,perspective glass,514,,perspective glasses
7748,125,telescope,715,,"telescopes,"
7749,125,telescope,715,,"telescopes,"
7790,125,telescope,715,,telescopes
7850,125,telescope,715,,"telescopes,"
7877,125,telescope,715,,telescopes
7904,125,telescope,715,,"telescopes,"
7918,125,telescope,715,,telescopes
8101,125,telescope,715,,telescopes
8253,125,telescope,715,,telescopes
8262,125,telescope,715,,"telescopes,"
8279,125,telescope,715,,telescopes
8280,125,telescope,715,,telescopes
8287,125,telescope,715,,telescopes
8342,125,telescope,715,,telescope
5459,125,telescope,715,,telescopes
828,125,"telescope, reflecting",723,,telescope reflector
67,125,"telescope, refracting",724,,telescopes (refracting)
764,125,telescope,715,,telescopes
5760,125,telescope,715,,telescopes
5636,125,telescope,715,,telescope
5700,125,telescope,715,,telescopes
5465,125,telescope,715,,telescopes
1321,125,telescope,715,,telescopes
8685,125,spyglass,645,,spy glasses
6364,125,telescope,715,,telescopes
9998,125,telescope,715,,telescopes
9999,125,telescope,715,,telescopes
10002,125,telescope,715,,telescopes
6466,125,telescope,715,,"telescopes,"
5647,125,telescope,715,,"telescopes,"
10133,125,telescope,715,,telescopes
8181,125,telescope,715,,telescopes
8811,125,telescope,715,,"telescope,"
4599,125,"telescope, achromatic",716,,telescope achromatic
8860,125,telescope,715,,"telescopes,"
2880,125,telescope,715,,"telescopes,"
29,125,"telescope, reflecting",723,,"telescopes refl.,"
6999,125,telescope,715,,"telescope,"
168,125,protective glasses,559,,protective glasses
1718,125,telescope,715,,"telescopes,"
5265,125,telescope,715,,"telescopes,"
3502,125,"telescope, walking stick",727,,walking stick telescope
8936,125,telescope,715,,telescopes
8973,125,"telescope, refracting",724,,telescope (refractor)
550,125,equatorial instrument,248,,"equatorial instruments,"
5,125,"telescope, reflecting",723,,telescope (reflecting)
4286,125,telescope,715,,"telescpoes,"
424,125,telescope,715,,telescopes
5268,125,telescope,715,,telescope
4267,125,telescope,715,,telescopes
514,125,"telescope, reflecting",723,,telescope (reflecting)
3757,125,telescope,715,,"telescope,"
9054,125,perspective,513,,perspectives
4246,125,telescope,715,,telescopes
4252,125,telescope,715,,"telescope,"
4290,125,telescope,715,,telescopes
9091,125,telescope,715,,"telescopes,"
3645,125,telescope,715,,telescopes
791,125,telescope,715,,telescopes
273,125,"telescope, reflecting",723,,telescope-reflecting
7751,125,telescope,715,,"telescopes,"
3717,125,telescope,715,,"telescopes,"
2076,125,perspective glass,514,,perspective glasses
4600,125,telescope,715,,"telescopes,"
155,125,perspective glass,514,,"perspective glasses,"
9215,125,telescope,715,,telescopes
7480,125,telescope,715,,telescope
3595,125,telescope,715,,telescopes
608,125,telescope,715,,telescopes
1964,125,telescope,715,,telescope
2774,125,telescope,715,,"telescopes,"
332,125,"telescope, refracting",724,,refracting telescopes
2690,125,telescope,715,,telescopes
7117,125,telescope,715,,"telescopes,"
3218,125,telescope,715,,"telescopes,"
601,125,telescope,715,,telescopes
5090,125,telescope,715,,telescopes
4244,125,telescope,715,,"telescopes,"
9266,125,telescope,715,,telescopes
2897,125,telescope,715,,telescopes
6722,125,telescope,715,,telescopes
2306,125,telescope,715,,"telescopes,"
4275,125,telescope,715,,"telescopes,"
2834,125,telescope,715,,"telescopes,"
446,125,telescope,715,,"telescopes,"
9386,125,"mirror, reflecting",459,,reflecting mirrors
3402,125,telescope,715,,telescopes
5051,125,telescope,715,,telescopes
2137,125,telescope,715,,telescopes
4984,125,telescope,715,,telescopes
5701,125,telescope,715,,telescopes
8162,125,telescope,715,,telescopes
2975,125,telescope,715,,"telescopes,"
4287,125,"telescope, Lord Bury",721,£3.10s,'Lord Bury' telescope £3.10s
662,125,telescope,715,,telescopes
9683,125,telescope,715,,telescopes
9648,125,telescope,715,,telescopes
5241,125,"telescope, astronomical",717,,"telescopes (astro),"
4767,125,telescope,715,,"telescopes,"
2268,125,telescope,715,,"telescopes, telescopes,"
2268,125,telescopic sights,732,,"telescopic sights,"
9899,125,telescope,715,,telescopes
9912,125,telescope,715,,telescopes
9933,125,telescope,715,,telescopes
2821,125,telescope,715,,"telescopes,"
6910,125,telescope,715,,telescopes
4994,125,telescope,715,,telescopes
6127,125,telescope,715,,telescopes
6607,125,telescope,715,,"telescopes,"
10429,125,telescope,715,,"telescopes,"
6042,125,telescope,715,,telescopes
438,125,telescope,715,,"telescopes,"
6014,125,telescope,715,,telescopes
17,126,Gunter's scale,316,,"gunter's scale,"
91,126,Gunter's scale,316,,Gunter's scale
1212,126,Gunter's scale,316,,gunter scale
1386,126,Gunter's scale,316,,"Gunter's scale,"
77,126,Gunter's scale,316,,"Gunter scales,"
8811,126,Gunter's scale,316,,"Gunter's scales,"
6999,126,Gunter's scale,316,,"Gunter scales,"
3757,126,Gunter's scale,316,,"Gunters scales,"
293,126,Gunter's scale,316,,Gunter-scale
2774,126,Gunter's scale,316,,"Gunter's scales,"
2690,126,Gunter's scale,316,,"Gunter's scales,"
8776,126,navigation scale,479,,"navigation scales,"
547,127,theodolite,734,,"theodolite,"
551,127,theodolite,734,,"theodolite,"
568,127,theodolite,734,,"theodolite,"
696,127,theodolite,734,,"theodolite,"
714,127,theodolite,734,,"theodolite,"
738,127,theodolite,734,,"theodolite,"
752,127,theodolite,734,,theodolite
753,127,theodolite,734,,theodolite
29,127,theodolite,734,,"theodolite,"
50,127,theodolite,734,,"theodolite,"
155,127,theodolite,734,,"theodolite,"
164,127,theodolite,734,,"theodolite,"
166,127,theodolite,734,,"theodolite,"
182,127,theodolite,734,,"theodolite,"
347,127,theodolite,734,,"theodolite,"
359,127,theodolite,734,,"theodolite,"
426,127,theodolite,734,,"theodolite,"
770,127,theodolite,734,,"theodolite,"
1179,127,theodolite,734,,"theodolite,"
1364,127,theodolite,734,,"theodolite,"
1945,127,theodolite,734,,theodolite
2000,127,theodolite,734,,"theodolite,"
2076,127,theodolite,734,,"theodolite,"
2266,127,theodolite,734,,"theodolite,"
2812,127,theodolite,734,,"theodolite,"
3269,127,theodolite,734,,"theodolite,"
3406,127,theodolite,734,,"theodolite,"
3819,127,theodolite,734,,"theodolite,"
4259,127,theodolite,734,,theodolite
4285,127,theodolite,734,,"theodolites,"
4286,127,theodolite,734,,therdolites
4387,127,theodolite,734,,theodolite
6077,127,theodolite,734,,"theodolite,"
6543,127,theodolite,734,,"theodolites,"
7166,127,theodolite,734,,theodolites
8262,127,theodolite,734,,"theodolites,"
6569,127,theodolite,734,,"theodolites,"
8879,127,theodolite,734,,theodolites
1718,127,theodolite,734,,theodolites
550,127,theodolite,734,,"theodolites,"
424,127,theodolite,734,,"theodolite,"
2841,127,theodolite,734,,"theodolites,"
4246,127,theodolite,734,,theodolites
9091,127,theodolite,734,,theodolites
3518,127,theodolite,734,,"theodolites,"
547,128,thermometer,741,,"thermometer,"
551,128,thermometer,741,,"thermometer,"
568,128,thermometer,741,,"thermometer,"
621,128,thermometer,741,,thermometer
661,128,thermometer,741,,thermometer
696,128,thermometer,741,,"thermometer,"
714,128,thermometer,741,,"thermometer,"
722,128,thermometer,741,,thermometer
738,128,thermometer,741,,"thermometer,"
227,128,thermometer,741,,thermometer
272,128,thermometer,741,,"thermometer,"
273,128,thermometer,741,,"thermometer,"
275,128,thermometer,741,,"thermometer,"
1,128,thermometer,741,,thermometer
5,128,thermometer,741,,thermometer
21,128,thermometer,741,,"thermometer,"
29,128,thermometer,741,,"thermometer,"
38,128,thermometer,741,,thermometer
44,128,thermometer,741,,thermometer
50,128,thermometer,741,,thermometer
54,128,thermometer,741,,"thermometer,"
164,128,thermometer,741,,"thermometer,"
166,128,thermometer,741,,thermometer
182,128,thermometer,741,,"thermometer,"
281,128,thermometer,741,,thermometer
316,128,thermometer,741,,thermometer
331,128,thermometer,741,,"thermometer,"
332,128,thermometer,741,,"thermometer,"
347,128,thermometer,741,,"thermometer,"
354,128,thermometer,741,,thermometer
359,128,thermometer,741,,"thermometer,"
390,128,thermometer,741,,thermometers
394,128,thermometer,741,,thermometer
426,128,thermometer,741,,"thermometer,"
438,128,thermometer,741,,thermometer
442,128,thermometer,741,,thermometer
446,128,thermometer,741,,thermometer
450,128,thermometer,741,,thermometer
490,128,thermometer,741,,thermometer
541,128,thermometer,741,,thermometer
762,128,thermometer,741,,thermometer
770,128,thermometer,741,,"thermometer,"
894,128,thermometer,741,,thermometer
903,128,thermometer,741,,thermometer
906,128,thermometer,741,,thermometer
908,128,thermometer,741,,thermometer
909,128,thermometer,741,,thermometer
921,128,thermometer,741,,"thermometer,"
944,128,thermometer,741,,thermometer
973,128,thermometer,741,,thermometer
986,128,thermometer,741,,thermometer
1069,128,thermometer,741,,thermometer
1090,128,thermometer,741,,thermometer
1112,128,thermometer,741,,thermometer
1364,128,thermometer,741,,"thermometer,"
1386,128,thermometer,741,,thermometer
1464,128,thermometer,741,,thermometer
1546,128,thermometer,741,,thermometer
1619,128,thermometer,741,,thermometer
1620,128,thermometer,741,,thermometer
1690,128,thermometer,741,,thermometer
1719,128,thermometer,741,,thermometer
1913,128,thermometer,741,,thermometer
1929,128,thermometer,741,,thermometer
1979,128,thermometer,741,,thermometer
2000,128,thermometer,741,,thermometer
2042,128,thermometer,741,,thermometer
2048,128,thermometer,741,,thermometer
2064,128,thermometer,741,,thermometer
2076,128,thermometer,741,,"thermometer,"
2095,128,thermometer,741,,thermometers
2096,128,thermometer,741,,thermometer
2119,128,thermometer,741,,thermometer
2131,128,thermometer,741,,thermometer
2180,128,thermometer,741,,thermometer
2194,128,thermometer,741,,thermometer
2196,128,thermometer,741,,thermometer
2204,128,thermometer,741,,thermometer
2212,128,thermometer,741,,thermometer
2213,128,thermometer,741,,thermometer
2217,128,thermometer,741,,thermometer
2218,128,thermometer,741,,thermometer
2223,128,thermometer,741,,thermometer
2255,128,thermometer,741,,thermometer
2257,128,thermometer,741,,thermometer
2268,128,thermometer,741,,"thermometers,"
2273,128,thermometer,741,,thermometer
2279,128,thermometer,741,,thermometer
2282,128,thermometer,741,,thermometer
2295,128,thermometer,741,,thermometer
2301,128,thermometer,741,,thermometer
2604,128,thermometer,741,,thermometer
2605,128,thermometer,741,,thermometer
2606,128,thermometer,741,,thermometer
2627,128,thermometer,741,,thermometer
2634,128,thermometer,741,,thermometer
2637,128,thermometer,741,,thermometer
2673,128,thermometer,741,,thermometer
2747,128,thermometer,741,,thermometer
2751,128,thermometer,741,,thermometer
2764,128,thermometer,741,,thermometer
2776,128,thermometer,741,,thermometer
2805,128,thermometer,741,,thermometer
2808,128,thermometer,741,,thermometer
2812,128,thermometer,741,,thermometer
2816,128,thermometer,741,,"thermometer,"
2846,128,thermometer,741,,thermometer
2878,128,thermometer,741,,thermometer
2885,128,thermometer,741,,thermometer
2902,128,thermometer,741,,thermometers
2911,128,thermometer,741,,thermometer
2957,128,thermometer,741,,thermometer
3012,128,thermometer,741,,thermometer
3030,128,thermometer,741,,thermometer
3036,128,thermometer,741,,thermometer
3050,128,thermometer,741,,thermometers
3068,128,thermometer,741,,thermometer
3077,128,thermometer,741,,thermometer
3114,128,thermometer,741,,thermometer
3116,128,thermometer,741,,thermometer
3119,128,thermometer,741,,thermometer
3128,128,thermometer,741,,thermometer
3129,128,thermometer,741,,thermometer
3142,128,thermometer,741,,thermometer
3198,128,thermometer,741,,thermometer
3229,128,thermometer,741,,thermometer
3232,128,thermometer,741,,thermometer
3233,128,thermometer,741,,thermometer
3234,128,thermometer,741,,thermometer
3236,128,thermometer,741,,thermometer
3246,128,thermometer,741,,thermometer
3269,128,thermometer,741,,thermometer
3283,128,thermometer,741,,thermometer
3288,128,thermometer,741,,thermometer
3313,128,thermometer,741,,thermometer
3321,128,thermometer,741,,thermometer
3366,128,thermometer,741,,thermometer
3405,128,thermometer,741,,thermometers
3492,128,thermometer,741,,thermometer
3499,128,thermometer,741,,"thermometers,"
3500,128,thermometer,741,,thermometer
3501,128,thermometer,741,,"thermometer,"
3729,128,thermometer,741,,thermometers
3819,128,thermometer,741,,thermometer
4067,128,thermometer,741,,thermometer
4070,128,thermometer,741,,thermometer
4091,128,thermometer,741,,thermometer
4101,128,thermometer,741,,thermometer
4116,128,thermometer,741,,thermometers
4122,128,thermometer,741,,thermometer
4123,128,thermometer,741,,thermometer
4131,128,thermometer,741,,thermometer
4139,128,thermometer,741,,thermometer
4155,128,thermometer,741,,thermometer
4156,128,thermometer,741,,thermometer
4159,128,thermometer,741,,thermometer
4205,128,thermometer,741,,thermometer
4208,128,thermometer,741,,thermometer
4209,128,thermometer,741,,thermometer
4213,128,thermometer,741,,thermometer
4218,128,thermometer,741,,thermometers
4221,128,thermometer,741,,thermometer
4253,128,thermometer,741,,thermometer
4254,128,thermometer,741,,thermometers
4255,128,thermometer,741,,thermometer
4256,128,thermometer,741,,thermometer
4262,128,thermometer,741,,thermometer
4268,128,thermometer,741,,"thermometer,"
4275,128,thermometer,741,,"thermometers,"
4280,128,thermometer,741,,"thermometer,"
4283,128,thermometer,741,,thermometer
4285,128,thermometer,741,,"thermometers,"
4307,128,thermometer,741,,thermometer
4399,128,thermometer,741,,thermometer
4442,128,thermometer,741,,thermometer
4443,128,thermometer,741,,thermometer
4468,128,thermometer,741,,thermometer
4471,128,thermometer,741,,thermometer
4540,128,thermometer,741,,thermometer
4541,128,thermometer,741,,thermometer
4549,128,thermometer,741,,thermometer
4551,128,thermometer,741,,thermometer
4552,128,thermometer,741,,thermometer
4553,128,thermometer,741,,thermometer
4554,128,thermometer,741,,"thermometers,"
4555,128,thermometer,741,,thermometer
4579,128,thermometer,741,,thermometer
4583,128,thermometer,741,,thermometer
4616,128,thermometer,741,,thermometer
4670,128,thermometer,741,,thermometer
4677,128,thermometer,741,,thermometer
4686,128,thermometer,741,,thermometer
4705,128,thermometer,741,,thermometer
4710,128,thermometer,741,,thermometer
4726,128,thermometer,741,,thermometer
4727,128,thermometer,741,,thermometer
4753,128,thermometer,741,,thermometer
4754,128,thermometer,741,,"thermometer,"
4755,128,thermometer,741,,thermometer
4762,128,thermometer,741,,thermometer
4763,128,thermometer,741,,thermometer
4765,128,thermometer,741,,thermometer
4766,128,thermometer,741,,thermometer
4773,128,thermometer,741,,thermometer
4775,128,thermometer,741,,thermometer
4792,128,thermometer,741,,thermometer
4794,128,thermometer,741,,thermometer
4801,128,thermometer,741,,thermometer
4816,128,thermometer,741,,thermometer
4832,128,thermometer,741,,thermometer
4880,128,thermometer,741,,thermometer
4926,128,thermometer,741,,thermometer
4933,128,thermometer,741,,thermometer
4958,128,thermometer,741,,thermometer
4983,128,thermometer,741,,thermometer
5019,128,thermometer,741,,thermometer
5073,128,thermometer,741,,thermometer
5083,128,thermometer,741,,"thermometer,"
5129,128,thermometer,741,,thermometer
5158,128,thermometer,741,,thermometer
5176,128,thermometer,741,,thermometer
5182,128,thermometer,741,,thermometer
5336,128,thermometer,741,,"thermometer,"
5570,128,thermometer,741,,thermometers
5573,128,thermometer,741,,thermometers
5601,128,thermometer,741,,thermometer
5782,128,thermometer,741,,thermometer
5802,128,thermometer,741,,thermometers
5867,128,thermometer,741,,thermometer
5923,128,thermometer,741,,thermometer
5987,128,thermometer,741,,thermometers
5998,128,thermometer,741,,thermometers
6062,128,thermometer,741,,thermometer
6066,128,thermometer,741,,thermometers
6067,128,thermometer,741,,thermometer
6077,128,thermometer,741,,thermometer
6154,128,thermometer,741,,thermometer
6186,128,thermometer,741,,thermometer
6189,128,thermometer,741,,thermometers
6192,128,thermometer,741,,thermometer
6207,128,thermometer,741,,thermometer
6217,128,thermometer,741,,thermometers
6221,128,thermometer,741,,thermometer
6239,128,thermometer,741,,thermometers
6241,128,thermometer,741,,thermometer
6247,128,thermometer,741,,thermometer
6259,128,thermometer,741,,thermometer
6304,128,thermometer,741,,thermometer
6305,128,thermometer,741,,thermometer
6330,128,thermometer,741,,thermometer
6348,128,thermometer,741,,thermometer
6352,128,thermometer,741,,thermometer
6363,128,thermometer,741,,thermometer
6366,128,thermometer,741,,thermometer
6375,128,thermometer,741,,thermometers
6389,128,thermometer,741,,thermometers
6401,128,thermometer,741,,thermometer
6403,128,thermometer,741,,thermometers
6409,128,thermometer,741,,thermometers
6426,128,thermometer,741,,thermometers
6458,128,thermometer,741,,thermometers
6459,128,thermometer,741,,thermometers
6461,128,thermometer,741,,thermometers
6463,128,thermometer,741,,thermometers
6469,128,thermometer,741,,thermometers
6470,128,thermometer,741,,thermometers
6471,128,thermometer,741,,thermometers
6494,128,thermometer,741,,thermometers
6543,128,thermometer,741,,"themometers,"
6550,128,thermometer,741,,thermometers
6553,128,thermometer,741,,thermometers
6568,128,thermometer,741,,thermometers
6615,128,thermometer,741,,thermometers
6637,128,thermometer,741,,themometer
6658,128,thermometer,741,,thermometers
6659,128,thermometer,741,,thermometers
6669,128,thermometer,741,,thermometers
6742,128,thermometer,741,,thermometers
6752,128,thermometer,741,,thermometers
6761,128,thermometer,741,,thermometers
6827,128,thermometer,741,,thermometers
6834,128,thermometer,741,,thermometers
6846,128,thermometer,741,,thermometers
6893,128,thermometer,741,,thermometers
6902,128,thermometer,741,,thermometers
6927,128,thermometer,741,,thermometers
6932,128,thermometer,741,,thermometers
6937,128,thermometer,741,,thermometer
6947,128,thermometer,741,,thermometers
6948,128,thermometer,741,,thermometer
6962,128,thermometer,741,,thermometers
6979,128,thermometer,741,,thermometers
7020,128,thermometer,741,,thermometers
7166,128,"thermometer, recording",743,,"recording thermometers,"
7209,128,thermometer,741,,thermometer
7212,128,thermometer,741,,thermometers
7213,128,thermometer,741,,thermometer
7214,128,thermometer,741,,thermometers
7257,128,thermometer,741,,thermometer
7258,128,thermometer,741,,thermometers
7270,128,thermometer,741,,thermometers
7304,128,thermometer,741,,thermometers
7368,128,telescope,715,,telescopes
7409,128,thermometer,741,,thermometers
7410,128,thermometer,741,,thermometers
7436,128,thermometer,741,,thermometers
7437,128,thermometer,741,,thermometers
7439,128,thermometer,741,,thermometers
7491,128,thermometer,741,,thermometers
7502,128,thermometer,741,,thermometers
7516,128,thermometer,741,,thermometers
7522,128,thermometer,741,,thermometers
7542,128,thermometer,741,,thermometers
7544,128,thermometer,741,,thermometers
7557,128,thermometer,741,,thermometers
7568,128,thermometer,741,,thermometers
7581,128,thermometer,741,,thermometers
7582,128,thermometer,741,,thermometers
7583,128,thermometer,741,,thermometers
7584,128,thermometer,741,,thermometers
7600,128,thermometer,741,,thermometers
7602,128,thermometer,741,,thermometers
7630,128,thermometer,741,,thermometers
7654,128,thermometer,741,,thermometers
7672,128,thermometer,741,,thermometers
7673,128,thermometer,741,,thermometers
7677,128,thermometer,741,,"thermometers,"
7680,128,thermometer,741,,thermometers
7726,128,thermometer,741,,thermometer
7743,128,thermometer,741,,thermometer
7801,128,thermometer,741,,thermometers
7841,128,thermometer,741,,thermometers
7848,128,thermometer,741,,thermometers
7850,128,thermometer,741,,thermometers
7910,128,thermometer,741,,thermometers
7982,128,thermometer,741,,thermometers
7999,128,thermometer,741,,thermometers
8015,128,thermometer,741,,thermometers
8042,128,thermometer,741,,thermometers
8068,128,thermometer,741,,thermometers
8069,128,thermometer,741,,thermometers
8088,128,thermometer,741,,thermometers
8146,128,thermometer,741,,thermometers
8154,128,thermometer,741,,thermometers
8174,128,thermometer,741,,"thermometers,"
8187,128,thermometer,741,,thermometers
8188,128,thermometer,741,,thermometers
8262,128,thermometer,741,,"thermometers,"
8268,128,thermometer,741,,thermometers
8269,128,thermometer,741,,thermometers
8270,128,thermometer,741,,thermometers
8274,128,thermometer,741,,thermometers
8288,128,thermometer,741,,thermometers
8316,128,thermometer,741,,thermometers
8324,128,thermometer,741,,thermometers
8459,128,thermometer,741,,thermometers
8575,128,thermometer,741,,thermometers
5703,128,thermometer,741,,thermometer
6000,128,thermometer,741,,"thermometers,"
6001,128,thermometer,741,,"thermometers,"
5223,128,thermometer,741,,"thermometers,"
8683,128,thermometer,741,,thermometers
3786,128,thermometer,741,,thermometers
6328,128,"thermometer, self-registering",744,,Negretti & Zambra's self-registering thermometers
7749,128,thermometer,741,,thermometers
3218,128,thermometer,741,,thermometers
5621,128,thermometer,741,,thermometers
10026,128,weight,776,,weights
6144,128,thermometer,741,,thermometers
6466,128,thermometer,741,,thermometers
6526,128,thermometer,741,,thermometers
6912,128,thermometer,741,,thermometers
7019,128,thermometer,741,,thermometers
7030,128,thermometer,741,,thermometers
7408,128,thermometer,741,,thermometers
10035,128,thermometer,741,,thermometers
8315,128,thermometer,741,,thermometers
3688,128,thermometer,741,,thermometers
4245,128,thermometer,741,,thermometers
7448,128,thermometer,741,,thermometers
905,128,thermometer,741,,thermometers
7037,128,thermometer,741,,thermometers
7267,128,thermometer,741,,thermometers
7339,128,thermometer,741,,thermometers
10120,128,thermometer,741,,thermometers
7904,128,thermometer,741,,thermometers
7083,128,thermometer,741,,"thermometers,"
7123,128,thermometer,741,,thermometers
10196,128,thermometer,741,,thermometers
6732,128,thermometer,741,,thermometers
7595,128,thermometer,741,,thermometers
8222,128,thermometer,741,,thermometers
8244,128,thermometer,741,,thermometers
8811,128,thermometer,741,,thermometer
4609,128,thermometer,741,,thermometer
8454,128,thermometer,741,,thermoneters
8834,128,thermometer,741,,thermometers
4815,128,thermometer,741,,thermometers
4081,128,thermometer,741,,thermometer
5452,128,thermometer,741,,thermometers
6743,128,thermometer,741,,thermometer
8838,128,thermometer,741,,thermometers
8856,128,thermometer,741,,thermometer
8860,128,thermometer,741,,"thremometers,"
2880,128,thermometer,741,,thermometer
6999,128,thermometer,741,,"thermometer,"
1718,128,thermometer,741,,thermometers
5265,128,thermometer,741,,thermometers
4117,128,thermometer,741,,thermometers
5484,128,thermometer,741,,thermometers
550,128,thermometer,741,,"thermometrs,"
2219,128,thermometer,741,,thermometers
37,128,thermometer,741,,thermometer
1598,128,thermometer,741,,"thermometer,"
5820,128,thermometer,741,,"thermometers,"
4286,128,thermometer,741,,"thermometers,"
424,128,thermometer,741,,thermometers
4267,128,thermometer,741,,"thermometers,"
3757,128,thermometer,741,,thermometer
6739,128,thermometer,741,,thermometers
9084,128,thermometer,741,,thermometers
4767,128,thermometer,741,,thermometers
9147,128,thermometer,741,,thermometer
8434,128,thermometer,741,,thermometers
3518,128,thermometer,741,,"thermometers,"
2690,128,thermometer,741,,thermometers
7117,128,thermometer,741,,"thermometers,"
5966,128,thermometer,741,,thermometers
5161,128,thermometer,741,,thermometer
5722,128,thermometer,741,,thermometers
4244,128,thermometer,741,,"themometers,"
9263,128,thermometer,741,,thermometers
4110,128,thermometer,741,,thermometer
4154,128,thermometer,741,,"thermometers,"
5906,128,thermometer,741,,thermometer
5338,128,thermometer,741,,thermometers
8144,128,thermometer,741,,thermometers
5284,128,thermometer,741,,thermometers
5102,128,thermometer,741,,thermometers
7275,128,thermometer,741,,thermometers
4219,128,thermometer,741,,thermometers
9365,128,thermometer,741,,thermometers
7490,128,thermometer,741,,thermometers
9366,128,thermometer,741,,thermometers
915,128,thermometer,741,,"thermometers,"
5958,128,thermometer,741,,thermometers
9387,128,thermometer,741,,thermometer
5032,128,thermometer,741,,thermometers
5798,128,thermometer,741,,thermometers
5222,128,thermometer,741,,thermometers
9496,128,thermometer,741,,thermometers
6717,128,thermometer,741,,thermometers
5679,128,thermometer,741,,thermometers
9515,128,thermometer,741,,thermometers
8067,128,thermometer,741,,thermometers
9590,128,thermometer,741,,thermometers
9655,128,thermometer,741,,thermometer
9713,128,thermometer,741,,thermometers
9748,128,thermometer,741,,thermometers
9750,128,thermometer,741,,THERMOMETERS
6789,128,thermometer,741,,thermometers
9759,128,thermometer,741,,thermometers
9760,128,thermometer,741,,thermometers
3230,128,thermometer,741,,thermometers
2856,128,thermometer,741,,thermometers
5574,128,thermometer,741,,thermometers
5086,128,thermometer,741,,thermometers
7119,128,thermometer,741,,thermometers
5219,128,thermometer,741,,thermometers
2821,128,thermometer,741,,thermometers
10239,128,thermometer,741,,thermometers
10240,128,thermometer,741,,thermometers
7517,128,thermometer,741,,thermometers
10269,128,thermometer,741,,themometers
10270,128,thermometer,741,,themometers
7313,128,thermometer,741,,thermometers
10221,128,thermometer,741,,thermometers
8232,128,thermometer,741,,thermometers
4278,128,thermometer,741,,thermometers
5579,128,thermometer,741,,thermometers
7419,128,thermometer,741,,thermometers
10348,128,thermometer,741,,thermometers
6963,128,thermometer,741,,thermometers
10369,128,thermometer,741,,thermometers
4252,128,thermometer,741,,thermometers
10371,128,thermometer,741,,thermometers
6551,128,thermometer,741,,thermometers
6607,128,thermometer,741,,thermometers
2093,128,thermometer,741,,"thermometers,"
10372,128,thermometer,741,,thermometers
10404,128,thermometer,741,,thermometers
10405,128,thermometer,741,,thermometers
10406,128,thermometer,741,,thermometers
10409,128,thermometer,741,,thermometers
10407,128,thermometer,741,,thermometers
10410,128,thermometer,741,,thermometers
10429,128,thermometer,741,,thermometers
6379,128,thermometer,741,,thermometers
10438,128,thermometer,741,,thermometers
10476,128,thermometer,741,,thermometers
7585,128,thermometer,741,,thermometers
5723,128,thermometer,741,,thermometers
188,128,thermometer,741,,thermometers
439,128,thermometer,741,,thermometers
1012,128,thermometer,741,,thermometers
5804,128,thermometer,741,,thermometers
10549,128,thermometer,741,,thermometers
8624,128,thermometer,741,,thermometers
629,129,thermometer,741,,thermometers
551,131,transit instrument,759,,"transit instrument,"
568,131,transit instrument,759,,"transit instrument,"
3196,131,transit instrument,759,,"transit instrument,"
6543,131,transit instrument,759,,transit instruments
8262,131,transit instrument,759,,transit instruments
550,131,transit instrument,759,,"transit instruments,"
4246,131,transit instrument,759,,transir instruments
9091,131,tracheometer,754,,"tracheometers,"
9091,131,transit instrument,759,,"transit instruments,"
9392,131,"transit instrument, portable",760,,portable transit instrument
547,133,surveyor's wheel,698,,"waywiser,"
551,133,surveyor's wheel,698,,waywiser
568,133,surveyor's wheel,698,,"waywiser,"
696,133,surveyor's wheel,698,,waywiser
714,133,surveyor's wheel,698,,"waywiser,"
164,133,surveyor's wheel,698,,"waywiser,"
182,133,surveyor's wheel,698,,"waywiser,"
347,133,surveyor's wheel,698,,"waywiser,"
359,133,surveyor's wheel,698,,waywiser
426,133,surveyor's wheel,698,,"waywiser,"
770,133,surveyor's wheel,698,,"waywiser,"
788,133,surveyor's wheel,698,,waywiser
1364,133,surveyor's wheel,698,,perambulaters
2662,133,surveyor's wheel,698,,waywiser
3344,133,surveyor's wheel,698,,waywiser
4280,133,surveyor's wheel,698,,waywiser
4660,133,surveyor's wheel,698,,waywiser
4661,133,surveyor's wheel,698,,waywiser
4662,133,surveyor's wheel,698,,waywiser
4275,133,pedometer,505,,"pedometers,"
550,133,surveyor's wheel,698,,"measuring wheels,"
424,133,surveyor's wheel,698,,perambulator
339,133,pedometer,505,,pedometer
279,133,surveyor's wheel,698,,"waywiser,"
3518,133,surveyor's wheel,698,,"waywisers,"
746,133,pedometer,505,,pedometer
8423,133,pedometer,505,,pedometer
10439,133,pedometer,505,,pedometers
566,134,weight,776,,weights
706,134,weight,776,,"weights,"
709,134,weight,776,,weights
4247,134,weight,776,,weights
376,134,weight,776,,weights
413,134,weight,776,,weights
454,134,weight,776,,weights
499,134,weight,776,,weights
798,134,weight,776,,"weights,"
1000,134,weight,776,,"weights,"
1557,134,weight,776,,weights
1725,134,weight,776,,weights
1726,134,weight,776,,weights
1727,134,weight,776,,weights
1728,134,weight,776,,"weights,"
1729,134,weight,776,,weights
1730,134,weight,776,,weights
1731,134,weight,776,,"Weights,"
1735,134,weight,776,,weights
1737,134,weight,776,,"weights,"
1740,134,weight,776,,"weights,"
1744,134,weight,776,,"weights,"
1745,134,weight,776,,weights
1751,134,weight,776,,"weights,"
1754,134,weight,776,,weights
1758,134,weight,776,,"weights,"
1760,134,weight,776,,"weights,"
1761,134,weight,776,,"weights,"
1762,134,weight,776,,weights
1766,134,weight,776,,weights
1768,134,weight,776,,weights
1773,134,weight,776,,weights
1778,134,weight,776,,weights
1782,134,weight,776,,weights
1784,134,weight,776,,weights
1786,134,weight,776,,weights
1789,134,weight,776,,weights
1790,134,weight,776,,weights
1792,134,weight,776,,weights
1793,134,weight,776,,weights
1796,134,weight,776,,weights
1797,134,weight,776,,weights
1798,134,weight,776,,"weights,"
1801,134,weight,776,,"weights,"
1803,134,weight,776,,"weights,"
1805,134,weight,776,,"weights,"
1806,134,weight,776,,"Weights,"
1809,134,weight,776,,weights
1823,134,weight,776,,weights
1827,134,weight,776,,weights
1829,134,weight,776,,"weights,"
1838,134,weight,776,,weights
1839,134,weight,776,,"weights,"
1903,134,weight,776,,"weights,"
1905,134,weight,776,,"weights,"
2349,134,weight,776,,"weights,"
2353,134,weight,776,,weights
2363,134,weight,776,,"weights,"
2368,134,weight,776,,weights
2370,134,weight,776,,weights
2371,134,weight,776,,weights
2372,134,weight,776,,weights
2378,134,weight,776,,"weights,"
2381,134,weight,776,,weights
2382,134,weight,776,,"weights,"
2388,134,weight,776,,weights
2389,134,weight,776,,"weights,"
2390,134,weight,776,,"weights,"
2395,134,weight,776,,"weights,"
2396,134,weight,776,,"weights,"
2400,134,weight,776,,"weights,"
2417,134,weight,776,,"weights,"
2423,134,weight,776,,"weights,"
2426,134,weight,776,,"weights,"
2432,134,weight,776,,weights
2435,134,weight,776,,weights
2441,134,weight,776,,weights
2442,134,weight,776,,weights
2455,134,weight,776,,weights
2460,134,weight,776,,"weights,"
2467,134,weight,776,,weights
2469,134,weight,776,,weights
2473,134,weight,776,,"weights,"
2474,134,weight,776,,"weights,"
2475,134,weight,776,,"weights,"
2477,134,weight,776,,"weights,"
2478,134,weight,776,,"weights,"
2481,134,weight,776,,"weights,"
2482,134,weight,776,,"weights,"
2484,134,weight,776,,"weights,"
2494,134,weight,776,,weights
2497,134,weight,776,,"weights,"
2498,134,weight,776,,"weights,"
2500,134,weight,776,,weights
2552,134,weight,776,,weights
2558,134,weight,776,,"weights,"
2562,134,weight,776,,"weights,"
2568,134,weight,776,,"weights,"
2576,134,weight,776,,weights
2577,134,weight,776,,"weights,"
2578,134,weight,776,,"weights,"
2586,134,weight,776,,weights
2588,134,weight,776,,"weights,"
2593,134,weight,776,,weights
2595,134,weight,776,,"weights,"
2596,134,weight,776,,"weights,"
2599,134,weight,776,,"weights,"
2700,134,weight,776,,weights
2708,134,weight,776,,weights
2754,134,weight,776,,"weights,"
2794,134,weight,776,,weights
3000,134,weight,776,,"weights,"
3011,134,weight,776,,"weights,"
3017,134,weight,776,,weights
3020,134,weight,776,,weights
3093,134,weight,776,,weights
3096,134,weight,776,,"weights,"
3110,134,weight,776,,"weights,"
3136,134,weight,776,,weights
3197,134,weight,776,,"weights,"
3421,134,weight,776,,weights
3427,134,weight,776,,"weights,"
3429,134,weight,776,,"weights,"
3442,134,weight,776,,"weights,"
3448,134,weight,776,,"weights,"
3455,134,weight,776,,"weights,"
3471,134,weight,776,,weights
3472,134,weight,776,,"weights,"
3516,134,weight,776,,"weights,"
3859,134,weight,776,,weights
3888,134,weight,776,,"weights,"
3894,134,weight,776,,weights
3899,134,weight,776,,weights
3910,134,weight,776,,weights
3912,134,weight,776,,weights
3913,134,weight,776,,weights
3920,134,weight,776,,weights
3926,134,weight,776,,weights
4088,134,weight,776,,weights
4312,134,weight,776,,"weights,"
4343,134,weight,776,,weights
4378,134,weight,776,,weights
4379,134,weight,776,,weights
6168,134,weight,776,,weights
6453,134,weight,776,,weights
6565,134,weight,776,,weights
7046,134,weight,776,,weights
7091,134,weight,776,,weights
7105,134,weight,776,,weights
7224,134,weight,776,,weights
7295,134,weight,776,,weights
7374,134,weight,776,,weights
7650,134,weight,776,,weights
7677,134,weight,776,,"weights,"
7867,134,weight,776,,weights
7957,134,weight,776,,weights
7959,134,weight,776,,weights
8032,134,weight,776,,weights
8059,134,weight,776,,weights
8066,134,weight,776,,weights
8158,134,weight,776,,weights
8259,134,weight,776,,weights
8327,134,weight,776,,weights
8328,134,weight,776,,weights
8332,134,weight,776,,weights
8372,134,weight,776,,weights
8648,134,weight,776,,weights
8649,134,weight,776,,weights
8650,134,weight,776,,weights
8651,134,weight,776,,weights
8652,134,weight,776,,weights
8653,134,weight,776,,weights
8654,134,weight,776,,weights
8655,134,weight,776,,weights
8656,134,weight,776,,weights
8657,134,weight,776,,weights
8658,134,weight,776,,weights
8659,134,weight,776,,weights
3437,134,weight,776,,weights
8660,134,weight,776,,weights
8661,134,weight,776,,weights
8662,134,weight,776,,weights
5519,134,weight,776,,weights
5520,134,weight,776,,weights
8663,134,weight,776,,weights
8664,134,weight,776,,weights
8665,134,weight,776,,weights
8666,134,weight,776,,weights
3440,134,weight,776,,weights
3962,134,weight,776,,weights
8667,134,weight,776,,weights
1241,134,weight,776,,weights
8668,134,weight,776,,weights
8669,134,weight,776,,weights
7041,134,weight,776,,weights
9964,134,weight,776,,weights
9966,134,weight,776,,weights
9967,134,weight,776,,weights
10060,134,weight,776,,weights
10061,134,weight,776,,weights
10062,134,weight,776,,weights
10097,134,weight,776,,weights
10098,134,weight,776,,weights
10099,134,weight,776,,weights
9956,134,weight,776,,weights
10100,134,weight,776,,weights
10128,134,weight,776,,weights
10131,134,weight,776,,weights
10132,134,weight,776,,weights
8072,134,"weight, standard",778,,"standard weights,"
10158,134,weight,776,,weights
7083,134,weight,776,,weights
10159,134,weight,776,,weights
8751,134,weight,776,,weights
10169,134,weight,776,,weights
10170,134,weight,776,,weights
10171,134,weight,776,,weights
8363,134,weight,776,,weights
10185,134,weight,776,,weights
10186,134,weight,776,,weights
10187,134,weight,776,,weights
10188,134,weight,776,,weights
10189,134,weight,776,,weights
10190,134,weight,776,,weights
10193,134,weight,776,,weights
10194,134,weight,776,,weights
8845,134,weight,776,,weights
324,134,weight,776,,weights
3450,134,weight,776,,weights
9068,134,weight,776,,weights
9069,134,weight,776,,weights
2003,134,weight,776,,"weights,"
8083,134,weight,776,,weights
1824,134,weight,776,,"weights,"
5776,134,weight,776,,"weights,"
9372,134,weight,776,,"weights,"
9427,134,weight,776,,weights
9450,134,weight,776,,weights
9451,134,weight,776,,weights
9453,134,weight,776,,weights
9454,134,weight,776,,weights
9377,134,weight,776,,weights
8072,134,weight,776,,weights
454,134,"weight, standard",778,,standard weights
3666,134,weight,776,,"weights,"
5354,134,weight,776,,weights
9500,134,weight,776,,weights
9507,134,weight,776,,weights
9509,134,weight,776,,weights
8733,134,weight,776,,weights
9517,134,weight,776,,weights
9535,134,weight,776,,weights
8718,134,weight,776,,weights
9536,134,weight,776,,weights
9537,134,weight,776,,weights
9542,134,weight,776,,weights
9543,134,weight,776,,weights
9544,134,weight,776,,weights
9545,134,weight,776,,weights
8723,134,weight,776,,weights
8727,134,weight,776,,weights
7507,134,weight,776,,weights
3458,134,weight,776,,weights
9547,134,weight,776,,weights
9548,134,weight,776,,weights
9563,134,weight,776,,weights
9564,134,weight,776,,weights
9565,134,weight,776,,weights
9579,134,weight,776,,weights
9583,134,weight,776,,weights
9586,134,weight,776,,weights
9616,134,weight,776,,weights
9620,134,weight,776,,weights
7796,134,weight,776,,weights
8646,134,weight,776,,weights
9669,134,weight,776,,weights
9694,134,weight,776,,weights
9719,134,weight,776,,weights
9721,134,weight,776,,weights
9723,134,weight,776,,weights
3456,134,weight,776,,weights
9725,134,weight,776,,weights
7104,134,weight,776,,"weights,"
9727,134,weight,776,,weights
9731,134,weight,776,,weights
9766,134,weight,776,,weights
9767,134,weight,776,,weights
9772,134,weight,776,,weights
9773,134,weight,776,,weights
9901,134,weight,776,,weights
9902,134,weight,776,,weights
9905,134,weight,776,,weights
9944,134,weight,776,,weights
9945,134,weight,776,,weights
9946,134,weight,776,,weights
9948,134,weight,776,,weights
9949,134,weight,776,,weights
5808,134,weight,776,,weights
10231,134,weight,776,,weights
10233,134,weight,776,,weights
10260,134,weight,776,,weights
10261,134,weight,776,,weights
10262,134,weight,776,,weights
6495,134,weight,776,,weights
10267,134,weight,776,,weights
10268,134,weight,776,,weights
10229,134,weight,776,,weights
10289,134,weight,776,,weights
10290,134,weight,776,,weights
10293,134,weight,776,,weights
6173,134,weight,776,,weights
10321,134,weight,776,,weights
10323,134,weight,776,,weights
10324,134,weight,776,,weights
8712,134,weight,776,,weights
10325,134,weight,776,,weights
6675,134,weight,776,,weights
10332,134,weight,776,,weights
10352,134,weight,776,,weights
3422,134,weight,776,,weights
10353,134,weight,776,,weights
10356,134,weight,776,,weights
10357,134,weight,776,,weights
10358,134,weight,776,,weights
10368,134,weight,776,,weights
10397,134,weight,776,,weights
10401,134,weight,776,,weights
10402,134,weight,776,,weights
10435,134,weight,776,,weights
10437,134,weight,776,,weights
10459,134,weight,776,,weights
10460,134,weight,776,,weights
10461,134,weight,776,,weights
10462,134,weight,776,,weights
10463,134,weight,776,,weights
10464,134,weight,776,,weights
10465,134,weight,776,,weights
10467,134,weight,776,,weights
10494,134,weight,776,,weights
10495,134,weight,776,,weights
6563,134,weight,776,,weights
10500,134,weight,776,,weights
10501,134,weight,776,,weights
10503,134,weight,776,,weights
10504,134,weight,776,,weights
10507,134,weight,776,,weights
8720,134,weight,776,,weights
8721,134,weight,776,,weights
8722,134,weight,776,,weights
3451,134,weight,776,,weights
8726,134,weight,776,,weights
8728,134,weight,776,,weights
3453,134,weight,776,,weights
8729,134,weight,776,,weights
5873,134,weight,776,,weights
8734,134,weight,776,,weights
8735,134,weight,776,,weights
7898,134,weight,776,,weights
8745,134,weight,776,,weights
8746,134,weight,776,,weights
8747,134,weight,776,,weights
8748,134,weight,776,,weights
8749,134,weight,776,,weights
5986,134,weight,776,,weights
8752,134,weight,776,,weights
8753,134,weight,776,,"weights, weights,"
4000,134,weight,776,,weights
3474,134,weight,776,,weights
8754,134,weight,776,,weights
3477,134,weight,776,,weights
8755,134,weight,776,,weights
8756,134,weight,776,,weights
8757,134,weight,776,,weights
8095,134,weight,776,,weights
8759,134,weight,776,,weights
4511,134,weight,776,,weights
8760,134,weight,776,,weights
8761,134,weight,776,,weights
8762,134,weight,776,,weights
8763,134,weight,776,,weights
5728,134,weight,776,,weights
10534,134,weight,776,,weights
10535,134,weight,776,,weights
10536,134,weight,776,,weights
10537,134,weight,776,,weights
10538,134,weight,776,,weights
10539,134,weight,776,,weights
10543,134,weight,776,,weights
10544,134,weight,776,,weights
10545,134,weight,776,,weights
568,135,zenith instrument,790,,"zenith instrument,"
568,136,"callipers, gunner's",91,,"gunner's callipers,"
714,136,"callipers, gunner's",91,,"Gunner's callipers,"
29,136,"callipers, gunner's",91,,"gunner's callipers,"
164,136,"callipers, gunner's",91,,gunner's callipers
550,136,"callipers, gunner's",91,,gunners callipers
29,137,"compass, elliptical",161,,elliptical compasses
9382,138,"gauge, tide",282,,"tide gauges,"
8776,138,tide calculator,748,,tide calculators
347,138,"calculator, lunar",792,,lunar & tidal calculator
347,,tide calculator,748,,
8691,139,"camera, photographic",96,,camers (photographic)
8695,139,"camera, photographic",96,,camers (photographic)
3499,139,"camera, photographic",96,,camera (photo)
3688,139,camera,93,,"cameras,"
4021,139,photography equipment,524,,photographic apparatus
4285,139,photography equipment,524,,"photographic apparatus,"
5083,139,photography equipment,524,,photographic apparatus
7166,139,camera,93,,"camera (photo),"
7677,139,photography equipment,524,,"photographic apparatus,"
7748,139,"camera, photographic",96,,"photo cameras,"
7748,139,"lens, camera",363,,photo lenses
7749,139,"camera, photographic",96,,"photo cameras,"
7749,139,"lens, camera",363,,photo lenses
7904,139,photography equipment,524,,"photographic apparatus,"
6000,139,photography equipment,524,,photographic apparatus
6001,139,photography equipment,524,,photogaphic appratus
9963,139,photography equipment,524,,photo apparatus
7321,139,photography equipment,524,,photo apparatus
9965,139,photography equipment,524,,photo apparatus
8340,139,photography equipment,524,,photo apparatus
10057,139,photography equipment,524,,photo apparatus
10058,139,photography equipment,524,,photo apparatus
10059,139,photography equipment,524,,photo apparatus
9899,139,photography equipment,524,,"photo apparatus,"
4245,139,"lens, camera",363,,"photographic lenses,"
10093,139,photography equipment,524,,photo apparatus
10094,139,photography equipment,524,,photo apparatus
10095,139,photography equipment,524,,photo apparatus
10096,139,photography equipment,524,,photo apparatus
905,139,photography equipment,524,,"photo apparatus,"
10129,139,photography equipment,524,,photo apparatus
8874,139,photography equipment,524,,"photographic apparatus,"
2816,139,camera,93,,"cameras,"
2816,139,photography equipment,524,,"photographic apparatus,"
2841,139,photography equipment,524,,"photographic app,"
4246,139,photography equipment,524,,photographic apparatus
4290,139,photographic instrument,522,,photographic instruments
4257,139,photography equipment,524,,photo. Apparatus
7751,139,"lens, camera",363,,"photo. lenses,"
5241,139,photography equipment,524,,photo apparatus
8221,139,photography equipment,524,,photo apparayus
4154,139,camera,93,,"camers,"
4155,139,photographic instrument,522,,photographic inst
9280,139,photographic instrument,522,,photographic inst
3610,139,photography equipment,524,,photo apparatus
7405,139,photography equipment,524,,photo apparatus
7410,139,photography equipment,524,,"photo apparatus,"
4275,139,photography equipment,524,,"photographic apparatus,"
4304,139,photography equipment,524,,photographic apparatus
915,139,photography equipment,524,,photographic apparatus
4254,139,photography equipment,524,,photographtic apparatus
4244,139,photography equipment,524,,photographic apparatus
6543,139,camera,93,,cameras (photo)
9455,139,photography equipment,524,,photographic apparatus
4261,139,photography equipment,524,,"photographic apparatus,"
9456,139,photography equipment,524,,photographic apparatus
5872,139,"photography equipment, calotype",525,,photographic apparatus (calotype & collodio type)
5872,,"photography equipment, collodio type",526,,
5905,139,photography equipment,524,,photographic apparatus
3501,139,photography equipment,524,,photographic apparatus
5100,139,photography equipment,524,,photographic apparatus
9465,139,photography equipment,524,,photographic apparatus
9466,139,photography equipment,524,,photographic apparatus
9467,139,photography equipment,524,,photographic apparatus
9468,139,photography equipment,524,,photographic apparatus
9469,139,photography equipment,524,,photographic apparatus
9481,139,photography equipment,524,,photographic apparatus
6228,139,photography equipment,524,,photographic apparatus
9484,139,photography equipment,524,,photographic apparatus
9489,139,photography equipment,524,,photographic apparatus
4284,139,photography equipment,524,,photographic apparatus
6788,139,camera,93,,cameras
9524,139,photography equipment,524,,photo apparatus
9525,139,photography equipment,524,,photographic Apparatus
9527,139,photography equipment,524,,photographic apparatus
7187,139,photography equipment,524,,photographic apparatus
9528,139,photography equipment,524,,"photographic apparatus,"
7935,139,photography equipment,524,,photographic apparatus
6508,139,photography equipment,524,,"photograph apparatus,"
9568,139,photography equipment,524,,photo apparatus
9584,139,photography equipment,524,,photograph apparatus
6698,139,photography equipment,524,,photographic apparatus
9587,139,photography equipment,524,,photograph apparatus
9592,139,photography equipment,524,,photograph apparatus
9595,139,photography equipment,524,,photograph apparatus
9596,139,photography equipment,524,,photograph apparatus
6461,139,photography equipment,524,,"photo apparatus,"
6461,139,"lens, camera",363,,photo lenses
9612,139,photography equipment,524,,photographic apparatus
9613,139,photography equipment,524,,photographic apparatus
9614,139,photography equipment,524,,photographic apparatus
9615,139,photography equipment,524,,photographic apparatus
9617,139,photography equipment,524,,photographic apparatus
6227,139,photography equipment,524,,photographic apparatus
9452,139,photography equipment,524,,photographic apparatus
9604,139,photography equipment,524,,photographic apparatus
9623,139,"camera, photographic",96,,photographic cameras
9648,139,photography equipment,524,,photo apparatus
9654,139,photography equipment,524,,photo apparatus
6238,139,photography equipment,524,,photographic apparatus
7986,139,photography equipment,524,,photographic apparatus
9671,139,photography equipment,524,,photo apparatus
4284,139,daguerreotype apparatus,194,,"daguerreotype apparatus,"
9685,139,photography equipment,524,,photo apparatus
9688,139,photography equipment,524,,photo apparatus
9693,139,photography equipment,524,,photo apparatus
9695,139,photography equipment,524,,photo apparatus
9696,139,photography equipment,524,,photo apparatus
9696,139,"camera, binocular",94,,binocular camera
9697,139,photography equipment,524,,photo apparatus
9698,139,photography equipment,524,,photo appararus
8279,139,daguerreotype apparatus,194,,daguerreotype apparatus
8279,139,photography equipment,524,,photographic apparatus
6341,139,photography equipment,524,,photographic apparatus
9749,139,photography equipment,524,,photographic apparatus
6196,139,photography equipment,524,,photographic apparatus
9764,139,photography equipment,524,,photographic apparatus
9765,139,photography equipment,524,,photographic apparatus
4811,139,photography equipment,524,,"photographic apparatus,"
7166,139,photography equipment,524,,photographic apparatus
9608,139,photographic instrument,522,,photographic instruments
4309,139,"camera, photographic",96,,photo cameras
2812,139,photography equipment,524,,photographic apparatus
2268,139,"camera, stereographic",98,,stereographic cameras
9881,139,photography equipment,524,,photo apparatus
9903,139,photography equipment,524,,photo apparatus
9904,139,photography equipment,524,,photo apparatus
9912,139,photography equipment,524,,photo apparatus
7753,139,photography equipment,524,,photo apparatus
7753,139,"camera, portable",97,,portable cameras
9939,139,photography equipment,524,,photo apparatus
6927,139,photography equipment,524,,"photo apparatus,"
9940,139,photography equipment,524,,photo apparatus
6962,139,photography equipment,524,,"photo apparatus,"
9941,139,photography equipment,524,,photo apparatus
9942,139,photography equipment,524,,photo apparatus
9943,139,photography equipment,524,,photo apparatus
10224,139,photography equipment,524,,photo apparatus
10288,139,photography equipment,524,,photo apparatus
10291,139,photography equipment,524,,photo apparatus
6304,139,photography equipment,524,,"photo apparatus,"
10322,139,photography equipment,524,,photographic apparatus
7896,139,photography equipment,524,,photo apparatus
7002,139,photography equipment,524,,"photographic apparatus,"
6378,139,photography equipment,524,,photo apparatus
8017,139,photography equipment,524,,photo apparatus
6963,139,photography equipment,524,,photo apparatus
10394,139,photography equipment,524,,photo apparatus
10395,139,photography equipment,524,,photo apparatus
7946,139,photography equipment,524,,photo apparatus
6042,139,photography equipment,524,,"photo apparatus,"
10496,139,photography equipment,524,,photo apparatus
7469,139,photography equipment,524,,photo apparatus
10497,139,photography equipment,524,,photo apparatus
10529,139,photography equipment,524,,photo apparatus
10410,139,photography equipment,524,,"photo apparatus,"
4287,139,photography equipment,524,,"photo apparatus,"
8025,139,photography equipment,524,,"photo apparatus,"
8133,139,photography equipment,524,,photo apparatus
7152,139,photography equipment,524,,"photo apparatus,"
155,140,geometric solid,292,,geometric solids
2188,140,geometric solid,292,,geometric solids
2642,140,geometric solid,292,,geometric solids
2824,140,geometric solid,292,,geometric solids
9081,140,geometric solid,292,,"geometrical solids,"
9338,140,"model, mathematical",468,,mathamatical models
566,140,"model, mathematical",468,,mathematical models
140,141,sounding lead,633,,"sounding leads,"
403,141,sounding machine,635,,sounding machines
839,141,sounding lead,633,,sounding leads
1215,141,sounding lead,633,,sounding leads
3681,141,sounding lead,633,,sounding leads
8110,141,sounding machine,635,,sounding machine
568,142,"model, philosophical",471,,"model - philosophical,"
54,142,"model, philosophical",471,,"model (philosophical),"
2326,142,"model, philosophical",471,,model (philosophical)
2816,142,"model, philosophical",471,,model - philosophical
3097,142,"model, philosophical",471,,model (philosophical)
3726,142,model,461,,models
4262,142,pyrometer,570,,pyometers
4247,143,electrical apparatus,219,,electrical apparatus
8691,143,Wheatstone bridge,779,,Wheatstone bridge
3406,143,electrical apparatus,219,,electrical apparatus
3821,143,medical galvanic instrument,422,,medical galvanic inst
7383,143,electrical instrument,220,,electrical instruments
7904,143,electrical apparatus,219,,"electrical apparatus,"
8052,143,electrical apparatus,219,,"electrical apparatus,"
6072,143,galvanic instrument,265,,"galvanic instruments,"
10085,143,electrotherapy device,238,,medical electrical apparatus
6508,143,electrical instrument,220,,"electrical instruments,"
6690,143,electrical instrument,220,,"electrical instruments,"
10211,143,electrical instrument,220,,electrical instruments
6775,143,electrical instrument,220,,"electrical instruments,"
8340,143,electrical instrument,220,,"electrical instruments,"
8874,143,electrical apparatus,219,,"electrical apparatus,"
4259,143,electrical instrument,220,,electrical instruments
440,143,electrical apparatus,219,,full range electrical apparatus
4252,143,electrical apparatus,219,,"electrical apparatus,"
7395,143,electrical instrument,220,,electrical inst
7521,143,electrical apparatus,219,,electrical apparatus
4600,143,electrical apparatus,219,,"electrical apparatus,"
9315,143,electrical apparatus,219,,"electrical apparatus,"
7117,143,electrical apparatus,219,,"electrical apparatus,"
5161,143,electrical apparatus,219,,electrical apparatus
4275,143,electrical apparatus,219,,"electrical apparatus,"
4254,143,electrical instrument,220,,electrical inst.
3777,143,electrical instrument,220,,electrical instruments
3666,143,electrical apparatus,219,,electrical apparatus
9576,143,electrical apparatus,219,,electrical apparatus
9577,143,electrical apparatus,219,,electrical apparatus
7632,143,electrical apparatus,219,,electrical apparatus
4280,143,electrical apparatus,219,,electrical apparatus
6461,143,electrical instrument,220,,electrical instruments
7017,143,electrical instrument,220,,"electrical instruments,"
9689,143,electrical apparatus,219,,electrical apparatus
9707,143,electrical apparatus,219,,electrical apparatus
4811,143,electrical instrument,220,,electrical instruments
7166,143,electrical instrument,220,,"electrical instruments,"
10239,143,electrical instrument,220,,"electrical instruments,"
4285,143,electrical instrument,220,,"electrical instruments,"
6304,143,electrical instrument,220,,"electrical inst,"
6556,143,electrical apparatus,219,,electrical apparatus
10276,143,electrical apparatus,219,,electrical apparatus
10251,143,electrical apparatus,219,,electrical apparatus
7152,143,electrical apparatus,219,,"electrical apparatus,"
7313,143,electrical apparatus,219,,"electrical apparatus,"
10278,143,electrical apparatus,219,,electrical apparatus
4272,143,electrical apparatus,219,,"electrical apparatus,"
6305,143,electrical instrument,220,,"electrical insts,"
7002,143,electrical instrument,220,,"electrical instruments,"
10300,143,electrical instrument,220,,"electrical instruments,"
10302,143,electrical instrument,220,,electrical instruments
7796,143,electrical instrument,220,,"electrical instruments,"
8232,143,electrical instrument,220,,"electrical instruments,"
5579,143,electrical instrument,220,,"electrical instruments,"
8053,143,electrical apparatus,219,,"electrical apparatus,"
10277,143,electrical apparatus,219,,"electrical apparatus,"
10350,143,electrical instrument,220,,"electrical instruments,"
7098,143,electrical instrument,220,,electrical instruments
10083,143,electrical instrument,220,,electrical instruments
10381,143,electrical instrument,220,,electrical instruments
7754,143,electrical instrument,220,,electrical instruments
6979,143,electrical instrument,220,,"electrical instruments,"
6511,143,electrical instrument,220,,electrical instruments
6669,143,electrical instrument,220,,"electrical instruments,"
7519,143,electrical instrument,220,,"electrical instruments,"
10441,143,electrical instrument,220,,electrical instruments
10446,143,electrical instrument,220,,"electrical instruments,"
10449,143,electrical apparatus,219,,electrical apparatus
6691,143,electrical instrument,220,,"electrical instruments,"
10480,143,electrical apparatus,219,,"electrical apparatus,"
7419,143,electrical apparatus,219,,"electrical apparatus,"
7469,143,electrical instrument,220,,"electrical instruments,"
7040,143,electrical apparatus,219,,"electrical apparatus,"
6247,143,electrical instrument,220,,electrical instruments
10518,143,electrical instrument,220,,electrical instruments
10520,143,electrical instrument,220,,electrical instruments
8054,143,electrical instrument,220,,electrical instruments
7600,143,electrical instrument,220,,"electrical instruments,"
10573,143,electrical instrument,220,,electrical instruments
6836,143,"balance, induction",40,,"induction balance,"
21,144,optical machine,800,,"optical machine,"
29,144,optical machine,800,,"optical machine,"
175,144,dipstick,205,,dip stick
176,144,dipstick,205,,dip stick
189,144,dipstick,205,,dip stick
414,144,optical machine,800,,optical machine
426,144,optical machine,800,,optical machine
446,144,dipstick,205,,dip stick
1010,144,dipstick,205,,dip stick
1049,144,dipstick,205,,dip sticks
1901,144,optical machine,800,,"optical machine,"
2076,144,optical machine,800,,optical machine
4254,144,dipstick,205,,dip stick
8174,144,gauging instrument,288,,gauging instruments
7017,144,gauging instrument,288,,gauging instruments
7448,144,gauging instrument,288,,"gauging inst,"
8052,144,gauging instrument,288,,gauging inst
6931,144,gauging instrument,288,,"gauging instruments,"
8042,144,gauging instrument,288,,"gauging instruments,"
7123,144,gauging instrument,288,,"gauging instruments,"
424,144,gauging rod,289,,gauging rods
2774,144,gauging rod,289,,gauging rods
7104,144,gauging instrument,288,,gauging instruments
3058,144,gauging rod,289,,"gauging rods,"
4275,144,gauging instrument,288,,"gauging inst,"
6684,144,gauging instrument,288,,"gauging instruments,"
8053,144,gauging instrument,288,,gauging instruments
8232,144,gauging instrument,288,,"gauging instruements,"
29,145,air gun,7,,"air gun,"
331,145,wind gun,785,,wind guns
347,145,air gun,7,,air gun
568,146,electrometer,233,,"electrometer,"
714,146,electrometer,233,,"electrometer,"
29,146,electrometer,233,,"electrometer,"
9116,146,electrometer,233,,electometers
568,147,protractor,560,,"protractor,"
714,147,protractor,560,,"protractor,"
29,147,protractor,560,,"protractor,"
279,147,protractor,560,,protractor
1179,147,protractor,560,,protractor
1901,147,protractor,560,,"protractor,"
2266,147,protractor,560,,protractor
4285,147,protractor,560,,protractors
7166,147,protractor,560,,"protractors,"
77,147,protractor,560,,protractor
424,147,protractor,560,,protractors
2841,147,protractor,560,,"protractors,"
3269,147,protractor,560,,protractor
2076,147,protractor,560,,"protractors,"
3518,147,"protractor, circular",561,,"circuler protractors,"
568,148,pyrometer,570,,"pyrometer,"
714,148,pyrometer,570,,"pyrometer,"
1364,148,pyrometer,570,,"pyrometer,"
6112,148,pyrometer,570,,pyrometers
550,148,pyrometer,570,,"pyrometers,"
7521,148,pyrometer,570,,pyrometers
770,149,anamorphoscope,16,,anamorphoscope
4267,150,azimuth circle,30,,azimuth instruments
442,151,lightning demonstrator,382,,lightning demonstrator
3196,151,lightning demonstrator,382,,lightning demonstrator
550,151,thunder house,747,,"thunder houses,"
568,152,battery,67,,"battery,"
29,152,battery,67,,battery
2986,152,battery,67,,"battery,"
6511,152,battery,67,,"battery,"
4154,152,battery,67,,"batteries,"
4261,152,battery,67,,"batteries,"
7955,152,battery jar,69,,"battery jars,"
10083,152,battery,67,,"batteries,"
10367,152,battery jar,69,,"battery jars and cells,"
10367,,battery cell,68,,
10428,152,battery,67,,"batteries,"
9315,152,battery,67,,"batteries,"
2864,154,electromagnetic generator,230,,electromagnetic generator
5336,154,electromagnetic generator,230,,electromagnetic generator
9709,154,magneto-electric machine,395,,magnets-electric machine
9712,154,magneto-electric machine,395,,magneto-electric machine
103,155,gunnery scale,312,,gunner's scales
182,155,gunnery scale,312,,gunner's scales
921,155,Gunter's scale,316,,gunter's scales
1901,155,gunnery scale,312,,gunner's scales
3687,155,gunnery scale,312,,gunner's scales
7166,156,"gauge, rain",278,,"rain gauges,"
7166,156,"gauge, rain (recording)",279,,"recording pluviometer,"
5223,156,"gauge, rain",278,,rain gauges
4243,156,"gauge, rain",278,,"rain gauge,"
8863,156,"gauge, rain",278,,"rain gauge,"
4267,156,"gauge, rain",278,,rain gauges salinometers
4267,,salinometer,605,,
4600,156,"gauge, rain",278,,rain gauges
4268,156,"gauge, rain",278,,"rain gauges,"
4275,156,"gauge, rain",278,,"rain gauges,"
3168,157,optometer,494,,optometer
1364,158,whirling table,781,,"whirling table,"
6511,161,electrochemical cell,228,,"electrical cells,"
7521,161,electrochemical cell,228,,electric cells
701,162,multiplying glass,476,,multiplying glass
738,162,multiplying glass,476,,multiplying glass
200,162,multiplying glass,476,,multiplying glass
235,162,multiplying glass,476,,multiplying glass
272,162,multiplying glass,476,,multiplying glass
273,162,multiplying glass,476,,multiplying glass
275,162,multiplying glass,476,,multiplying glass
332,162,multiplying glass,476,,multiplying glass
415,162,multiplying glass,476,,multiplying glass
1946,162,multiplying glass,476,,multiplying glass
547,163,mechanical apparatus,418,,mechanical apparatus
568,163,mechanical apparatus,418,,"mechanical apparatus,"
54,163,mechanical apparatus,418,,mechanical apparatus
1364,163,mechanical apparatus,418,,mechanical apparatus
4464,163,mechanical apparatus,418,,mechanical apparatus
9081,163,mechanical apparatus,418,,mechanical apparatus
4154,163,mechanical apparatus,418,,mechanical apparatus
568,168,eudiometer,251,,"eudiometer,"
240,168,eudiometer,251,,eudiometer
550,168,dendrometer,197,,"endrometer,"
4261,168,eudiometer,251,,"eudiometers,"
140,170,almucantar staff,12,,almacanter staff
706,175,steelyard,658,,steelyard
798,175,steelyard,658,,steelyard
806,175,steelyard,658,,steelyard
1000,175,steelyard,658,,steelyard
1728,175,steelyard,658,,steelyard
1736,175,steelyard,658,,steelyard
1737,175,steelyard,658,,steelyard
1740,175,steelyard,658,,steelyard
1741,175,steelyard,658,,steelyard
1744,175,steelyard,658,,steelyard
1751,175,steelyard,658,,steelyard
1758,175,steelyard,658,,steelyard
1760,175,steelyard,658,,steelyard
1761,175,steelyard,658,,steelyard
1798,175,steelyard,658,,steelyard
1801,175,steelyard,658,,steelyard
1803,175,steelyard,658,,steelyard
1805,175,steelyard,658,,steelyard
1822,175,steelyard,658,,steelyard
1829,175,steelyard,658,,steelyard
1831,175,steelyard,658,,"steelyard,"
1832,175,steelyard,658,,steelyard
1839,175,steelyard,658,,steelyard
1903,175,steelyard,658,,steelyard
1905,175,steelyard,658,,steelyard
2349,175,steelyard,658,,steelyard
2363,175,steelyard,658,,steelyard
2378,175,steelyard,658,,steelyard
2382,175,steelyard,658,,steelyard
2389,175,steelyard,658,,steelyard
2390,175,steelyard,658,,steelyard
2395,175,steelyard,658,,steelyard
2396,175,steelyard,658,,steelyard
2400,175,steelyard,658,,steelyard
2406,175,steelyard,658,,steelyard
2417,175,steelyard,658,,steelyard
2423,175,steelyard,658,,steelyard
2424,175,steelyard,658,,steelyard
2426,175,steelyard,658,,steelyard
2443,175,steelyard,658,,steelyard
2460,175,steelyard,658,,steelyard
2471,175,steelyard,658,,steelyard
2473,175,steelyard,658,,steelyard
2474,175,steelyard,658,,steelyard
2475,175,steelyard,658,,steelyard
2477,175,steelyard,658,,steelyard
2478,175,steelyard,658,,steelyard
2481,175,steelyard,658,,steelyard/bismar
2481,,steelyard (bismar),660,,
2482,175,steelyard,658,,steelyard
2484,175,steelyard,658,,steelyard
2486,175,steelyard,658,,steelyard
2497,175,steelyard,658,,steelyard
2498,175,steelyard,658,,steelyard
2556,175,steelyard,658,,steelyard
2557,175,steelyard,658,,steelyard
2558,175,steelyard,658,,steelyard
2562,175,steelyard,658,,steelyard
2568,175,steelyard,658,,steelyard
2570,175,steelyard,658,,steelyard
2577,175,steelyard,658,,steelyard
2578,175,steelyard,658,,steelyard
2587,175,steelyard,658,,steelyard
2588,175,steelyard,658,,steelyard
2592,175,steelyard,658,,steelyard
2594,175,steelyard,658,,steelyard
2595,175,steelyard,658,,steelyard
2596,175,steelyard,658,,steelyard
2599,175,steelyard,658,,steelyard
2600,175,steelyard,658,,steelyard
2754,175,steelyard,658,,steelyard
2755,175,steelyard,658,,steelyard
3000,175,steelyard,658,,steelyard/bismar
3000,,steelyard (bismar),660,,
3011,175,steelyard,658,,steelyard
3018,175,steelyard,658,,steelyard
3019,175,steelyard,658,,steelyard
3096,175,steelyard,658,,steelyard
3110,175,steelyard,658,,steelyard
3197,175,steelyard,658,,steelyard
3427,175,steelyard,658,,steelyard
3429,175,steelyard,658,,steelyard
3442,175,steelyard,658,,steelyard
3448,175,steelyard,658,,steelyard
3455,175,steelyard,658,,steelyard
3472,175,steelyard,658,,steelyards
3516,175,steelyard,658,,steelyard
3862,175,steelyard,658,,steelyard
3863,175,steelyard,658,,steelyard
3864,175,steelyard,658,,steelyard
3865,175,steelyard,658,,steelyard
3866,175,steelyard,658,,steelyard
3869,175,steelyard,658,,steelyard
3882,175,steelyard,658,,steelyard
3887,175,steelyard,658,,steelyard
3888,175,steelyard,658,,steelyard
3890,175,steelyard,658,,steelyard
3891,175,steelyard,658,,steelyard
3892,175,steelyard,658,,steelyard
3893,175,steelyard,658,,steelyard
3902,175,steelyard,658,,steelyard
3907,175,steelyard,658,,"steelyard,"
3911,175,steelyard,658,,steelyard
3914,175,steelyard,658,,steelyard
3918,175,steelyard,658,,steelyard
3919,175,steelyard,658,,steelyard
3921,175,steelyard,658,,steelyard
3924,175,steelyard,658,,steelyard
3925,175,steelyard,658,,steelyard
3929,175,steelyard,658,,steelyard
3932,175,steelyard,658,,steelyard
3933,175,steelyard,658,,steelyard
3984,175,steelyard,658,,steelyard
6445,175,telescope,715,,telescope
7264,175,steelyard,658,,steelyards
8407,175,steelyard,658,,steelyard
8408,175,steelyard,658,,steelyard
8409,175,steelyard,658,,steelyard
8410,175,steelyard,658,,steelyard
8411,175,steelyard,658,,steelyard
8412,175,steelyard,658,,steelyard
8415,175,steelyard,658,,steelyard
8416,175,steelyard,658,,steelyard
8425,175,steelyard,658,,steelyard
5728,175,steelyard,658,,"steelyards,"
1725,175,steelyard,658,,steelyards
8616,175,steelyard,658,,steel yards
8630,175,"steelyard, pocket",659,,pocket steelyards
8643,175,steelyard,658,,steelyard
324,175,steelyard,658,,steelyards
2442,175,steelyard,658,,steelyard
2003,175,steelyard,658,,steelyards
1824,175,steelyard,658,,steelyards
5776,175,steelyard,658,,steelyards
9372,175,steelyard,658,,steelyards
8753,175,scale beam,803,,scale beam
8793,175,steelyard,658,,steelyard
8794,175,steelyard,658,,steelyard
568,176,Atwood machine,27,,atwood's machine
9081,176,"Atwood machine, ribbon",28,,Ribbon Atwood machine
7166,178,course corrector,185,,"course corrector,"
8251,178,QED course corrector,571,,QED course corrector
4596,179,meteorological instrument,424,,meteorological insts
4245,179,meteorological instrument,424,,"meteorological instruments,"
10121,179,meteorological instrument,424,,meteorological instruments
7019,179,meteorological instrument,424,,"meteorological instruments,"
7410,179,meteorological instrument,424,,"meteorological instruments,"
4275,179,meteorological instrument,424,,"meteorological instruments,"
5679,179,meteorological instrument,424,,"meteorological instruments,"
7020,179,meteorological instrument,424,,"meteorological instruments,"
6717,179,meteorological instrument,424,,"meteorological instruments,"
7030,179,meteorological instrument,424,,"meteorological instruments,"
8874,179,meteorological instrument,424,,meteorological instruments
4278,179,meteorological instrument,424,,meteorological inst
4252,179,meteorological instrument,424,,"meteorological instruments,"
4287,179,meteorological instrument,424,,"meteorological instruments,"
8703,179,meteorological instrument,424,,meteorological instruments
4268,179,meteorological instrument,424,,"meteorologoical instruments,"
4244,179,meteorological instrument,424,,meteorological instruments
476,179,meteorological instrument,424,,"mereorological inst,"
4283,179,meteorological instrument,424,,"meteorological instruments,"
4254,179,meteorological instrument,424,,meteorolgical instruments
4767,179,meteorological instrument,424,,"meteoroligal instruments,"
8288,179,meteorological instrument,424,,meteorological instruments
6568,179,meteorological instrument,424,,"meteorological instruments,"
3218,179,meteorological instrument,424,,"meteorological instruments,"
4285,179,meteorological instrument,424,,"meteorological instruments,"
7517,179,meteorological instrument,424,,"meteorological instruments,"
10287,179,meteorological instrument,424,,meteorological instruments
7896,179,meteorological instrument,424,,"meteorological instruments,"
8017,179,meteorological instrument,424,,"meteorological instuments,"
8038,179,meteorological instrument,424,,"meteorological instruments,"
10355,179,meteorological instrument,424,,meteorological instruments
4154,179,meteorological instrument,424,,"meteorological instruments,"
5723,179,meteorological instrument,424,,"meteorological instruments,"
446,179,meteorological instrument,424,,"meteorological instruments,"
8037,179,meteorological instrument,424,,meteorological instruments
6746,179,meteorological instrument,424,,meteorological instruments
7518,179,meteorological instrument,424,,meteorological insts
4268,180,rangefinder,585,,range finder
4287,180,rangefinder,585,,"range finder,"
674,200,mathematical instrument,407,,"mathematical instruments,"
693,200,mathematical instrument,407,,maths inst
749,200,mathematical instrument,407,,math inst-full range
271,200,mathematical instrument,407,,maths instruments
17,200,mathematical instrument,407,,mathematical instruments
40,200,mathematical instrument,407,,mathematical instruments
285,200,mathematical instrument,407,,maths inst
7677,200,mathematical instrument,407,,"mathamatical instruments,"
4599,200,mathematical instrument,407,,"math instruments,"
4245,200,mathematical instrument,407,,"mathematical instruments,"
4290,200,mathematical instrument,407,,mathamatical instruments
4287,200,mathematical instrument,407,,"mathematical instruments,"
206,200,mathematical instrument,407,,mathematicl instruments
3717,200,mathematical instrument,407,,"mathematical inst,"
4600,200,mathematical instrument,407,,mathematical inst
7117,200,mathematical instrument,407,,"math. inst,"
9263,200,mathematical instrument,407,,mathematical instruments
674,201,optical instrument,492,,optical instruments
3717,201,optical instrument,492,,"optical inst,"
9171,201,optical instrument,492,,optical instruments
9300,201,ophthalmic instrument,486,,opthalmic instruments
4767,201,optical instrument,492,,"opitcal instruments,"
8695,202,cine projector,130,,projector (cinema)
8691,203,physiological instrument,530,,physiological instruments
7676,203,physical apparatus,529,,physical apparatus
4599,203,philosophical apparatus,517,,philo instruments
4287,203,philosophical apparatus,517,,"philosophical instrumants,"
2311,203,philosophical apparatus,517,,philosophical instruments
7117,203,philosophical apparatus,517,,"philosophical instruments,"
4767,203,philosophical apparatus,517,,philosophical instruments
1935,204,navigational equipment,478,,nautical Inst
4094,204,navigational equipment,478,,nautical instruments
4287,204,navigational equipment,478,,"nautical instruments,"
3717,204,navigational equipment,478,,"nautical inst,"
6362,204,navigational equipment,478,,nautical instruments
2335,204,navigational equipment,478,,nautical instruments
909,204,navigational equipment,478,,nautical instruments
3492,204,navigational equipment,478,,nautical inst
476,204,navigational equipment,478,,"nautical inst,"
4414,204,navigational equipment,478,,nautical instruments
6164,204,navigational equipment,478,,nautical instruments
808,206,surveying equipment,693,,surveying equipment
7677,206,surveying instrument,694,,"surveying Instruments,"
4767,206,surveying instrument,694,,surveying instruments
9962,209,ship's telegraph,623,,ship's telegraphs
9125,209,ship's telegraph,623,,ship's telegraphs
8888,211,dynamometer,214,,"dynamometer,"
7677,213,altimeter,13,,"altimeters,"
4259,214,acoustics instrument,3,,acoustic instruments
7166,215,salinometer,605,,salinometers
6912,215,salinometer,605,,"marine salinometers,"
8072,215,salinometer,605,,"salinometers,"
4275,215,salinometer,605,,"salinometers,"
4253,215,salinometer,605,,"salinometer,"
6962,215,salinometer,605,,"salinometers,"
7214,215,salinometer,605,,"salinometers,"
10354,215,salinometer,605,,salinometers
6963,215,salinometer,605,,"salinometers,"
7517,215,salinometer,605,,"salinometers,"
7841,215,salinometer,605,,"salinometers,"
10466,215,salinometer,605,,salinometers
10280,215,salinometer,605,,"salinometers,"
7677,217,radiographic apparatus,584,,"radiographic apparatus,"
7677,218,sunshine recorder,692,,sunshine recorder
4268,218,sunshine recorder,692,,"sunshine records,"
8691,219,telegraphic instrument,712,,telegraph instruments
7796,219,telegraphic apparatus,711,,"telegraph apparatus,"
9091,221,spectrometer,642,,"spectrometers,"
6929,221,spectrometer,642,,"spectrometers,"
8246,221,spectrometer,642,,"spectrometer,"
7749,230,surveying instrument,694,,"surveying instruments,"
6835,230,surveying instrument,694,,surveying instruments
8879,230,surveying instrument,694,,"surveying instruments,"
2841,230,surveying instrument,694,,"surveying instruments,"
6127,230,surveying instrument,694,,"surveying instruments,"
4246,230,surveying instrument,694,,surveying instruments
4290,230,surveying instrument,694,,surveying instruments
4287,230,surveying instrument,694,,"syrveying instruments,"
9194,230,surveying instrument,694,,surveying instruments
4268,230,surveying instrument,694,,surveying instruments
7117,230,surveying instrument,694,,surveying instruments
4244,230,surveying instrument,694,,surveying instruments
3492,230,surveying instrument,694,,surveying inst
4155,230,surveying instrument,694,,surveying inst
476,230,surveying instrument,694,,surveying inst
2306,230,surveying instrument,694,,surveying instruments
2834,230,surveying instrument,694,,surveying inst
2093,230,surveying instrument,694,,"surveying instruments,"
768,230,surveying instrument,694,,surveying inst
4254,230,surveying instrument,694,,surveying instruments
446,230,surveying instrument,694,,"surveying inst,"
6854,230,surveying instrument,694,,surveying inst
2821,230,surveying instrument,694,,"surveying inst,"
7882,230,surveying instrument,694,,surveying instruments
6963,230,surveying instrument,694,,"surveying instruments,"
1429,230,surveying instrument,694,,surveying instruments
8798,230,surveying instrument,694,,surveying instruments
8246,230,surveying instrument,694,,surveying instruments
347,231,variation instrument,763,,"variation inst,"
8777,231,variation instrument,763,,"variation inst,"
8778,231,variation instrument,763,,"variation inst,"
347,232,panorganon,498,,panorganon
8777,232,panorganon,498,,"panorganon,"
8778,232,panorganon,498,,"panorganon,"
8777,233,analemma,15,,"analemma,"
8778,233,analemma,15,,"analemma,"
8777,234,"calculator, lunar",792,,lunar & tidal calculator
8777,,tide calculator,748,,
8778,234,"calculator, lunar",792,,lunar & tidal calculator
8778,,tide calculator,748,,
54,237,fountain,260,,"fountain,"
54,238,wind gun,785,,wind guns
6569,239,surveying instrument,694,,"sueveying instruments,"
2816,239,surveying instrument,694,,"surveying instruments,"
4245,239,microtome,449,,"microtome,"
8859,240,gyrocompass,318,,gyro compass
9304,240,gyrocompass,318,,gyro compass
9997,241,sounding machine,635,,sounding machines
8860,241,sounding machine,635,,sounding machines
6999,241,sounding machine,635,,sounding machines
5268,241,sounding machine,635,,sounding machine
8251,241,sounding machine,635,,sounding machine
2774,241,sounding machine,635,,sounding machines
9320,241,sounding machine,635,,sounding machines
8863,242,thermograph,739,,thermograph
8863,243,thermo-hygrograph,740,,thermo-hydrograph
8863,244,hygrograph,342,,hygrograph
2880,246,Dr Fox's shadow meter,213,,Dr Fox's shadow meter
2880,247,"lamp, Davy",358,,Davy safety lamp
6569,247,"lamp, miner's",359,,"miners' lamps,"
6569,248,weather vane,773,,weather vane
8879,249,"gauge, water",284,,water gauges
29,250,hydraulic machinery,332,,hydraulic machinery
8888,252,potentiometer,547,,"potentiometer,"
8889,252,potentiometer,547,,"potentiometers,"
7521,252,potentiometer,547,,potentiometers
8888,253,resistance coil,591,,"resistance coil,"
8888,254,Wheatstone bridge,779,,"Wheatstone bridge,"
8889,254,Wheatstone bridge,779,,Wheatstone bridges
8888,255,"stroboscope, Drysdale's",667,,Drysdale's stroboscope
8888,256,transformer,757,,transformer
5265,257,astronomical equipment,25,,astronomical instruments
7844,259,telegraphic apparatus,711,,telegraph apparatus
6508,259,telegraphic instrument,712,,telegraph instruments
10065,259,telegraphic instrument,712,,telegraph insts
10066,259,telegraphic instrument,712,,telegraph insts
9961,259,telegraphic instrument,712,,telegraph insts
10103,259,telegraphic instrument,712,,telegraph instruments
10108,259,telegraphic instrument,712,,telegraph instruments
10134,259,telegraphic instrument,712,,telegraph instruments
10135,259,telegraphic instrument,712,,telegraph instruments
10136,259,telegraphic instrument,712,,telegraph instruments
10160,259,telegraphic instrument,712,,telegraph instruments
10164,259,telegraphic instrument,712,,telegraph instruments
10191,259,telegraphic instrument,712,,telegraph instruments
8915,259,telegraphic instrument,712,,telegraph instruments
8916,259,telegraphic instrument,712,,telegraph instruments
4259,259,telegraphic apparatus,711,,"telegraph apparatus,"
4914,259,telegraphic apparatus,711,,telegraphic apparatus
2975,259,telegraphic instrument,712,,telegraph instruments
8085,259,telegraphic instrument,712,,telegraph instruments
5077,259,telegraphic instrument,712,,telegraph instruments
9591,259,telegraphic instrument,712,,telegraph instruments
9593,259,telegraphic instrument,712,,telegraph instruments
9608,259,telegraphic instrument,712,,telegraph instruments
9662,259,telegraphic instrument,712,,telegraph inst
9684,259,telegraphic instrument,712,,telegraph inst
9686,259,telegraphic instrument,712,,telegraph inst
9691,259,telegraphic instrument,712,,telegraph instruments
9728,259,telegraphic instrument,712,,telegraph instruments
9768,259,telegraphic instrument,712,,telegraph instruments
9769,259,telegraphic instrument,712,,telegraph instruments
8019,259,telegraphic instrument,712,,telegraph instruments
9775,259,telegraphic instrument,712,,telegraph instruments
6108,259,telegraphic instrument,712,,telegraph instruments
10235,259,telegraphic instrument,712,,telegraph instruments
10236,259,telegraphic instrument,712,,telegraph instruments
10237,259,telegraphic instrument,712,,telegraph instruments
6775,259,telegraphic instrument,712,,telegraph instruments
7955,259,telegraphic instrument,712,,telegraph instruments
10294,259,telegraphic instrument,712,,telegraph instruments
10295,259,telegraphic instrument,712,,telegraph instruments
10278,259,telegraphic instrument,712,,telegraph instruments
10326,259,telegraphic instrument,712,,telegraph instrumetns
10327,259,telegraphic instrument,712,,telegraph instruments
5972,259,telegraphic instrument,712,,telegraph instruments
10328,259,telegraphic instrument,712,,telegraph instruments
7002,259,telegraphic instrument,712,,telegraph instruments
10330,259,telegraphic instrument,712,,telegraph instruments
10360,259,telegraphic instrument,712,,telegraph instruments
10361,259,telegraphic instrument,712,,telegraph instruments
10366,259,telegraphic instrument,712,,telegraph instruments
10400,259,telegraphic instrument,712,,telegraph instruments
10428,259,telegraphic instrument,712,,telegraph instruments
10430,259,telegraphic instrument,712,,telegraph instruments
10431,259,telegraphic instrument,712,,telegraph instruments
10432,259,telegraphic instrument,712,,telegraph instruments
9315,259,telegraphic instrument,712,,telegraph instruments
10468,259,telegraphic instrument,712,,telegraph instruments
10470,259,telegraphic instrument,712,,telegraph instruments
10471,259,telegraphic instrument,712,,telegraph instruments
7519,259,telegraphic instrument,712,,telegraph instruments
10505,259,telegraphic instrument,712,,telegraph instruments
10506,259,telegraphic instrument,712,,telegraph instruments
10480,259,telegraphic instrument,712,,telegraph instruments
7040,259,telegraphic instrument,712,,telegraph instruments
10508,259,telegraphic instrument,712,,telegraph instruments
10533,259,telegraphic apparatus,711,,telegraph apparatus
10547,259,telegraphic instrument,712,,telegraph inst
6836,259,telegraphic instrument,712,,telegraph inst
3530,261,hydrostatic machine,798,,hydrostatic machine
4401,261,eclipse glasses,217,,eclipse glasses
550,264,"engine, condensing",243,,condensing engine
279,265,curvograph,192,,curvograph
1598,267,citrometer,134,,citrometer
4267,269,pelorus,506,,pelorus
2841,270,mining instrument,453,,mining instruments
4246,271,"grating, diffraction",309,,deffeaction gratings
6929,271,"grating, diffraction",309,,"diffraction gratings,"
4290,272,cinematograph equipment,128,,cinematograph equipment
8357,272,cinematograph,127,1898-1914+,"cinematographs (1898-1914+),"
9091,273,coelostat,146,,cocloststs
9091,274,collimator,148,,"collimators,"
9091,275,focometer,256,,"facomaters,"
9091,276,optical measuring instrument,493,,optical measuring instruments
8246,276,optical bench,491,,"optical benches,"
4287,277,stopwatch,665,,"stop watches,"
4287,278,"telephone, field",714,,field telephones
9326,278,ammeter,14,,"ammeters,"
4280,278,ammeter,14,,"ammeters,"
9326,279,voltmeter,765,,"voltmeters,"
4280,279,voltmeter,765,,volt meters
9165,280,echo sounder,216,,echo sounders
7521,281,millivolt meter,451,,"millivolt meters,"
7521,282,resistance box,590,,"resistance boxes,"
7521,283,rheostat,592,,"rheostats,"
4259,284,hydrostatic instrument,341,,"hydrostatic instruments,"
440,284,hydrostatic instrument,341,,"hydrostaticinst,"
4259,285,pneumatic instrument,540,,"pneumatic instruments,"
4259,286,chronograph,120,,"chronograph,"
9185,286,chronograph,120,,chronograph
9185,292,clock,138,,standard clock
4154,294,Geissler tube,291,,Geissler's tubes
8703,295,wind direction instrument,784,,wind direction instruments
9165,296,wind dial,783,,wind dials
9165,297,chart weight,113,,chart weights
155,298,convex glass,796,,convex & concave glass
155,,concave glass,795,,
332,301,speaking trumpet,636,,speaking trumpets
2690,301,speaking trumpet,636,,"speaking trumpets,"
2690,302,navigation tables,480,,navigation tables
9325,304,electronic chart,235,,"electroic charts,"
9325,305,global positioning system,293,,"global positioning systems,"
9325,306,short-wave radio,624,,short-wave radio
9326,307,switchboard,699,,switchboards
38,309,philosophical fire,802,,philosophical fire
38,310,chemical flambeau,793,,chemical flambeau
6929,314,interferometer,350,,"interferometer,"
440,315,hydraulic instrument,330,,"hydrautic inst,"
440,316,pneumatic instrument,540,,"pneumatic inst,"
440,317,acoustics instrument,3,,acoustic inst
9795,317,acoustics instrument,3,,acoustic instruments
9382,322,water level recorder,767,,water level recorder
1364,323,"engine, compound",242,,compound engine
2093,325,woollen prover,807,,woollen prover
4261,327,"measure, liquid",413,,liquid measures
4764,328,engineering instrument,246,,engineering instruments
6929,329,parallel plates,501,,"parallel plates,"
6929,330,spectrograph,641,,"spectrographs,"
6929,331,spectrophotometer,643,,"spectrophotometers,"
7690,333,graphoscope,308,,"graphoscopes,"
4290,1799,meteorological instrument,424,,meteorological instruments
230,,encyclologium,240,,encyclologium
485,,hydrometer,334,,hydrometer
2889,,rule,593,,rule
828,,sea chart,607,,sea chart
