Maker_ID,Inst_code,Inst_name,Inst_ID,Known_Instrument_Notes,Inst_name_original
411,128,thermometer,741,"Thermometer, attributed to John but probably by Matthew Berge","thermometer, attributed to John but probably by Matthew Berge"
4769,20,barometer,50,,barometer
4773,20,barometer,50,,barometer
795,179,weather recorder,772,,weather recorder
8643,169,gunner's mouthpiece,311,,weather recorder
8644,20,barometer,50,,barometer
566,101,longitude scale,387,,longitude scale
566,15,"balance, coin",36,,coin balance
566,111,sundial,669,,sundial
566,66,microscope,429,,microscope
2237,29,compass,152,,compass
6039,99,binocular eyepiece for microscope,72,,binocular eyepiece for microscope
8673,40,barograph,49,,barograph
4250,123,octant,483,,"octant,"
8676,20,barometer,50,,barometer
8677,20,barometer,50,,barometer
8678,20,barometer,50,,barometer
8679,20,barometer,50,,barometer
8680,111,sundial,669,,sundial
6570,40,barograph,49,,"barograph,"
935,29,"compass, mariner's",165,,"compasses (marine),"
935,105,sextant,615,,sextant
935,111,dipleidoscope,204,,"dipleidoscope,"
1321,128,thermometer,741,,thermometer
8684,39,"compass, drafting",158,,compasses (drawing)
4275,125,telescope,715,,"telescope,"
8688,20,barometer,50,,barometer
8689,15,balance,32,,balance
566,85,orrery,496,,orrery
6994,66,microscope,429,,microscope
7032,20,barometer,50,,barometer
442,80,pantograph,499,,pantograph
8696,29,compass,152,,compass
8697,26,chronometer,121,,chronometers
8699,42,induction coil,348,,induction coil
8699,225,kymograph,353,,Kymograph
8699,226,dotting instrument,211,,dotting instrument
8699,227,ergograph,250,,ergograph
286,51,"level, gunner's",376,,Gunners level
286,41,"sundial, mechanical dial",682,,mechanical equireoctial dial
286,39,drawing instrument,212,,drawing instruments
286,15,balance,32,,balance
286,175,steelyard,658,,steelyard
286,134,weight,776,,weights
8700,20,barometer,50,,barometer
8700,128,thermometer,741,,thermometer
8701,20,barometer,50,,barometer
1417,60,level,370,,"level,"
4268,20,"barometer, aneroid",51,,barometer (aneroid)
8705,20,"barometer, aneroid",51,,barometer (aneroid)
5783,20,barometer,50,,barometer
8706,20,barometer,50,,barometer
8707,20,barometer,50,,barometer
894,20,barometer,50,,"barometer,"
894,128,thermometer,741,,"thermometer,"
894,56,hygrometer,343,,"hygrometer,"
8708,45,"globe, lunar",299,,moon globe
4114,26,chronometer,121,,"chronometer,"
8709,105,sextant,615,,sextant
8710,20,barometer,50,,barometer
1926,80,pantograph,499,,"pantograph,"
1926,20,barometer,50,,"barometer,"
1,20,barometer,50,,"barometer,"
1,29,"compass, magnetic",163,,"compass (magnetic),"
1,32,chondrometer,119,,"chondrometer,"
1,39,drawing instrument,212,,"drawing instruments,"
1,66,microscope,429,,"microscope,"
1,104,sector,609,,"sector,"
1,128,thermometer,741,,"thermometer,"
3,66,microscope,429,,microscope
4,20,barometer,50,,"barometer,"
4,66,microscope,429,,"microscope,"
4,42,electrical machine,221,,"electrical machine,"
5,66,microscope,429,,"microscope,"
5,125,telescope,715,,telescope
6,96,quadrant,572,,quadrant
7,125,telescope,715,,telescope
9,27,circumferentor,133,,circumferentor
10,14,backstaff,31,,back-staff
12,15,balance,32,,"balance,"
12,56,hygrometer,343,,"hygrometer,"
12,128,thermometer,741,,thermometer
14,66,microscope,429,,microscope
15,105,sextant,615,,"sextant,"
15,128,thermometer,741,,thermometer
16,66,microscope,429,,microscope
17,29,"compass, magnetic",163,,"compass (magnetic),"
17,43,ellipsograph,239,,"ellipsograph,"
17,67,"astrolabe, mariner's",24,,"marine astrolabe,"
17,68,"quadrant, mural",580,,"mural quadrant,"
17,101,rule,593,,"rule,"
17,104,sector,609,,"sector,"
17,111,sundial,669,,"sundial,"
17,205,armillary sphere,20,,armillary dial
18,22,calculating machine,84,,"calculating machine,"
18,96,quadrant,572,,quadrant
19,14,backstaff,31,,back staff
21,20,barometer,50,,barometer
28,20,barometer,50,,barometer
28,128,thermometer,741,,thermometer
29,15,balance,32,,balance
30,63,lens,362,,lens
34,105,"sextant, surveying",619,,sextant - surveying
37,27,circumferentor,133,,circumferentor
38,20,barometer,50,,barometer
39,20,barometer,50,,barometer
41,20,"barometer, marine",58,,barometer (marine)
43,20,barometer,50,,"barometer,"
43,128,thermometer,741,,thermometer
45,2,alidade,11,,"alidade,"
45,28,clinometer,135,,"clinometer,"
45,60,level,370,,"level,"
45,86,plane table,532,,"plane table,"
45,96,quadrant,572,,"quadrant,"
45,101,rule,593,,"rule,"
45,104,sector,609,,"sector,"
45,111,sundial,669,,"sundial,"
45,147,protractor,560,,protractor
46,18,burning glass,82,,burning glass
47,32,chondrometer,119,,chondrometer
48,92,"calendar, perpetual",89,,perpetual calendar
49,14,backstaff,31,,"back-staff,"
49,72,Napier's bones,477,,Napier's bones
50,20,barometer,50,,"barometer,"
50,45,globe,294,,"globe,"
50,66,microscope,429,,"microscope,"
50,128,thermometer,741,,thermometer
51,20,barometer,50,,barometer
55,55,hydrostatic bubble,340,,hydrostatic bubbles
56,101,rule,593,,rule
57,73,nocturnal,481,,nocturnal
58,14,backstaff,31,,back-staff
60,20,barometer,50,,"barometer,"
60,60,level,370,,"level,"
60,112,surveyor's chain,695,,"surveyor's chain,"
60,125,telescope,715,,"telescope,"
60,127,theodolite,734,,"theodolite,"
60,128,thermometer,741,,thermometer
61,104,sector,609,Sector (signed 'W.Burton fecit' prob same maker),sector (signed 'W.Burton fecit' prob same maker)
63,6,astrolabe,23,,astrolabe
64,96,quadrant,572,,quadrant
65,2,alidade,11,,"alidade,"
65,4,armillary sphere,20,,"armillary sphere,"
65,6,astrolabe,23,,"astrolabe,"
65,31,compendium,180,,"compendium,"
65,62,ship's log,620,,"log,"
65,73,nocturnal,481,,"nocturnal,"
65,111,"sundial, quadrant dial",687,,quadrant-dial
65,101,rule,593,,"rule,"
65,111,sundial,669,,"sundial,"
65,127,theodolite,734,,"theodolite,"
65,136,"callipers, gunner's",91,,gunner's callipers
69,36,dip circle,202,,dipping needle
70,39,drawing instrument,212,,"drawing instruments,"
70,111,sundial,669,,sundial
71,127,theodolite,734,,theodolite
72,101,rule,593,,rule
74,2,alidade,11,,alidade
75,2,alidade,11,,"alidade,"
75,29,compass,152,,"compass,"
75,49,set square,614,,"geometric square,"
75,86,plane table,532,,"plane table,"
75,101,rule,593,,rule
76,6,astrolabe,23,,"astrolabe,"
76,27,circumferentor,133,,"circumferentor,"
76,29,compass,152,,"compass,"
76,104,sector,609,,"sector,"
76,111,sundial,669,,sundial
81,29,circumferentor,133,,compass (surveying)
82,29,compass,152,,"compass,"
82,45,globe,294,,"globe,"
82,103,hourglass,328,,sandglass
83,111,sundial,669,,sundial
84,44,cross-staff,188,,cross-staff
85,112,surveyor's chain,695,,surveyor's chain
86,39,drawing instrument,212,,"drawing instruments,"
86,86,plane table,532,,"plane table,"
86,101,rule,593,,rule
87,6,astrolabe,23,,"astrolabe,"
87,29,compass,152,,"compass,"
87,31,"compendium, astronomical",181,,"astronomical compendium,"
87,45,globe,294,,"globr,"
87,73,nocturnal,481,,"nocturnal,"
87,92,"calendar, perpetual",89,,"perpetual calendar,"
87,96,quadrant,572,,"quadrant,"
87,104,sector,609,,"sector,"
87,111,sundial,669,,sundial
88,39,drawing instrument,212,,drawing instruments
89,66,microscope,429,,microscope
91,101,rule,593,,"rule,"
91,126,Gunter's scale,316,,Gunter's scale
92,15,balance,32,,balance
98,52,gauge,270,,gauge
99,107,slide rule,626,,slide rule
100,6,astrolabe,23,,astrolabe
105,97,"quadrant, cross bow",574,,bow quadrant
106,6,astrolabe,23,,"astrolabe,"
106,104,sector,609,,sector
107,96,quadrant,572,,quadrant
110,6,astrolabe,23,,"astrolabe,"
110,22,calculating machine,84,,"calculating machine,"
110,29,"compass, magnetic",163,,"compass (magnetic),"
110,83,planisphere,538,,"planisphere,"
110,86,plane table frame,533,,plane table frame
110,96,quadrant,572,,"quadrant,"
110,107,slide rule,626,,"slide rule,"
110,111,"sundial, day/night dial",675,,"day/night dial,"
110,147,protractor,560,,protractor
111,96,quadrant,572,,"quadrant,"
111,111,sundial,669,,sundial
114,29,"compass, magnetic",163,,compass (magnetic)
115,20,barometer,50,,"barometer,"
115,25,camera obscura,104,,"camera obscura,"
115,73,nocturnal,481,,"nocturnal,"
115,96,quadrant,572,,"quadrant,"
115,104,sector,609,,"sector,"
115,111,sundial,669,,sundial
116,1,air pump,8,,"air pump,"
116,20,barometer,50,,"barometer,"
116,111,sundial,669,,sundial
118,87,perspectograph,515,,"perspectograph,"
118,96,quadrant,572,,quadrant
119,101,balance,32,,scales
120,96,quadrant,572,,quadrant
122,29,"compass, magnetic",163,,"compass (magnetic),"
122,73,nocturnal,481,,"nocturnal,"
122,96,quadrant,572,,"quadrant,"
122,107,slide rule,626,,"slide rule,"
122,111,sundial,669,,sundial
123,96,quadrant,572,,quadrant
125,107,slide rule,626,,slide rule
127,45,globe,294,,globe
129,45,globe,294,,"globe,"
129,200,mathematical instrument,407,,math inst
130,104,sector,609,,sector
133,104,sector,609,,sector
135,20,barometer,50,,"barometer,"
135,29,compass,152,,"compass,"
135,36,dip circle,202,,"dip circle,"
135,39,drawing instrument,212,,"drawing instruments,"
135,66,microscope,429,,"miroscope,"
135,96,quadrant,572,,"quadrant,"
135,104,sector,609,,"sector,"
135,111,sundial,669,,"sundial,"
135,128,thermometer,741,,thermometer
136,29,compass,152,,compass
138,20,barometer,50,,barometer
139,107,slide rule,626,,"slide rule,"
139,144,dipstick,205,,dip stick
140,29,"compass, magnetic",163,,"compass (magnetic),"
140,101,rule,593,,rule
141,20,barometer,50,,"barometer,"
141,22,calculating machine,84,,"calculating machine,"
141,60,level,370,,"level,"
141,128,thermometer,741,,thermometer
143,101,rule,593,,rule
144,7,"clock, regulator",140,,"astronomical clock,"
144,20,barometer,50,,"barometer,"
144,68,"quadrant, mural",580,,"mural quadrant,"
144,85,planetarium,535,,"planetarium,"
144,111,sundial,669,,"sundial,"
144,125,telescope,715,,telescope
145,85,orrery,496,,"orrery,"
146,96,quadrant,572,,"quarant,"
146,101,dialling scale,201,,rule (dialing)
146,111,sundial,669,,"sundial,"
147,63,lens,362,,lens
150,66,microscope,429,,"microscope,"
150,69,magic lantern,389,,"magic lantern,"
150,125,telescope,715,,telescope
153,125,telescope,715,,telescope
155,111,sundial,669,,sundial
158,27,circumferentor,133,,"circumferentor,"
158,29,compass,152,,"compass,"
158,111,sundial,669,,"sundial,"
158,136,"callipers, gunner's",91,,gunners callipers
159,52,gauge,270,,"gauge,"
159,111,sundial,669,,sundial
160,45,globe,294,,globe
161,107,slide rule,626,,slide rule
162,104,sector,609,,"sector,"
162,107,slide rule,626,,slide rule
163,31,"compendium, astronomical",181,,compendium (astronomical)
164,1,air pump,8,,"air pump,"
164,85,planetarium,535,,"planetarium,"
164,98,"quadrant, gunner's",577,,"gunner,s quadrant"
165,27,circumferentor,133,,circumferentor
166,45,globe,294,,"globe,"
166,123,octant,483,,"octant,"
166,125,telescope,715,,"telescope,"
166,127,theodolite,734,,theodolite
168,20,"barometer, stick",63,,stick barometer
168,174,bull's eye illuminator,81,,Bull's eye illuminator
168,66,microscope screw,445,,"microscope screw,"
168,29,circumferentor,133,,"surveyor's compass,"
168,104,sector,609,,sector
168,111,"sundial, horizontal dial",680,,garden (horizontal) sundial
169,15,balance,32,,"balance,"
169,26,chronometer,121,,"chronometer,"
171,111,sundial,669,,sundial
172,125,telescope,715,,telescope
174,45,globe,294,,globe
175,14,backstaff,31,,"back-staff,"
175,39,drawing instrument,212,,"drawing instruments,"
175,111,sundial,669,,sundial
176,52,gauge,270,,"gauge,"
176,97,"quadrant, cross bow",574,,"bow quadrant,"
176,107,slide rule,626,,"slide rule,"
176,155,gunnery scale,312,,gunner's scales
177,72,Napier's bones,477,,Napier's bones
178,6,astrolabe,23,,"astrolabe,"
178,101,rule,593,,"rule,"
178,111,sundial,669,,sundial
180,29,compass,152,,"compass,"
180,39,drawing instrument,212,,"drawing instruments,"
180,52,gauge,270,,"gauge,"
180,96,quadrant,572,,"quadrant,"
180,111,sundial,669,,"sundial,"
180,133,surveyor's wheel,698,,"waywise,"
180,136,"callipers, gunner's",91,,gunner's callipers
181,93,prism,552,,prism
182,20,barometer,50,,"barometer,"
182,56,hygrometer,343,,"hygrometer,"
182,66,microscope,429,,"microscope,"
182,96,quadrant,572,,"quadrant,"
182,105,sextant,615,,"sextant,"
182,123,octant,483,,"octant,"
182,128,thermometer,741,,"thermometer,"
182,147,protractor,560,,"protractor,"
183,28,clinometer,135,,"clinometer,"
183,60,level,370,,"level,"
183,66,microscope,429,,microscope
185,105,sextant,615,,sextant
186,111,sundial,669,,sundial
187,101,rule,593,,"rule,"
187,104,sector,609,,"sector,"
187,147,protractor,560,,protractor
188,29,"compass, miner's",166,,"miners compass,"
188,45,globe,294,,"globe,"
188,66,microscope,429,,"microscope,"
188,80,pantograph,499,,"pantograph,"
188,85,planetarium,535,,"planetarium,"
188,107,slide rule,626,,"slide rule,"
188,127,theodolite,734,,theodolite
191,101,rule,593,,rule
192,4,armillary sphere,20,,"armillary sphere,"
192,29,compass,152,,"compass,"
192,111,sundial,669,,sundial
194,125,telescope,715,,telescope
196,22,calculating machine,84,,"calculating machine,"
196,159,micrometer,426,,micrometer
198,6,astrolabe,23,,"astrolabe,"
198,96,quadrant,572,,quadrant
199,97,"quadrant, horary",579,,horary quadrant
200,66,microscope,429,,"microscope,"
200,125,telescope,715,,telescope
202,29,compass,152,,compass
203,29,"compass, magnetic",163,"NMM NAV0267, neg. A5793","compass (magnetic) (NMM NAV0267, neg. A5793)"
204,20,barometer,50,,barometer
207,7,"clock, regulator",140,,"astronomical clock,"
207,20,barometer,50,,"barometer,"
207,56,hygrometer,343,,"hygrometer,"
207,68,"quadrant, mural",580,,"mural quadrant,"
207,128,thermometer,741,,"thermometer,"
207,131,transit instrument,759,,"transit instruments,"
207,135,zenith instrument,790,,"zenith instrument,"
207,148,pyrometer,570,,pyrometer
208,20,barometer,50,,barometer
209,96,quadrant,572,,quadrant
210,7,"clock, regulator",140,,astronomical clock
211,20,barometer,50,,"barometer,"
211,63,lens,362,,lens
212,29,compass,152,,compass
213,111,sundial,669,,sundial
214,39,drawing instrument,212,,drawing instruments
215,96,quadrant,572,,quadrant
216,7,"clock, regulator",140,,"astronomical clock,"
216,85,planetarium,535,,planetarium
217,97,"quadrant, horary",579,,horary quadrant
218,29,compass,152,,"compass,"
218,45,globe,294,,globe
220,20,barometer,50,,barometer
221,111,sundial,669,,sundial
222,63,"lens, telescope objective",366,,telescope objective lens
225,97,"quadrant, horary",579,,horary quadrant
226,66,microscope,429,,"microscope,"
226,125,telescope,715,,telescope
228,29,compass,152,,compass
230,73,nocturnal,481,,nocturnal
231,73,nocturnal,481,,nocturnal
232,66,"microscope, compound",432,,microscope (compound)
232,125,telescope,715,,telescope
233,101,rule,593,,rule
234,29,compass,152,,"compass,"
234,72,Napier's bones,477,,"Napier's bones,"
234,104,sector,609,,"sector,"
234,111,sundial,669,,sundial
236,2,alidade,11,,"alidade,"
236,27,circumferentor,133,,"circumferentor,"
236,29,"compass, magnetic",163,,"compass (magnetic),"
236,86,plane table,532,,"plane table,"
236,96,quadrant,572,,"quadrant,"
236,104,sector,609,,sector
237,20,barometer,50,,"barometer,"
237,42,electrostatic generator,237,,"electrostatic generator,"
237,125,telescope,715,,"telescope,"
237,128,thermometer,741,,thermometer
238,66,microscope,429,,"microscope,"
238,125,telescope,715,,telescope
239,18,burning glass,82,,burning glass
240,168,eudiometer,251,,eudiometer
241,18,burning glass,82,,burning glass
242,111,sundial,669,,sundial
244,73,nocturnal,481,,nocturnal
245,123,octant,483,,octant
248,123,octant,483,,octant
250,105,octant,483,,octant
253,125,telescope,715,,telescope
254,45,"globe, pocket",301,,"globe, pocket,"
258,15,balance,32,,"balance,"
258,111,sundial,669,,"sundial,"
258,134,weight,776,,weights
259,111,"sundial, ring dial",688,,sundial (ring dial type)
262,97,"quadrant, horary",579,,horary quadrant
266,123,octant,483,,octant
269,85,planetarium,535,,planetarium
271,7,"clock, regulator",140,,"astronomical clock,"
271,20,barometer,50,,"barometer,"
271,27,circumferentor,133,,"circumferentor,"
271,29,"compass, magnetic",163,,"compass (magnectic),"
271,39,drawing instrument,212,,"drawing instruments,"
271,96,quadrant,572,,"quadrant,"
271,104,sector,609,,"sector,"
271,111,"sundial, horizontal dial",680,,"horizontal dial,"
271,127,theodolite,734,,"theodolite,"
271,136,"callipers, gunner's",91,,"gunner's callipers,"
271,147,protractor,560,,protractor
272,66,microscope,429,,"microscope,"
272,114,spectacles,638,,"spectacles,"
272,125,telescope,715,,telescope
273,12,astroscope,26,,"astroscope,"
273,66,microscope,429,,"microscope,"
273,125,telescope,715,,telescope
275,20,barometer,50,,barometer
276,107,slide rule,626,,slide rule
277,92,"calendar, perpetual",89,,"perpetual calendar,"
277,111,sundial,669,,sundial
278,27,circumferentor,133,,circumferentor
279,14,"quadrant, Davis",575,,"Davis quadrant,"
279,44,cross-staff,188,,"fore staff,"
279,45,globe,294,,"globe,"
279,103,marine sandglass,404,,"Marine sandglass,"
279,104,sector,609,,"sector,"
279,107,slide rule,626,,"slide rule,"
279,111,"sundial, analemmatic dial",670,,Analemmatic sundial
283,14,backstaff,31,,"back-staff,"
283,101,rule,593,,rule
285,29,compass,152,,compass
286,38,dividing engine,209,,"dividing engine,"
286,60,level,370,,"level,"
286,85,planetarium,535,,"planetarium,"
286,101,rule,593,,"rule,"
286,104,sector,609,,"sector,"
286,107,slide rule,626,,"slide rule,"
286,111,sundial,669,,"sundial,"
286,105,sextant,615,,"sextant,"
286,125,telescope,715,,"telescope,"
286,159,micrometer,426,,micrometer
289,1,air pump,8,,"air pump,"
289,20,barometer,50,,barometer
292,73,nocturnal,481,,nocturnal
293,27,circumferentor,133,,"circumferentor,"
293,39,drawing instrument,212,,"drawing instruments,"
293,85,planetarium,535,,"planetarium,"
293,101,rule,593,,"rule,"
293,107,slide rule,626,,"slide rule,"
293,133,surveyor's wheel,698,,waywiser
294,105,sextant,615,,sextant
295,45,globe,294,,globe
296,45,globe,294,,globe
298,45,globe,294,,globe
300,20,barometer,50,,"barometer,"
300,128,thermometer,741,,thermometer
302,14,backstaff,31,,back-staff
303,125,telescope,715,,telescope
308,45,globe,294,,globe
309,29,compass,152,,"compass,"
309,54,hydrometer,334,,hydrometer
310,29,compass,152,,"compass,"
310,111,sundial,669,,sundial
312,14,backstaff,31,,"back-staff,"
312,14,"quadrant, Elton's",576,,Elton' quadrant
312,20,barometer,50,,"barometer,"
312,68,"quadrant, mural",580,,"mural quadrant,"
312,101,rule,593,,"rule,"
312,104,sector,609,,"sector,"
312,123,octant,483,,"Hadley's quadrant,"
312,127,theodolite,734,,"theodolite,"
312,131,transit instrument,759,,transit instruments
313,29,"compass, magnetic",163,,compass (magnetic)
314,66,microscope,429,,"microscope,"
314,125,telescope,715,,telescope
315,2,alidade,11,,"alidade,"
315,111,sundial,669,,sundial
316,15,balance,32,,"balance,"
316,20,barometer,50,,"barometer,"
316,29,"compass, magnetic",163,,"compass (magnetic),"
316,45,globe,294,,"globe,"
316,62,ship's log,620,,"log,"
316,80,pantograph,499,,"pantograph,"
316,85,planetarium,535,,"planetarium,"
316,96,quadrant,572,,"quadrant,"
316,107,slide rule,626,,"slide rule,"
316,111,sundial,669,,"sundial,"
316,125,telescope,715,,"telescope,"
316,128,thermometer,741,,thermometer
317,111,sundial,669,,sundial
318,7,"clock, regulator",140,,"astronomical clock,"
318,20,barometer,50,,"barometer,"
318,133,surveyor's wheel,698,,waywiser
319,133,surveyor's wheel,698,,waywiser
321,101,rule,593,,rule
323,45,globe,294,,"globe,"
323,60,level,370,,level
324,15,balance,32,,"balance,"
324,134,weight,776,,weights
325,104,sector,609,,"sector,"
325,66,microscope,429,,"microscope,"
325,107,slide rule,626,,"slide rule,"
325,111,"sundial, compass dial",674,,compass dial
326,20,barometer,50,,barometer
327,107,slide rule,626,Slide rule (dated 1713),slide rule (dated 1713)
329,7,"clock, regulator",140,,astronomical clock
330,73,nocturnal,481,,nocturnal
332,20,barometer,50,,"barometer,"
332,27,circumferentor,133,,"circumfentor,"
332,56,hygrometer,343,,"hygrometer,"
332,66,microscope,429,,"microscope,"
332,125,telescope,715,,"telescope,"
332,128,thermometer,741,,thermometer
333,126,Gunter's scale,316,,gunter's scale
334,66,microscope,429,,microscope
335,66,microscope,429,,microscope
336,96,quadrant,572,,"quadrant,"
336,111,sundial,669,,"sundial,"
336,125,telescope,715,,telescope
339,32,chondrometer,119,,"chondrometer,"
339,111,"sundial, compass dial",674,,"compass dial,"
339,133,surveyor's wheel,698,,waywiser
340,32,chondrometer,119,,"chondrometer,"
340,80,pantograph,499,,pantograph
343,39,drawing instrument,212,,"drawing instruments,"
343,125,telescope,715,,telescope
345,66,microscope,429,,"microscope,"
345,105,sextant,615,,"sextant,"
345,125,telescope,715,,telescope
346,125,telescope,715,,telescope
347,20,barometer,50,,"barometer,"
347,111,sundial,669,,"sundial,"
347,133,surveyor's wheel,698,,"waywiser,"
347,147,protractor,560,,protractor
348,111,sundial,669,,sundial
350,66,microscope,429,,microscope
352,63,lens,362,,lens
354,29,"compass, azimuth",155,,"compass, Azimuth"
355,7,"clock, regulator",140,,"astronomical clock,"
355,20,barometer,50,,barometer
356,66,microscope,429,,"microscope,"
356,70,micrometer,426,,"micrometer,"
356,125,telescope,715,,telescope
357,125,telescope,715,,telescope
359,51,"level, gunner's",376,,gunners level
365,14,backstaff,31,,back-staff
376,15,balance,32,,balance
388,14,backstaff,31,,back-staff
389,29,"compass, magnetic",163,,"compass (magnetic),"
389,66,microscope,429,,"microscope,"
389,111,sundial,669,,sundial
393,14,backstaff,31,,back-staff
395,66,microscope,429,,"microscope,"
395,125,telescope,715,,telescope
398,111,sundial,669,,sundial
399,111,sundial,669,,sundial
400,107,slide rule,626,,slide rule
401,66,microscope,429,,microscope
403,62,ship's log,620,,"logs,"
403,141,sounding machine,635,,sounding machines
404,45,globe,294,,globe
406,20,barometer,50,,"barometer,"
406,128,thermometer,741,,thermometer
408,38,dividing engine,209,,"dividing engine,"
408,105,sextant,615,,"sextant,"
408,109,station pointer,655,,"station pointer,"
408,147,protractor,560,,protractor
411,105,sextant,615,"Sextant, attributed to John but probably by Matthew Berge","sextant, attribted to John but probably by Matthew Berge"
417,125,telescope,715,,telescope
421,123,octant,483,,octant
422,29,"compass, magnetic",163,,"compass (magnetic),"
422,123,octant,483,,octant
424,20,barometer,50,,"barometer,"
424,123,octant,483,,"octant,"
424,128,thermometer,741,,thermometer
426,20,barometer,50,,"barometer,"
426,111,sundial,669,,"sundial,"
426,128,thermometer,741,,thermometer
427,111,sundial,669,,sundial
430,20,barometer,50,,"barometer,"
430,39,drawing instrument,212,,"drawing Instruments,"
430,66,microscope,429,,"microscope,"
430,96,quadrant,572,,"quadrant,"
430,104,sector,609,,"sector,"
430,125,telescope,715,,"telescope,"
430,127,theodolite,734,,"theodolite,"
430,128,thermometer,741,,"thermometer,"
430,151,lightning demonstrator,382,,lightning demonstrator
431,20,barometer,50,,"barometer,"
431,32,chondrometer,119,,"chondrometer,"
431,102,repeating circle,589,,"repeating circle,"
431,104,sector,609,,"sector,"
431,105,sextant,615,,"sextant,"
431,125,telescope,715,,"telescope,"
431,136,"callipers, gunner's",91,,gunner's callipers
432,45,globe,294,,globes
433,45,"globe, celestial",295,,globe celestial
435,66,microscope,429,,"microscope,"
435,127,theodolite,734,,theodolite
437,20,barometer,50,,"barometer,"
438,20,barometer,50,,"barometer,"
438,56,hygrometer,343,,"hygrometer,"
438,66,microscope,429,,"microscope,"
438,92,"calendar, perpetual",89,,"perpetual calendar,"
438,104,sector,609,,"sector,"
438,125,telescope,715,,"telescope,"
438,128,thermometer,741,,thermometer
439,39,drawing instrument,212,,"drawing instruments,"
439,66,microscope,429,,"microscope,"
439,123,octant,483,,"octant,"
439,125,telescope,715,,"telescope,"
439,133,surveyor's wheel,698,,waywiser
440,1,air pump,8,,"air pump,"
440,15,"balance, hydrostatic",39,,"hydro balance,"
440,20,"barometer, stick",63,,"barometer (stick),"
440,32,chondrometer,119,,"chondrometer,"
440,39,drawing instrument,212,,"drawing instruments,"
440,66,microscope,429,,"microscope,"
440,111,sundial,669,,"sundial,"
440,125,telescope,715,,"telescope,"
440,128,thermometer,741,,thermometer
441,20,barometer,50,,"barometer,"
441,136,callipers,90,,"callipers,"
441,56,hygrometer,343,,"hugrometers,"
441,92,"calendar, perpetual",89,,"perpetual calendar,"
441,125,telescope,715,,"telescope,"
441,127,theodolite,734,,"theodolite,"
442,15,"balance, precision",46,,"balance precision,"
442,20,barometer,50,,"barometer,"
442,29,compass,152,,"compass,"
442,56,hygrometer,343,,"hygrometer,"
442,96,quadrant,572,,"quadrant,"
442,102,reflecting circle,587,,"reflecting circle,"
442,105,sextant,615,,"sextant,"
442,125,telescope,715,,"telescope,"
442,127,theodolite,734,,"theodolite,"
442,128,thermometer,741,,"thermometer,"
442,131,transit circle,758,,transit circle
443,114,spectacles,638,,spectacles
446,15,balance,32,,"balance,"
446,32,chondrometer,119,,"chondrometer,"
446,54,hydrometer,334,,"hydrometer,"
446,101,rule,593,,"rule,"
446,105,octant,483,,"octant,"
446,107,slide rule,626,,"slide rule,"
446,128,thermometer,741,,"thermometer,"
446,144,dipstick,205,,dip stick
449,20,barometer,50,,"barometer,"
449,128,thermometer,741,,thermometer
451,228,stigmograph,664,,stigmograph
451,15,"balance, coin",36,,"balance (coin),"
451,15,"balance, precision",46,,"balance (precision),"
451,20,barometer,50,,"barometer,"
451,29,compass,152,,"compass,"
451,42,electrostatic generator,237,,"electrosatic generator,"
451,43,ellipsograph,239,,"ellipsograph,"
451,45,globe,294,,"globe,"
451,54,hydrometer,334,,"hydrometer,"
451,60,level,370,,"level,"
451,66,"microscope, solar",438,,"microscope (solar),"
451,80,pantograph,499,,"pantograph,"
451,85,planetarium,535,,"planetarium,"
451,107,slide rule,626,,"slide-rule,"
451,111,sundial,669,,"sundial,"
451,125,telescope,715,,"telescope,"
451,127,theodolite,734,,"theodolite,"
451,128,thermometer,741,,"thermometer,"
451,133,surveyor's wheel,698,,"waywiser,"
451,142,"model, philosophical",471,,"model-philosophical,"
452,62,ship's log,620,,"log,"
452,123,octant,483,,octant
453,20,barometer,50,,"barometer,"
453,56,hygrometer,343,,"hygrometer,"
453,115,"level, spirit",377,,"spirit level,"
453,128,thermometer,741,,thermometer
454,134,weight,776,,weights
455,20,barometer,50,,"barometer,"
455,28,clinometer,135,,"clinometer,"
455,45,globe,294,,"globe,"
455,66,microscope,429,,"microscope,"
455,70,micrometer,426,,"micrometer,"
455,85,planetarium,535,,"planetarium,"
455,127,theodolite,734,,theodolite
456,20,barometer,50,,barometer
457,20,barometer,50,,barometer
459,20,barometer,50,,"barometer,"
459,128,thermometer,741,,thermometer
460,20,barometer,50,,"barometer,"
460,56,hygrometer,343,,"hygrometer,"
460,128,thermometer,741,,thermometer
461,15,balance,32,,balance
462,54,hydrometer,334,,hydrometer
463,125,telescope,715,,telescope
464,6,astrolabe,23,,"astrolabe,"
464,83,planisphere,538,,planisphere
465,111,sundial,669,,sundial
466,14,backstaff,31,,back-staff
468,29,"compass, magnetic",163,,"compass (magnetic),"
468,111,sundial,669,,sundial
469,101,rule,593,,rule
470,20,barometer,50,,barometer
471,101,rule,593,,rule
473,133,surveyor's wheel,698,,waywiser
474,123,octant,483,,octant
475,20,barometer,50,,"barometer,"
475,29,"compass, magnetic",163,,"compass (magnetic),"
475,105,sextant,615,,"sextant,"
475,123,octant,483,,"octant,"
475,125,telescope,715,,telescope
476,93,prism train,553,,"prism train,"
476,123,octant,483,,"octant,"
476,125,telescope,715,,telescope
477,20,barometer,50,,"barometer,"
477,56,hygrometer,343,,hygrometer
479,7,"clock, regulator",140,,astronomical clock
480,111,sundial,669,,sundial
482,105,sextant,615,,sextant
483,128,thermometer,741,,thermometer
484,39,dividers,208,,dividers
486,15,balance,32,,"balance,"
486,29,compass,152,,"compass,"
486,54,hydrometer,334,,"hydrometer,"
486,107,slide rule,626,,slide rule
487,54,hydrometer weight,337,,hydrometer weight
489,54,hydrometer,334,,"hydrometer,"
489,125,telescope,715,,telescope
491,26,chondrometer,119,,"chondrometer,"
492,102,repeating circle,589,,repeating circle
494,20,barometer,50,,barometer
495,15,"balance, coin",36,,"balance coin,"
495,75,octant,483,,octant
496,123,octant,483,,octant
497,111,sundial,669,,sundial
499,7,"clock, regulator",140,,"astronomical clock,"
499,128,thermometer,741,,thermometer
500,7,"clock, regulator",140,,"astronomical clock,"
500,20,barometer,50,,"barometer,"
500,43,ellipsograph,239,,ellipsograph
504,96,quadrant,572,,quadrant
505,39,drawing instrument,212,,drawing instruments
506,125,telescope,715,,telescope
507,51,"level, gunner's",376,,"gunner's level, (perpendicular)"
507,125,perspective glass,514,,telescope (perspective glass)
508,26,chronometer,121,,chronometer
509,20,barometer,50,,"barometer,"
509,32,chondrometer,119,,"chondrometer,"
509,66,microscope,429,,"microscope,"
509,105,sextant,615,,"sextant,"
509,111,sundial,669,,"sundial,"
510,7,"clock, regulator",140,,astronomical clock
511,29,compass,152,,"compass,"
511,45,globe,294,,"globe,"
511,100,scientific apparatus,804,,full range of instruments
511,125,telescope,715,,telescope
513,54,hydrometer,334,,"hydrometer,"
513,107,slide rule,626,,slide rule
514,28,clinometer,135,,"clinometer,"
514,60,level,370,,"level,"
514,66,microscope,429,,"microscope,"
514,104,sector,609,,"sector,"
514,111,sundial,669,,"sundial,"
514,123,octant,483,,"octant,"
514,127,theodolite,734,,"theodoite,"
514,147,protractor,560,,protractor
515,14,backstaff,31,,"back-staff,"
515,123,octant,483,Octant? [see Taylor ref.],octant? [see Taylor ref.]
516,14,backstaff,31,,back-staff
517,7,"clock, regulator",140,,astral clock
518,45,globe,294,,globe
519,7,"clock, regulator",140,,"astronomical clock,"
519,20,barometer,50,,"barometer,"
519,38,dividing engine,209,,"dividing engine,"
519,68,"quadrant, mural",580,,"mural quadrant,"
519,96,quadrant,572,,"quadrant,"
519,101,rule,593,,"rule,"
519,102,repeating circle,589,,"repeating circle,"
519,128,thermometer,741,,"thermometer,"
519,135,zenith sector,791,,zenith sector
520,18,burning glass,82,,"burning glass,"
520,168,eudiometer,251,,eudiometer
522,111,"sundial, astronomical dial",671,,astronomical dial with
524,101,rule,593,,rule
525,105,sextant,615,Sextant [probably],sextant [probably]
531,7,"clock, regulator",140,,"astronomical clock,"
531,20,barometer,50,,"barometer,"
531,148,pyrometer,570,,pyrometer
532,85,planetarium,535,,planetarium
533,20,barometer,50,,barometer
533,56,hygrometer,343,,"hygrometer,"
534,20,barometer,50,,"barometer,"
534,125,telescope,715,,"telescope,"
534,128,thermometer,741,,thermometer
538,27,circumferentor,133,,circumferentor
542,20,barometer,50,,"barometer,"
542,128,thermometer,741,,thermometer
545,45,"globe, pocket",301,,globes (pocket)
547,32,chondrometer,119,,"chondrometer,"
547,66,microscope,429,,"microscope,"
547,125,telescope,715,,telescope
550,20,barometer,50,,"barometer,"
550,45,globe,294,,"globe,"
550,66,microscope,429,,"microscope,"
550,100,scientific apparatus,804,,full range of instruments
551,45,globe,294,,"globe,"
551,105,sextant,615,,"sextant,"
551,111,sundial,669,,sundial
552,105,octant,483,Octant marked SBR,octant marked SBR
553,7,"clock, regulator",140,,astronomical clock
554,102,repeating circle,589,,"repeating circle,"
554,105,sextant,615,,sextant
555,29,compass,152,,compass
556,26,chronometer,121,,chronometer
557,26,chronometer,121,,"chronometer,"
557,138,"gauge, tide",282,,tide gauge
559,39,drawing instrument,212,,drawing instruments
561,45,globe,294,,globe
562,45,globe,294,,globe
563,126,Gunter's scale,316,,gunter's rule
566,134,"weight, standard",778,,weights standard
566,54,saccharometer,604,,saccharometer
568,66,microscope,429,,"microscope,"
568,125,telescope,715,,"telescope,"
568,163,mechanical apparatus,418,,mechanical apparatus
571,20,barometer,50,,"barometer,"
571,56,hygrometer,343,,"hygrometer,"
571,125,telescope,715,,telescope
572,127,theodolite,734,,theodolite
574,66,microscope,429,,microscope
575,26,chronometer,121,,chronometer
579,125,telescope,715,,telescope
580,29,compass,152,,"compass,"
580,123,octant,483,,"octant,"
580,125,telescope,715,,telescope
584,22,calculating machine,84,,calculating machine
586,27,circumferentor,133,,circumferentor
588,125,telescope,715,,telescope
589,105,sextant,615,,"sextant,"
589,125,telescope,715,,telescope
590,123,octant,483,,octant
597,133,pedometer,505,,pedometer
598,111,sundial,669,,sundial
601,42,electrostatic generator,237,,"electrostatic generator,"
601,66,microscope,429,,"microscope,"
601,125,telescope,715,,telescope
602,20,barometer,50,,"barometer,"
602,99,microtome,449,,microtome
604,125,telescope,715,,telescope
609,20,barometer,50,,"barometer,"
609,66,microscope,429,,"microscope,"
609,104,sector,609,,sector
610,25,camera obscura,104,,"camera obscura,"
610,29,"compass, magnetic",163,,"compass (magnetic),"
610,66,microscope,429,,"microscope,"
610,106,scioptic ball,606,,"scioptic ball,"
610,111,sundial,669,,"sundial,"
610,125,telescope,715,,telescope
612,26,chronometer,121,,chronometer
613,125,telescope,715,,telescope
618,125,telescope,715,,telescope
619,26,chronometer,121,,chronometer
623,29,compass,152,,compass
625,29,pyrometer,570,,pyrometer
627,111,sundial,669,,sundial
631,96,quadrant,572,,quadrant
632,29,compass,152,,"compass,"
632,104,sector,609,,"sector,"
632,105,sextant,615,,"sextant,"
632,155,gunnery scale,312,,gunner's scales
634,114,spectacles,638,,spectacles
636,123,octant,483,,octant
637,123,octant,483,,quadrant Hadley's
638,29,"compass, magnetic",163,,compass (magnetic)
639,133,pedometer,505,,pedometer
640,104,sector,609,,sector
641,20,barometer,50,,"barometer,"
641,29,compass,152,,"compass,"
641,125,telescope,715,,"telescope,"
641,128,thermometer,741,,"thermometer,"
641,136,"callipers, gunner's",91,,gunner's callipers
644,15,balance,32,,balance
644,20,barometer,50,,barometer
645,101,rule,593,,rule
646,111,sundial,669,,sundial
647,111,sundial,669,,sundial
648,111,sundial,669,,sundial
650,123,octant,483,,octant
652,38,dividing engine,209,,dividing engine
655,101,rule,593,,"rule,"
655,111,sundial,669,,sundial
656,20,barometer,50,,barometer
657,1,air pump,8,,"air pump,"
657,15,balance,32,,"balance,"
657,20,barometer,50,,"barometer,"
661,66,microscope,429,,"microscope,"
661,125,telescope,715,,telescope
662,66,microscope,429,,microscope
663,70,micrometer,426,,"micrometer,"
663,85,planetarium,535,,planetarium
664,85,planetarium,535,,"planetarium,"
664,111,sundial,669,,sundial
666,26,chronometer,121,,chronometer
668,104,sector,609,,"sector,"
668,147,protractor,560,,protractor
669,123,octant,483,,octant
670,45,globe,294,,globe
672,20,barometer,50,,"barometer,"
672,50,hygrometer,343,,"hygrometer,"
672,66,microscope,429,,"microscope,"
672,123,octant,483,,"octant,"
672,128,thermometer,741,,thermometer
673,107,slide rule,626,,slide rule
674,4,armillary sphere,20,,"armillery sphere,"
674,29,compass,152,,"compass,"
674,66,microscope,429,,"microscope,"
676,54,hydrometer,334,,hydrometer
677,20,barometer,50,,"barometer,"
677,66,microscope,429,,"microscope,"
677,125,telescope,715,,telescope
678,54,glucometer,304,,"glucometer,"
678,54,hydrometer,334,,"hydrometer,"
678,82,saccharometer,604,,"saccharometer,"
678,107,slide rule,626,,"slide-rule,"
678,128,thermometer,741,,"thermometer,"
678,144,dipstick,205,,dip-stick
679,125,telescope,715,,telescope
680,39,drawing instrument,212,,drawing instruments
682,42,electrical machine,221,,"electrical machine,"
682,111,sundial,669,,"sundial,"
682,203,philosophical apparatus,517,,philosophical instruments
683,66,microscope,429,,microscope
684,7,"clock, regulator",140,,"astronomical clock,"
684,22,calculating machine,84,,"calculating machine,"
684,26,chronometer,121,,"chronometer,"
684,107,slide rule,626,,slide rule
686,14,backstaff,31,,back-staff
687,29,compass,152,,"compass,"
687,85,planetarium,535,,planetarium
689,7,"clock, regulator",140,,"regulator,"
689,148,pyrometer,570,,pyrometer
691,14,backstaff,31,,back-staff
692,29,azimuth circle,30,,"azimuth circle,"
692,101,rule,593,,"rule,"
692,123,octant,483,,octant
694,39,drawing instrument,212,,drawing instruments
696,20,barometer,50,,"barometer,"
696,36,dip circle,202,,"dip circle,"
696,48,magnet,390,,"magnet,"
696,56,hygrometer,343,,"hygrometer,"
696,66,microscope,429,,"microscope,"
696,67,"astrolabe, mariner's",24,,"marine astrolabe,"
696,101,rule,593,,"rule,"
696,104,sector,609,,"sector,"
696,125,telescope,715,,"telescope,"
696,128,thermometer,741,,thermometer
697,20,barometer,50,,"barometer,"
697,60,level,370,,"level,"
697,66,microscope,429,,"microscope,"
697,104,sector,609,,"sector,"
697,105,sextant,615,,"sextant,"
697,111,sundial,669,,"sundial,"
697,125,telescope,715,,"telescope,"
697,128,thermometer,741,,thermometer
698,85,planetarium,535,,planetarium
698,133,surveyor's wheel,698,,waywiser
699,45,globe,294,,globe
700,54,hydrometer,334,,"hydrometer,"
700,107,slide rule,626,,slide rule
702,111,sundial,669,,sundial
705,107,slide rule,626,,slide rule
706,15,balance,32,,balance
710,101,rule,593,,rule
711,7,"clock, regulator",140,,"astronomical clock,"
711,26,chronometer,121,,chronometer
714,20,barometer,50,,"barometer,"
714,56,hygrometer,343,,"hygrometer,"
714,125,telescope,715,,"telescope,"
714,128,thermometer,741,,thermometer
716,38,dividing engine,209,,dividing engine
719,147,protractor,560,,protractor
722,125,telescope,715,,telescope
723,96,quadrant,572,,"quadrant,"
723,111,sundial,669,,sundial
725,107,slide rule,626,,slide rule
728,14,backstaff,31,,"back-staff,"
728,96,quadrant,572,,"quadrant,"
728,101,rule,593,,"rule,"
728,123,octant,483,,"octant,"
728,147,protractor,560,,protractor
729,29,compass,152,,compass
730,123,octant,483,,octant
733,29,"compass, magnetic",163,,compass (magnetic)
734,27,circumferentor,133,,"circumferentor,"
734,39,drawing instrument,212,,"drawing instruments,"
734,125,telescope,715,,telescope
735,107,slide rule,626,,slide rule
736,123,octant,483,,octant
737,66,microscope,429,,microscope
738,66,microscope,429,,microscope
741,20,barometer,50,,"barometer,"
741,68,"quadrant, mural",580,,"mural quadrant,"
741,70,micrometer,426,,micrometer
744,29,compass,152,,"compass,"
744,66,microscope,429,,"microscope,"
744,111,sundial,669,,sundial
746,133,pedometer,505,,pedometer
748,105,sextant,615,,sextant
749,15,"balance, coin",36,,coin scales
752,107,slide rule,626,,"slide rule,"
752,144,gauging rod,289,,gauging rod
753,97,"quadrant, cross bow",574,,"bow quadrant,"
753,107,slide rule,626,,"slide rule,"
753,111,sundial,669,,sundial
754,105,sextant,615,,sextant
755,66,microscope,429,,microscope
756,29,compass,152,,"compass,"
756,123,octant,483,,quadrant (Hadley's)
761,63,lens,362,,lenses
762,20,barometer,50,,"barometer,"
762,80,pantograph,499,,pantograph
764,66,microscope,429,,"microscope,"
764,125,telescope,715,,telescope
765,26,chronometer,121,,"chronometer,"
765,123,octant,483,,octant
766,20,barometer,50,,"barometer,"
766,27,circumferentor,133,,"circumferentor,"
766,96,"quadrant, cross bow",574,,"bow quadrant,"
766,105,sextant,615,,sextant
767,66,microscope,429,,microscope
768,5,artificial horizon,21,,"artificial horizon,"
768,105,sextant,615,,"sextant,"
768,127,theodolite,734,,theodolite
770,80,pantograph,499,,pantograph
773,96,quadrant,572,,quadrant
775,105,sextant,615,,"sextant,"
775,107,slide rule,626,,slide rule
778,73,nocturnal,481,,"nocturnal,"
778,155,Gunter's scale,316,,Gunter's scale
779,66,microscope,429,,"microscope,"
779,125,telescope,715,,"telescope,"
779,127,theodolite,734,,"theodolite,"
779,133,surveyor's wheel,698,,waywiser
780,105,sextant,615,,sextant
781,105,sextant,615,,sextant
782,103,hourglass,328,,sandglass
783,29,"compass, magnetic",163,,"compass (magnetic),"
784,41,"sundial, equinoctial ring dial",679,,"equinoctial ring dial,"
784,45,globe,294,,"globe,"
784,101,rule,593,,"rule,"
784,105,sextant,615,,sextant
785,125,telescope,715,,telescope
787,26,chronometer,121,,"chronometer,"
789,208,wheel-cutting engine,780,,wheel-cutting engine
791,123,octant,483,,octant
792,99,microscope lamp,440,,"microscope lamp,"
792,125,telescope,715,,telescope
794,125,telescope,715,,telescope
795,24,camera lucida,102,,camera lucida
795,125,telescope,715,,telescope
798,15,balance,32,,balance
802,27,circumferentor,133,,"circumferentor,"
802,73,nocturnal,481,,nocturnal
803,101,rule,593,,rule
807,85,planetarium,535,,planetarium
811,5,artificial horizon,21,,artificial horizon
812,29,compass,152,,"compass,"
812,30,barometer,50,could be by Wm,[barometer]could be by Wm
814,123,octant,483,,octant
816,105,sextant,615,,"sextant,"
816,125,telescope,715,,telescope
817,32,chondrometer,119,,chondrometer
819,48,magnet,390,,magnet
820,204,navigational equipment,478,,navigational instrument
823,15,balance,32,,balance
824,101,rule,593,,rule
825,80,pantograph,499,,"pantograph,"
825,102,repeating circle,589,,"repeating circle,"
825,105,sextant,615,,"sextant,"
825,135,zenith instrument,790,,zenith instrument
826,15,balance,32,,"balance,"
826,20,barometer,50,,"barometer,"
826,102,repeating circle,589,,"repeating circle,"
826,105,sextant,615,,"sextant,"
826,127,theodolite,734,,"theodolite,"
826,131,transit instrument,759,,transit instruments
827,66,microscope,429,,microscope
828,29,compass,152,,"compass,"
828,123,octant,483,,octant
829,52,gauge,270,,gauge
832,45,globe,294,,globe
833,54,hydrometer,334,,"hydrometer,"
833,85,planetarium,535,,"planetarium,"
833,102,repeating circle,589,,"repeating circle,"
833,105,sextant,615,,"sextant,"
833,107,slide rule,626,,slide rule
834,107,slide rule,626,,slide rule
835,62,ship's log,620,,log
837,107,slide rule,626,,slide rule
838,20,barometer,50,,barometer
840,105,"sextant, pocket",618,,sextant (pocket)
842,20,barometer,50,,barometer
843,20,barometer,50,,barometer
849,128,thermometer,741,,thermometer
853,20,barometer,50,,barometer
855,29,"compass, magnetic",163,,"compass (magnetic),"
855,104,sector,609,,sector
856,133,surveyor's wheel,698,,waywiser
863,107,slide rule,626,,slide rule
865,20,barometer,50,,"barometer,"
865,101,rule,593,,rule
866,20,barometer,50,,barometer
867,92,coin calendar,147,,coin calendar
868,20,barometer,50,,barometer
870,114,spectacles,638,,spectacles
874,20,barometer,50,,"barometer,"
874,103,hourglass,328,,"sandglass,"
874,128,thermometer,741,,thermometer
875,20,barometer,50,,barometer
889,114,spectacles,638,,spectacles
890,114,spectacles,638,,spectacles
894,26,chronometer,121,,chronometer
895,20,barometer,50,,"barometer,"
895,56,hygrometer,343,,hygrometer
896,20,barometer,50,,barometer
897,20,barometer,50,,"barometer,"
897,56,hygrometer,343,,"hygrometer,"
897,115,"level, spirit",377,,"spirit level,"
897,128,thermometer,741,,thermometer
899,20,barometer,50,,"barometer,"
899,56,hygrometer,343,,"hygrometer,"
899,128,thermometer,741,,thermometer
901,20,barometer,50,,barometer
902,20,barometer,50,,"barometer,"
902,111,sundial,669,,"sundial,"
902,128,thermometer,741,,thermometer
904,20,barometer,50,,barometer
905,20,"barometer, aneroid",51,,"aneroid barometer,"
908,20,barometer,50,,barometer
909,20,barometer,50,,"barometer,"
909,128,thermometer,741,,thermometer
910,20,barometer,50,,"barometer,"
910,56,hygrometer,343,,"hygrometer,"
910,128,thermometer,741,,thermometer
911,20,barometer,50,,barometer
914,15,balance,32,,"balance,"
914,20,barometer,50,,"barometer,"
914,54,hydrometer,334,,"hydrometer,"
914,128,thermometer,741,,thermometer
915,15,balance,32,,"balance,"
915,54,hydrometer,334,,hydrometer
917,20,barometer,50,,barometer
918,20,barometer,50,,"barometer,"
918,29,"compass, magnetic",163,,"compass (magnectic),"
918,92,"calendar, perpetual",89,,"perpetual calendar,"
918,133,surveyor's wheel,698,,waywiser
919,29,compass,152,,compass
923,96,quadrant,572,,quadrant
925,73,nocturnal,481,,nocturnal
926,2,alidade,11,,alidade
927,125,telescope,715,,telescope
928,66,microscope,429,,microscope
929,66,microscope,429,,microscope
933,29,"compass, magnetic",163,,compass (magnetic)
934,114,spectacles,638,,spectacles
935,17,binnacle,71,,"binnacles,"
935,26,chronometer,121,,"chronometers,"
938,111,sundial,669,,sundial
942,20,barometer,50,,"barometer,"
942,56,hygrometer,343,,"hygrometer,"
942,115,"level, spirit",377,,"spirit level,"
942,128,thermometer,741,,thermometer
943,20,barometer,50,,barometer
944,66,microscope,429,,microscope
945,45,globe,294,,"globe,"
945,85,planetarium,535,,"planetarium,"
945,111,"sundial, azimuth dial",672,,sundial Azimuth
947,7,"clock, regulator",140,,"astronomical clock,"
947,45,globe,294,,"globe,"
947,111,sundial,669,,sundial
950,20,barometer,50,,"barometer,"
950,56,hygrometer,343,,"hygrometer,"
950,128,thermometer,741,,thermometer
951,66,microscope,429,,"microscope,"
951,128,thermometer,741,,thermometer
952,15,balance,32,,"balance,"
952,20,barometer,50,,"barometer,"
952,167,cometarium,150,,cometarium
957,101,rule,593,Rule signed 'H & D',rule signed 'H & D'
958,52,gauge,270,,"gauge,"
958,101,rule,593,,rule
960,20,barometer,50,,"barometer,"
960,39,drawing instrument,212,,"drawing instruments,"
960,63,lens,362,,lens
962,20,barometer,50,,barometer
969,55,hydrostatic bubble,340,,hydrostatic bubbles
970,128,thermometer,741,,thermometer
972,20,barometer,50,,"barometer,"
972,56,hygrometer,343,,"hygrometer,"
972,115,"level, spirit",377,,"spirit level,"
972,128,thermometer,741,,thermometer
973,20,barometer,50,,"barometer,"
973,56,hygrometer,343,,"hygrometer,"
973,128,thermometer,741,,thermometer
974,125,telescope,715,,telescope
976,111,sundial,669,,sundial
977,7,"clock, regulator",140,,"astronomical clock,"
977,79,"regulator, observatory",588,,observatory regulator
980,66,microscope,429,,microscope
982,20,barometer,50,,"barometer,"
982,128,thermometer,741,,thermometer
983,20,barometer,50,,barometer
986,20,barometer,50,,"barometer,"
986,128,thermometer,741,,thermometer
988,39,drawing instrument,212,,drawing instruments
992,125,telescope,715,,telescope
995,45,globe,294,,globe
996,20,barometer,50,,"barometer,"
996,128,thermometer,741,,thermometer
997,111,sundial,669,,sundial
998,125,telescope,715,,telescope
999,123,octant,483,,octant
1000,15,balance,32,,"balance,"
1000,134,weight,776,,weights
1002,20,barometer,50,,barometer
1006,105,sextant,615,,sextant
1007,107,slide rule,626,,slide rule
1008,107,slide rule,626,,slide rule
1009,20,barometer,50,,barometer
1011,20,barometer,50,,barometer
1012,20,barometer,50,,"barometer,"
1023,20,barometer,50,,"barometer,"
1023,128,thermometer,741,,thermometer
1028,20,barometer,50,,barometer
1041,29,"compass, magnetic",163,,compass (magnetic)
1042,101,rule,593,,rule
1044,29,compass,152,,"compass,"
1044,123,octant,483,,octant
1046,54,hydrometer,334,,hydrometer
1049,101,"rule, folding",594,,folding rule
1055,101,rule,593,,"rule,"
1055,107,slide rule,626,,slide rule
1064,20,barometer,50,,barometer
1067,20,barometer,50,,barometer
1079,20,barometer,50,,barometer
1079,128,thermometer,741,,thermometer
1080,20,barometer,50,,barometer
1080,128,thermometer,741,,thermometer
1084,39,drawing instrument,212,,"drawing instrument,"
1084,114,spectacles,638,,spectacles
1085,114,spectacles,638,,spectacles
1090,128,thermometer,741,,thermometer
1096,27,circumferentor,133,,circumferentor
1105,27,circumferentor,133,,circumferentor
1108,111,sundial,669,,sundial
1109,39,drawing instrument,212,,"drawing instruments,"
1109,111,sundial,669,,sundial
1110,66,microscope,429,,microscope
1111,111,sundial,669,,sundial
1112,20,barometer,50,,barometer
1113,20,barometer,50,,barometer
1115,39,dividers,208,,dividers
1117,101,rule,593,,rule
1118,26,chronometer,121,,chronometer
1121,107,slide rule,626,,slide rule
1127,127,theodolite,734,,theodolite
1128,111,sundial,669,,sundial
1128,128,thermometer,741,,thermometer
1131,101,rule,593,,rule
1132,15,"balance, hydrostatic",39,,hydrostatic balance
1132,56,hygrometer,343,,hygrometer
1134,29,compass,152,,compass
1141,105,octant,483,,octant
1142,104,sector,609,,sector
1142,147,protractor,560,,protractor
1143,101,rule,593,,rule
1146,101,rule,593,,rule
1151,107,slide rule,626,,slide rule
1153,14,backstaff,31,,back-staff
1155,27,circumferentor,133,,"circumferentor,"
1155,29,compass,152,,compass
1156,111,sundial,669,,"sundial,"
1156,123,octant,483,,"octant,"
1156,147,protractor,560,,protractor
1164,29,compass,152,,compass
1167,96,quadrant,572,,quadrant
1169,29,"compass, magnetic",163,,"compass (magnetic),"
1169,107,slide rule,626,,"slide rule,"
1169,111,sundial,669,,sundial
1171,123,octant,483,,octant
1173,27,circumferentor,133,,"circumferentor,"
1173,29,compass,152,,"compass,"
1173,39,drawing instrument,212,,drawing instruments
1174,27,circumferentor,133,,"circumferentor,"
1174,29,compass,152,,"compass,"
1174,111,sundial,669,,sundial
1178,14,backstaff,31,,back-staff
1179,29,compass,152,,"compass,"
1179,94,miner's dial,452,,miner's dial
1182,80,pantograph,499,,"pantograph,"
1185,27,circumferentor,133,,circumferentor
1186,20,barometer,50,,barometer
1187,111,"sundial, ring dial",688,,sundial ring
1188,114,spectacles,638,,spectacles
1191,111,sundial,669,,sundial
1193,107,slide rule,626,,slide rule
1195,128,thermometer,741,,thermometer
1196,20,barometer,50,,barometer
1208,114,spectacles,638,,spectacles
1214,101,slide rule,626,,"slide rule,"
1214,136,"callipers, gunner's",91,,gunner's callipers
1215,66,microscope,429,,microscope
1238,107,slide rule,626,,slide rule
1239,123,octant,483,,"octant,"
1239,125,telescope,715,,telescope
1240,29,compass,152,,"compass,"
1240,107,slide rule,626,,slide rule
1241,15,balance,32,,balance
1242,105,sextant,615,,sextant
1243,27,circumferentor,133,,circumferentor
1244,105,sextant,615,,"sextant,"
1244,123,octant,483,,octant
1245,15,balance,32,,"balance,"
1245,80,pantograph,499,,pantograph
1246,39,drawing instrument,212,,drawing instruments
1247,27,circumferentor,133,,circumferentor
1248,73,nocturnal,481,,nocturnal
1249,14,backstaff,31,,back-staff
1250,14,backstaff,31,,back-staff
1251,96,quadrant,572,,quadrant
1252,101,rule,593,,rule
1253,101,rule,593,,sule
1254,111,sundial,669,,sundial
1255,101,rule,593,,rule
1256,111,sundial,669,,sundial
1257,111,sundial,669,,sundial
1258,111,sundial,669,,sundial
1259,111,"sundial, ring dial",688,,sundial ring
1260,14,backstaff,31,,back-staff
1261,66,microscope,429,,"microscope,"
1261,111,"sundial, compass dial",674,,"compass sundial,"
1262,101,rule,593,,rule
1263,101,rule,593,,rule
1264,111,sundial,669,,sundial
1266,111,sundial,669,,sundial
1269,104,sector,609,,"Sector,"
1270,111,sundial,669,,sundial
1272,101,rule,593,,rule
1275,111,sundial,669,,sundial
1276,45,globe,294,,"globe,"
1276,85,orrery,496,,orrery
1278,101,rule,593,,rule
1279,101,rule,593,,rule
1280,101,rule,593,,rule
1281,101,rule,593,,rule
1283,111,sundial,669,,sundial
1284,111,sundial,669,,sundial
1285,101,rule,593,,rule
1287,101,rule,593,,rule
1288,101,rule,593,,"rule,"
1288,114,spectacles,638,,spectacles
1289,101,rule,593,,rule
1290,111,sundial,669,,sundial
1296,105,sextant,615,,"sextant,"
1296,123,octant,483,,octant
1318,101,rule,593,,rule
1321,20,barometer,50,,barometer
1327,111,sundial,669,,sundial
1328,101,rule,593,,rule
1329,101,rule,593,,rule
1331,111,sundial,669,,sundial
1332,101,rule,593,,rule
1334,111,sundial,669,,sundial
1335,111,sundial,669,,sundial
1336,111,sundial,669,,sundial
1337,103,hourglass,328,,sandglass
1346,107,slide rule,626,,slide rule
1360,79,orrery,496,,orrery
1361,20,barometer,50,,barometer
1363,14,backstaff,31,,back-staff
1364,29,"compass, magnetic",163,,"compass (magnetic),"
1364,111,sundial,669,,sundial
1365,29,compass,152,,compass
1383,125,telescope,715,,telescope
1387,111,"sundial, diptych dial",676,,diptych dial
1388,105,sextant,615,,sextant
1391,123,octant,483,,octant
1395,60,level,370,,level
1396,127,theodolite,734,,theodolite
1401,20,barometer,50,,barometer
1403,133,surveyor's wheel,698,,waywiser
1404,105,sextant,615,,sextant
1405,105,sextant,615,,sextant
1406,20,barometer,50,,"barometer,"
1406,39,drawing instrument,212,,"drawing instruments,"
1406,56,hygrometer,343,,"hygrometer,"
1406,115,"level, spirit",377,,"spirit level,"
1406,128,thermometer,741,,thermometer
1407,104,sector,609,,sector
1408,20,barometer,50,,barometer
1409,111,sundial,669,,sundial
1410,85,planetarium,535,,planetarium
1411,80,pantograph,499,,pantograph
1434,111,sundial,669,,sundial
1436,54,hydrometer,334,,hydrometer
1437,39,drawing instrument,212,,drawing instruments
1440,111,sundial,669,,sundial
1446,66,microscope,429,,microscope
1453,20,barometer,50,,"barometer,"
1453,52,gauge,270,,"gauge,"
1453,54,hydrometer,334,,hydrometer
1455,125,telescope,715,,telescope
1457,123,octant,483,,octant
1458,60,level,370,,"level,"
1458,122,surveyor's staff,696,,surveyor's staff
1460,20,barometer,50,,"barometer,"
1460,128,thermometer,741,,thermometer
1462,20,barometer,50,,barometer
1464,20,barometer,50,,"barometer,"
1464,29,"compass, magnetic prismatic",164,,"compass (magnetic, prismatic),"
1464,32,chondrometer,119,,"chondrometer,"
1464,45,globe,294,,"globe,"
1464,66,microscope,429,,"microscope,"
1464,80,pantograph,499,,"pantograph,"
1464,101,rule,593,,"rule,"
1464,127,theodolite,734,,theodolite
1465,20,barometer,50,,"barometer,"
1465,128,thermometer,741,,thermometer
1466,20,barometer,50,,"barometer,"
1466,128,thermometer,741,,thermometer
1467,111,sundial,669,,sundial
1468,111,sundial,669,,sundial
1469,20,barometer,50,,"barometer,"
1469,128,thermometer,741,,thermometer
1470,20,barometer,50,,"barometer,"
1470,56,hygrometer,343,,"hygrometer,"
1470,128,thermometer,741,,thermometer
1471,20,barometer,50,,barometer
1472,20,barometer,50,,"barometer,"
1472,56,hygrometer,343,,"hygrometer,"
1472,115,"level, spirit",377,,"spirit level,"
1472,128,thermometer,741,,thermometers
1473,20,barometer,50,,"baromete,"
1473,128,thermometer,741,,thermometer
1474,20,barometer,50,,"barometer,"
1474,123,octant,483,,octant
1475,20,barometer,50,,barometer
1476,20,barometer,50,,barometer
1477,20,barometer,50,,barometer
1478,20,barometer,50,,"barometer,"
1478,128,thermometer,741,,thermometer
1479,20,barometer,50,,barometer
1480,56,hygrometer,343,,hygrometer
1481,20,barometer,50,,"barometer,"
1481,29,compass,152,,compass
1482,20,barometer,50,,barometer
1483,20,barometer,50,,"barometer,"
1483,128,thermometer,741,,thermometer
1484,20,barometer,50,,barometer
1485,20,barometer,50,,"barometer,"
1485,128,thermometer,741,,thermometer
1486,66,microscope,429,,"microscope,"
1489,111,"sundial, equinoctial dial",678,,equinoctial dial
1491,20,barometer,50,,barometer
1492,60,level,370,,level
1493,20,barometer,50,,"barometer,"
1493,111,sundial,669,,sundial
1508,111,sundial,669,,sundial
1523,20,barometer,50,,"barometer,"
1523,29,compass,152,,"compass,"
1525,54,hydrometer,334,,hydrometer
1527,20,barometer,50,,barometer
1535,20,barometer,50,,"barometer,"
1535,55,hydrostatic bubble,340,,hydrostatic bubbles;
1535,128,thermometer,741,,thermometer
1536,105,"sextant, surveying",619,,sextant (survey)
1542,134,"weight, coin",777,,weights for coins
1548,66,microscope,429,,microscope
1557,20,barometer,50,,"barometer,"
1557,27,circumferentor,133,,"circumferentor,"
1557,29,"compass, magnetic",163,,compass (magnectic)
1560,123,octant,483,,octant
1561,1,air pump,8,,"air pump,"
1561,4,armillary sphere,20,,"armillary sphere,"
1561,45,globe,294,,"globe,"
1561,66,microscope,429,,"microscope,"
1561,111,sundial,669,,sundial
1562,125,telescope,715,,telescope
1563,60,level,370,,level
1566,20,barometer,50,,"barometer,"
1566,128,thermometer,741,,thermometer
1571,101,rule,593,,"rule,"
1571,107,slide rule,626,,slide rule
1577,20,barometer,50,,barometer
1578,111,sundial,669,,sundial
1580,111,sundial,669,,sundial
1581,105,sextant,615,,"sextant,"
1581,123,octant,483,,octant
1584,28,clinometer,135,,"clinometer,"
1584,54,hydrometer,334,,"hydrometer,"
1584,105,sextant,615,,"sextant,"
1584,111,sundial,669,,sundial
1590,15,balance,32,,balance
1591,111,sundial,669,,"sundial,"
1598,20,barometer,50,,"barometer,"
1598,54,hydrometer,334,,"hydrometer,"
1598,66,microscope,429,,microscope
1599,54,hydrometer,334,,hydrometer
1601,7,"clock, regulator",140,,astronomical clock
1602,55,hydrostatic bubble,340,,hydrostatic bubbles
1603,20,barometer,50,,barometer
1604,20,barometer,50,,"barometer,"
1604,128,thermometer,741,,thermometer
1611,111,sundial,669,,sundial
1612,20,barometer,50,,"barometer,"
1612,56,hygrometer,343,,"hygrometer,"
1612,115,"level, spirit",377,,"spirit level,"
1612,128,thermometer,741,,thermometer
1616,20,barometer,50,,"barometer,"
1616,128,thermometer,741,,thermometer
1617,20,barometer,50,,barometer
1618,20,barometer,50,,"barometer,"
1618,128,thermometer,741,,thermometer
1619,20,barometer,50,,"barometer,"
1619,60,"level, surveyor's",378,,"level, surveyors"
1619,74,miner's dial,452,,"miner's dial,"
1619,123,octant,483,,"octant,"
1619,128,thermometer,741,,thermometer
1621,20,barometer,50,,"barometer,"
1621,128,thermometer,741,,thermometer
1622,20,barometer,50,,barometer
1623,20,barometer,50,,"barometer,"
1623,128,thermometer,741,,thermometer
1624,20,barometer,50,,"barometer,"
1624,56,hygrometer,343,,"hygrometer,"
1624,115,"level, spirit",377,,"spirit level,"
1624,128,thermometer,741,,thermometer
1625,15,balance,32,,"balance,"
1625,29,compass,152,,"compass,"
1625,45,globe,294,,"globe,"
1625,66,microscope,429,,microscope
1626,111,sundial,669,,sundial
1627,20,barometer,50,,"barometer,"
1627,56,hygrometer,343,,hygrometer
1628,20,barometer,50,,barometer
1629,20,barometer,50,,barometer
1630,20,barometer,50,,barometer
1631,20,barometer,50,,barometer
1632,20,barometer,50,,barometer
1633,20,barometer,50,,"barometer,"
1633,29,"compass, magnetic",163,,"compass (magnetic),"
1633,128,thermometer,741,,thermometer
1634,20,barometer,50,,barometer
1635,20,barometer,50,,"Barometer,"
1637,128,thermometer,741,,"Thermometer,"
1638,20,barometer,50,,barometer
1639,108,parallel rule,502,,parallel rule
1640,20,barometer,50,,barometer
1641,20,barometer,50,,barometer
1642,20,barometer,50,,"barometer,"
1642,56,hygrometer,343,,"hygrometer,"
1642,115,"level, spirit",377,,"spirit level,"
1642,128,thermometer,741,,thermometer
1643,20,barometer,50,,"Barometer,"
1644,20,barometer,50,,"barometer,"
1644,56,hygrometer,343,,"hygrometer,"
1644,115,"level, spirit",377,,"spirit level,"
1644,128,thermometer,741,,thermometer
1645,20,barometer,50,,"barometer,"
1645,128,thermometer,741,,thermometer
1646,20,barometer,50,,"barometer,"
1646,128,thermometer,741,,thermometer
1647,20,barometer,50,,"barometer,"
1647,128,thermometer,741,,thermometer
1648,20,barometer,50,,"barometer,"
1648,56,hygrometer,343,,"hygrometer,"
1648,115,"level, spirit",377,,"spirit level,"
1648,128,thermometer,741,,thermometer
1649,66,microscope,429,,microscope
1650,20,barometer,50,,"barometer,"
1650,56,hygrometer,343,,"hygrometer,"
1650,128,thermometer,741,,thermometer
1652,20,barometer,50,,"barometer,"
1652,128,thermometer,741,,thermometer
1653,20,barometer,50,,barometer
1654,105,sextant,615,,sextant
1655,20,barometer,50,,barometer
1656,20,barometer,50,,barometer
1657,20,barometer,50,,"barometer,"
1657,56,hygrometer,343,,"hygrometer,"
1657,115,level,370,,"level,"
1657,128,thermometer,741,,thermometer
1658,20,barometer,50,,barometer
1659,20,barometer,50,,barometer
1660,20,barometer,50,,"barometer,"
1660,128,thermometer,741,,thermometer
1661,20,barometer,50,,"barometer,"
1661,128,thermometer,741,,thermometer
1663,45,globe,294,,globe
1664,45,globe,294,,globe
1665,111,sundial,669,,sundial
1666,111,"sundial, ring dial",688,,sundial (ring dial)
1667,56,hygrometer,343,,hygrometer
1668,7,"clock, regulator",140,,astronomical clock
1669,125,telescope,715,,telescope
1672,7,"clock, regulator",140,,astronomical clock
1673,101,rule,593,,rule
1674,7,"clock, regulator",140,,"astronomical clock,"
1674,20,barometer,50,,barometer
1675,7,"clock, regulator",140,,astronomical clock
1676,7,"clock, regulator",140,,"astronomical clock,"
1676,26,chronometer,121,,chronometer
1677,7,"clock, regulator",140,,astronomical clock
1678,14,backstaff,31,,back-staff
1682,147,protractor,560,,protractor
1683,85,planetarium,535,,planetarium
1684,7,"clock, regulator",140,,astronomical clock
1715,20,barometer,50,,"barometer,"
1716,20,barometer,50,,"barometer,"
1716,28,clinometer,135,,"clinometer,"
1716,29,"compass, magnetic",163,,"compass (magnetic),"
1716,123,octant,483,,"octant,"
1718,15,balance,32,,"balance,"
1718,20,barometer,50,,"barometer,"
1718,60,level,370,,"level,"
1718,66,microscope,429,,"microscope,"
1718,125,telescope,715,,"telescope,"
1718,127,theodolite,734,,"theodolite,"
1723,175,steelyard,658,,steelyard
1724,175,steelyard,658,,steelyard
1725,15,balance,32,,"balance,"
1725,134,weight,776,,weights
1726,15,balance,32,,balance
1727,15,balance,32,,balance
1729,15,balance,32,,"balance,"
1729,134,weight,776,,weights
1730,15,balance,32,,balance
1732,134,weight,776,,weights
1733,15,balance,32,,balance
1734,15,balance,32,,balance
1735,15,balance,32,,"balance,"
1735,134,weight,776,,weights
1736,15,balance,32,,balance
1737,15,balance,32,,balance
1740,15,balance,32,,balance
1742,15,balance,32,,balance
1744,15,balance,32,,balance
1745,15,balance,32,,balance
1749,15,balance,32,,balance
1750,15,balance,32,,balance
1751,15,balance,32,,balance
1752,15,balance,32,,balance
1753,15,balance,32,,balance
1754,15,balance,32,,balance
1756,15,balance,32,,balance
1758,15,balance,32,,"balance,"
1758,101,rule,593,,rule
1760,15,balance,32,,balance
1761,15,balance,32,,balance
1762,134,weight,776,,weights
1769,15,balance,32,,balance
1772,15,balance,32,,balance
1777,134,weight,776,,"Weights,"
1778,134,weight,776,,weights
1780,134,weight,776,,weights
1782,15,balance,32,,balance
1784,134,weight,776,,weights
1785,15,balance,32,,balance
1786,134,weight,776,,weights
1787,15,balance,32,,balance
1788,111,sundial,669,,"sundial,"
1788,134,weight,776,,weights
1789,15,balance,32,,balance
1790,134,weight,776,,weights
1792,15,balance,32,,balance
1793,15,balance,32,,balance
1793,134,weight,776,,weights
1794,134,weight,776,,weights
1795,15,balance,32,,balance
1796,134,weight,776,,weights
1797,134,weight,776,,weights
1801,15,balance,32,,balance
1803,15,balance,32,,balance
1804,15,balance,32,,balance
1805,15,balance,32,,balance
1807,15,balance,32,,balance
1808,134,weight,776,,weights
1810,15,balance,32,,balance
1821,15,balance,32,,balance
1822,15,balance,32,,balance
1823,15,balance,32,,balance
1827,15,balance,32,,scales
1828,15,balance,32,,balance
1830,15,balance,32,,balance
1832,175,steelyard,658,,steelyard
1833,134,weight,776,,weights
1834,134,weight,776,,weights
1835,134,weight,776,,weights
1836,175,steelyard,658,,steelyard
1838,134,weight,776,,weights
1840,134,weight,776,,"Weights,"
1841,134,weight,776,,weights
1850,70,micrometer,426,,micrometer
1851,105,sextant,615,,sextant
1853,125,telescope,715,,telescope
1868,15,balance,32,,"balance,"
1868,20,barometer,50,,"barometer,"
1868,56,hygrometer,343,,"hygrometer,"
1868,128,thermometer,741,,"thermometer,"
1868,146,electrometer,233,,"electrometer,"
1868,163,mechanical apparatus,418,,mechanical apparatus
1874,123,octant,483,,octant
1884,125,telescope,715,,telescope
1903,15,balance,32,,balance
1905,15,balance,32,,balance
1907,104,sector,609,,sector
1914,54,hydrometer,334,,hydrometer
1922,147,protractor,560,,protractor
1926,45,globe,294,,"globe,"
1926,66,microscope,429,,"microscope,"
1926,111,sundial,669,,sundial
1948,66,microscope,429,,"microscope,"
1948,125,telescope,715,,telescope
1951,101,rule,593,,rule
1953,169,gunner's mouthpiece,311,,gunner's mouthpiece
1957,66,microscope,429,,microscope
1958,66,microscope,429,,microscope
1959,66,microscope,429,,microscope
1974,92,volvelle,766,,volvelle
1975,39,drawing instrument,212,,drawing instruments
1976,133,surveyor's wheel,698,,waywiser
1979,20,barometer,50,,"barometer,"
1979,56,hygrometer,343,,"hygrometer,"
1979,115,"level, spirit",377,,"spirit level,"
1979,128,thermometer,741,,thermometer
1986,15,balance,32,,balance
1992,125,telescope,715,,telescope
1995,20,barometer,50,,"barometer,"
1995,26,chronometer,121,,chronometer
1997,20,barometer,50,,barometer
2000,20,barometer,50,,"barometer,"
2000,27,circumferentor,133,,"circumferntor,"
2000,28,clinometer,135,,"clinometer,"
2000,54,hydrometer,334,,"hydrometer,"
2000,60,level,370,,"level,"
2000,74,miner's dial,452,,"miner's dial,"
2000,80,pantograph,499,,"pantograph,"
2000,105,sextant,615,,"sextant,"
2000,114,spectacles,638,,"spectacles,"
2000,123,octant,483,,"octant,"
2003,15,balance,32,,scales
2007,111,sundial,669,,"sundial,"
2011,15,balance,32,,balance
2016,29,"compass, magnetic",163,,"compass (magnetic),"
2016,105,sextant,615,,"sextant,"
2016,123,octant,483,,"octant,"
2017,28,clinometer,135,,"clinometer,"
2028,59,kaleidoscope,351,,"kaleidoscope,"
2028,66,microscope,429,,"microscope & accessories,"
2028,66,microscope accessory,439,,"microscope & accessories,"
2030,125,telescope,715,,telescope
2032,20,barometer,50,,barometer
2033,20,barometer,50,,barometer
2034,125,telescope,715,,"telescope,"
2040,107,slide rule,626,,slide rule
2041,32,chondrometer,119,,chondrometer
2046,29,"compass, magnetic",163,,compass (magnetic)
2046,123,octant,483,,octant
2048,66,microscope,429,,"microscope,"
2048,125,telescope,715,,telescope
2062,66,microscope,429,,"microscope,"
2062,105,sextant,615,,sextant
2072,20,barometer,50,,"Barometer,"
2081,45,globe,294,,globe
2084,66,microscope,429,,microscope
2085,178,course corrector,185,,course corrector
2086,108,parallel rule,502,,"parallel rule,"
2092,20,barometer,50,,"barometer,"
2092,26,chronometer,121,,"chronometer,"
2092,115,"level, spirit",377,,"spirit level,"
2092,128,thermometer,741,,thermometer
2096,125,telescope,715,,telescope
2114,66,microscope,429,,"microscope,"
2114,79,orrery,496,,"orrery,"
2114,125,telescope,715,,telescope
2115,26,chronometer,121,,chronometer
2116,26,chronometer,121,,chronometer
2127,52,gauge,270,,gauge
2137,20,sympiesometer,700,,"sympiesometer,"
2137,101,rule,593,,"rule,"
2141,66,microscope,429,,microscope
2150,128,thermometer,741,,thermometer
2164,111,sundial,669,,sundial
2168,20,barometer,50,,"barometer,"
2168,38,dividing engine,209,,"dividing engine,"
2168,128,thermometer,741,,thermometer
2170,29,compass,152,,compass
2171,20,barometer,50,,"barometer,"
2171,56,hygrometer,343,,"hygrometer,"
2171,115,"level, spirit",377,,"spirit level,"
2171,128,thermometer,741,,thermometer
2172,20,barometer,50,,"barometer,"
2172,56,hygrometer,343,,"hygrometer,"
2172,128,thermometer,741,,"thermometer,"
2177,29,"compass, magnetic",163,,"compass (magnetic),"
2177,66,microscope,429,,microscope
2179,105,sextant,615,,sextant
2181,115,"level, spirit",377,,spirit level
2184,20,barometer,50,,barometer
2196,20,"barometer, stick",63,,"barometer, stick"
2196,128,thermometer,741,,thermometer
2201,26,chronometer,121,,chronometers
2204,1,air pump,8,,"air pump,"
2204,3,anemometer,17,,"anemometer,"
2204,20,barometer,50,,"barometer,"
2204,125,telescope,715,,"telescope,"
2204,128,thermometer,741,,"thermometer,"
2204,143,galvanic apparatus,264,,"galvanic apparatus,"
2204,183,blowpipe,75,,blow pipe
2207,45,globe,294,,globe
2209,45,globe,294,,"globe,"
2209,123,octant,483,,"octant,"
2209,125,telescope,715,,telescope
2212,20,barometer,50,,"barometer,"
2212,128,thermometer,741,,thermometer
2213,20,barometer,50,,barometer
2216,105,sextant,615,,sextant
2222,105,sextant,615,,sextant
2227,20,barometer,50,,barometer
2232,29,compass,152,,compass
2235,111,sundial,669,,"sundial,"
2235,128,thermometer,741,,thermometer
2240,20,barometer,50,,barometer
2241,20,barometer,50,,"barometer,"
2241,66,microscope,429,,"microscope,"
2248,147,protractor,560,,protractor
2256,15,balance,32,,"balance,"
2256,20,barometer,50,,"barometer,"
2256,36,dip circle,202,,"dip circle,"
2256,131,transit instrument,759,,transit instruments
2259,20,barometer,50,,"barometer,"
2259,63,lens,362,,lens
2259,1,air pump,8,,air pump
2259,66,microscope,429,,microscope
2259,99,microscope accessory,439,,microscope accessories
2259,125,telescope,715,,telescope
2259,139,photography equipment,524,,photographic apparatus
2268,15,balance,32,,"balance,"
2268,20,barometer,50,,"barometer,"
2268,29,"compass, magnetic",163,,"compass magnetic,"
2268,37,gyroscope,319,,"gyroscope,"
2268,54,hydrometer,334,,"hydrometer,"
2268,66,microscope,429,,"microscope,"
2268,110,"camera, stereoscopic",99,,"stereoscopic camera,"
2268,118,galvanometer,266,,"galvanometer,"
2268,125,telescope,715,,"telescope,"
2270,45,globe,294,,globe
2273,111,"sundial, compass dial",674,,"compass-sundial,"
2273,128,thermometer,741,,thermometer
2274,20,barometer,50,,barometer
2275,45,globe,294,,globe
2279,15,balance,32,,balance
2285,60,"level, surveyor's",378,,surveyor's level
2293,20,barometer,50,,"barometer,"
2293,128,thermometer,741,,thermometer
2294,20,barometer,50,,"barometer,"
2294,128,thermometer,741,,thermometer
2305,52,gauge,270,,"gauge,"
2305,101,rule,593,,rule
2306,20,barometer,50,,"barometer,"
2306,29,"compass, magnetic",163,,"compass (magnetic),"
2306,101,rule,593,,"rule,"
2306,105,sextant,615,,"sextant,"
2306,127,theodolite,734,,"theodolite,"
2306,128,thermometer,741,,"thermometer,"
2306,131,transit instrument,759,,transit instruments
2311,15,"balance, hydrostatic",39,,"hydro balance,"
2311,66,microscope,429,,"microscope,"
2316,125,telescope,715,,telescope
2326,24,camera lucida,102,,"camera lucida,"
2326,66,microscope,429,,"microscope,"
2326,80,pantograph,499,,pantograph
2335,5,artificial horizon,21,,"artificial horizon,"
2335,123,octant,483,,octant
2340,105,sextant,615,,"sextant,"
2340,125,telescope,715,,"telescope,"
2340,127,theodolite,734,,theodolite
2341,80,pantograph,499,,pantograph
2344,60,level,370,,"level,"
2344,127,theodolite,734,,"theodolite,"
2345,15,balance,32,,balance
2346,15,balance,32,,balance
2347,15,"balance, coin",36,,coin balance
2349,15,balance,32,,balance
2352,15,balance,32,,balance
2353,134,weight,776,,weights
2354,15,balance,32,,balance
2356,15,balance,32,,balance
2357,15,balance,32,,balance
2361,15,balance,32,,balance
2362,134,weight,776,,weights
2363,15,balance,32,,balance
2364,134,weight,776,,weights
2365,15,balance,32,,balance
2366,15,balance,32,,balance
2368,15,balance,32,,"balance,"
2368,134,weight,776,,weights
2369,134,"weight, coin",777,,weights (coins)
2370,15,balance,32,,"balance,"
2370,134,weight,776,,weights
2373,15,balance,32,,"balance,"
2373,134,weight,776,,weights
2375,15,balance,32,,"balance,"
2375,134,weight,776,,weights
2378,15,balance,32,,scales
2383,15,balance,32,,balance
2384,15,balance,32,,balance
2385,15,balance,32,,balance
2389,15,balance,32,,balance
2390,15,balance,32,,"Balance,"
2391,15,balance,32,,balance
2393,15,balance,32,,balance
2395,15,balance,32,,balance
2396,15,balance,32,,balance
2397,15,balance,32,,balance
2398,15,balance,32,,balance
2399,134,weight,776,,weights
2400,15,balance,32,,balance
2403,15,balance,32,,balance
2405,15,balance,32,,balance
2407,134,weight,776,,weights
2408,7,"clock, regulator",140,,"astronomical clock,"
2408,15,balance,32,,balance
2409,134,weight,776,,weights
2411,15,balance,32,,"balance,"
2411,134,weight,776,,weights
2413,15,balance,32,,balance
2414,15,balance,32,,"balance,"
2414,20,barometer,50,,barometer
2415,15,balance,32,,balance
2416,15,balance,32,,balance
2417,15,balance,32,,balance
2420,15,balance,32,,balance
2425,15,balance,32,,balance
2428,15,balance,32,,balance
2433,15,balance,32,,balance
2435,134,weight,776,,weights
2436,134,weight,776,,weights
2440,15,balance,32,,balance
2441,15,balance,32,,balance
2442,15,balance,32,,balance
2444,134,weight,776,,weights
2445,134,weight,776,,"Weights,"
2446,134,weight,776,,weights
2451,15,balance,32,,balance
2454,134,weight,776,,weights
2456,20,barometer,50,,barometer
2457,15,balance,32,,balance
2458,15,"balance, coin",36,,coin balance
2459,15,balance,32,,balance
2460,15,balance,32,,balance
2461,134,weight,776,,weights
2464,15,balance,32,,balance
2466,15,balance,32,,balance
2467,15,balance,32,,"balance,"
2467,134,weight,776,,Weights
2469,15,balance,32,,balance
2470,15,balance,32,,balance
2473,15,balance,32,,balance
2474,15,balance,32,,balance
2475,15,balance,32,,balance
2477,15,balance,32,,balance
2478,15,balance,32,,balance
2479,15,balance,32,,balance
2481,15,balance,32,,"balance,"
2481,134,weight,776,,weights
2482,15,balance,32,,balance
2484,15,balance,32,,balance
2487,15,balance,32,,balance
2490,15,balance,32,,balance
2491,15,balance,32,,balance
2493,15,balance,32,,balance
2494,15,balance,32,,"balance,"
2494,134,weight,776,,weights
2495,15,balance,32,,"balance,"
2495,20,barometer,50,,barometer
2498,15,balance,32,,balance
2499,134,weight,776,,weights
2500,15,balance,32,,balance
2538,15,balance,32,,balance
2540,20,sympiesometer,700,,"sympiesometer,"
2540,80,pantograph,499,,"pantograph,"
2540,105,sextant,615,,sextant
2549,15,balance,32,,"balance,"
2549,134,weight,776,,weights
2551,15,balance,32,,balance
2553,15,balance,32,,balance
2554,15,balance,32,,balance
2556,15,balance,32,,"balance,"
2556,134,weight,776,,weights
2557,15,balance,32,,balance
2558,15,balance,32,,balance
2562,15,balance,32,,balance
2563,15,balance,32,,balance
2564,15,balance,32,,balance
2565,15,balance,32,,scales
2566,134,weight,776,,weights
2568,15,balance,32,,balance
2572,15,balance,32,,balance
2573,15,balance,32,,balance
2574,15,balance,32,,balance
2575,134,weight,776,,weights
2576,15,balance,32,,"balance,"
2576,134,weight,776,,weights
2577,15,balance,32,,"balance,"
2577,134,weight,776,,weights
2578,15,balance,32,,balance
2581,134,weight,776,,weights
2582,15,balance,32,,balance
2583,15,balance,32,,"balance,"
2583,134,weight,776,,weights
2584,15,balance,32,,balance
2585,105,sextant,615,,"sextant,"
2585,125,telescope,715,,telescope
2586,15,balance,32,,"balance,"
2586,134,weight,776,,weights
2589,134,weight,776,,weights
2590,15,balance,32,,balance
2591,15,balance,32,,balance
2592,15,balance,32,,"balance,"
2592,175,steelyard,658,,steelyard
2593,15,balance,32,,balance
2595,15,balance,32,,balance
2596,15,balance,32,,balance
2599,15,balance,32,,"balance,"
2599,134,weight,776,,weights
2601,143,mariner's journalet,403,,mariner's journalet
2602,39,drawing instrument,212,,"drawing instruments,"
2602,66,microscope,429,,"microscope,"
2602,111,sundial,669,,"sundial,"
2602,125,telescope,715,,telescope
2603,45,globe,294,,globe
2604,20,barometer,50,,barometer
2608,107,slide rule,626,,slide rule
2610,5,artificial horizon,21,,"artificial horizon,"
2610,20,barometer,50,,"barometer,"
2610,29,"compass, magnetic",163,,"compass (magnetic),"
2610,39,drawing instrument,212,,"drawing instruments,"
2610,66,microscope,429,,"microscope,"
2610,101,rule,593,,"rule,"
2610,105,sextant,615,,"sextant,"
2610,125,telescope,715,,"telescope,"
2610,128,thermometer,741,,thermometer
2612,54,hydrometer,334,,hydrometer
2618,66,microscope,429,,microscope
2619,66,microscope,429,,"microscope,"
2619,105,sextant,615,,"sextant,"
2619,133,surveyor's wheel,698,,waywiser
2626,105,octant,483,,octant
2627,20,barometer,50,,barometer
2628,123,octant,483,,octant
2629,123,octant,483,,octant
2632,5,artificial horizon,21,,"artifical horizon,"
2632,20,barometer,50,,"barometer,"
2632,39,drawing instrument,212,,"drawing instruments,"
2632,125,telescope,715,,telescope
2633,1,air pump,8,,"air pump,"
2633,20,barometer,50,,"barometer,"
2633,42,electrostatic generator,237,,"electrostatic generator,"
2633,85,planetarium,535,,planetarium
2634,15,balance,32,,"balance,"
2634,20,barometer,50,,"barometer,"
2634,56,hygrometer,343,,"hygrometer,"
2634,60,level,370,,"level,"
2634,105,sextant,615,,"sextant,"
2634,128,thermometer,741,,thermometer
2637,128,thermometer,741,,thermometer
2638,20,barometer,50,,barometer
2640,111,sundial,669,,sundial
2646,54,hydrometer,334,,hydrometer
2659,20,barometer,50,,"barometer,"
2659,128,thermometer,741,,thermometer
2663,20,barometer,50,,"barometer,"
2663,128,thermometer,741,,thermometer
2681,104,sector,609,,"Sector,"
2682,125,telescope,715,,telescope
2684,45,globe,294,,globe
2685,133,surveyor's wheel,698,,waywiser
2686,45,globe,294,,globe
2688,105,sextant,615,,sextant
2696,123,octant,483,,octant
2703,20,barometer,50,,"Barometer,"
2704,20,barometer,50,,"Barometer,"
2708,15,balance,32,,balance
2709,66,microscope,429,,"microscope,"
2710,20,barometer,50,,"barometer,"
2710,56,hygrometer,343,,"hygrometer,"
2710,128,thermometer,741,,thermometer
2729,39,drawing instrument,212,,drawing instruments
2744,66,microscope,429,,microscope
2745,123,octant,483,,octants
2748,39,drawing instrument,212,,"drawing instruments,"
2748,111,sundial,669,,sundial
2749,20,barometer,50,,"barometer,"
2749,55,hydrostatic bubble,340,,hydrostatic bubbles
2757,29,compass,152,,compass
2760,105,sextant,615,,sextant
2763,15,balance,32,,"balance,"
2763,20,barometer,50,,"barometer,"
2763,66,microscope,429,,"microscope,"
2763,134,weight,776,,weights
2765,20,barometer,50,,"barometer,"
2765,56,hygrometer,343,,"hygrometer,"
2765,128,thermometer,741,,thermometer
2766,20,barometer,50,,barometer
2767,123,octant,483,,"octant,"
2767,125,telescope,715,,"telescope,"
2767,127,theodolite,734,,theodolite
2768,29,compass,152,,"compass,"
2768,60,level,370,,level
2774,80,pantograph,499,,"pantograph,"
2774,125,telescope,715,,telescope
2775,29,compass,152,,compass
2780,80,pantograph,499,,pantograph
2781,105,sextant,615,,sextant
2782,29,"compass, magnetic",163,,"compass (magnetic),"
2782,178,course corrector,185,,course corrector
2791,123,octant,483,,octant
2794,15,balance,32,,"balance,"
2794,134,weight,776,,weights
2803,123,octant,483,,octant
2809,20,barometer,50,,"barometer,"
2810,20,barometer,50,,"Barometer,"
2816,20,barometer,50,,"barometer,"
2816,125,telescope,715,,"telescope,"
2816,66,microscope,429,,microscope
2818,20,barometer,50,,"Barometer,"
2821,123,octant,483,,octant
2824,111,sundial,669,,sundial
2825,42,electrical machine,221,,"electrical machine,"
2832,20,barometer,50,,barometer
2833,20,barometer,50,,"barometer,"
2834,60,level,370,,"level,"
2834,66,microscope,429,,"microscope,"
2834,80,pantograph,499,,"pantograph,"
2834,125,telescope,715,,telescope
2835,114,spectacles,638,,"spectacles,"
2838,66,microscope,429,,"microscope,"
2838,111,sundial,669,,sundial
2839,101,rule,593,,"rule,"
2840,101,rule,593,,rule
2841,20,barometer,50,,"barometer,"
2841,27,circumferentor,133,,"circumferntor,"
2841,105,sextant,615,,"sextant,"
2841,125,telescope,715,,"telescope,"
2841,146,electrometer,233,,electrometer
2843,66,microscope,429,,microscope
2848,101,rule,593,,rule
2849,101,rule,593,,rule
2853,20,barometer,50,,"barometer,"
2853,78,opera glasses,485,,"opera glasses,"
2853,114,spectacles,638,,spectacles
2857,111,sundial,669,,sundial
2865,20,barometer,50,,barometer
2874,15,balance,32,,balance
2878,66,microscope,429,,microscope
2880,3,anemometer,17,,"anemometer,"
2880,29,compass,152,,"compass,"
2880,66,microscope,429,,"microscope,"
2880,74,miner's dial,452,,"miner's dial,"
2880,127,theodolite,734,,theodolite
2882,15,balance,32,,balance
2883,20,barometer,50,,barometer
2885,147,protractor,560,,"protractor,"
2885,148,pyrometer,570,,pyrometer
2890,66,microscope,429,,microscope
2891,20,barometer,50,,"barometer,"
2897,66,microscope,429,,microscope
2902,20,barometer,50,,barometer
2903,20,barometer,50,,"barometer,"
2903,128,thermometer,741,,thermometer
2912,107,slide rule,626,,slide rule
2914,66,microscope,429,,microscope
2936,26,chronometer,121,,chronometer
2939,26,chronometer,121,,"chronometer,"
2939,55,hydrostatic bubble,340,,hydrostatic bubbles
2942,43,ellipsograph,239,,ellipsograph
2954,15,balance,32,,"balance,"
2954,52,odontograph,484,,"odontograph,"
2954,107,slide rule,626,,slide rule
2961,97,"quadrant, horary",579,,horary quadrant
2963,26,chronometer,121,,chronometer
2965,26,chronometer,121,,chronometer
2966,20,barometer,50,,barometer
2973,20,barometer,50,,barometer
2975,66,microscope,429,,"microscope,"
2975,125,telescope,715,,telescope
2976,105,sextant,615,,sextant
2977,26,chronometer,121,,chronometer
2992,29,miner's dial,452,,miner's dial
2993,20,barometer,50,,"barometer,"
2993,105,sextant,615,,"sextant,"
2993,127,theodolite,734,,theodolite
2997,66,microscope,429,,"microscope,"
2997,125,telescope,715,,telescope
3000,15,balance,32,,balance
3007,114,spectacles,638,,"spectacles,"
3007,63,lens,362,,"lens,"
3017,15,balance,32,,"balance,"
3017,134,weight,776,,weights
3020,15,balance,32,,"balance,"
3020,134,weight,776,,weights
3021,20,barometer,50,,"barometer,"
3021,128,thermometer,741,,thermometer
3026,20,barometer,50,,"barometer,"
3026,26,chronometer,121,,"chronometers,"
3026,128,thermometer,741,,thermometer
3028,20,barometer,50,,barometer
3038,20,barometer,50,,"barometer,"
3038,128,thermometer,741,,thermomter
3046,20,barometer,50,,barometer
3049,45,globe,294,,"globe,"
3049,104,sector,609,,sector
3050,20,barometer,50,,"barometer,"
3050,128,thermometer,741,,thermometer
3058,107,slide rule,626,,slide rule
3062,125,telescope,715,,telescope
3063,111,sundial,669,,sundial
3068,20,barometer,50,,"barometer,"
3068,55,hydrostatic bubble,340,,"hydrostatic bubbles,"
3068,128,thermometer,741,,thermometer
3072,104,sector,609,,"sector,"
3076,27,circumferentor,133,,"circumferentor,"
3076,39,drawing instrument,212,,"drawing inst,"
3076,111,sundial,669,,sundial
3077,20,barometer,50,,"barometer,"
3077,56,hygrometer,343,,"hygrometer,"
3077,128,thermometer,741,,thermometer
3085,20,barometer,50,,"barometer,"
3085,128,thermometer,741,,thermometer
3093,15,"balance, chemical",35,,"chemical balance,"
3093,52,"gauge, depth",273,,"depth gauge,"
3093,54,hydrometer,334,,hydrometer
3094,20,barometer,50,,barometer
3096,15,balance,32,,scales
3110,15,balance,32,,balance
3111,26,chronometer,121,,chronometers
3114,55,hydrostatic bubble,340,,hydrostatic bubbles
3115,20,barometer,50,,"barometer,"
3115,125,telescope,715,,"telescope,"
3115,128,thermometer,741,,themometer
3117,66,microscope,429,,microscope
3125,15,balance,32,,"balance,"
3125,134,weight,776,,weights
3131,125,telescope,715,,telescope
3141,20,barometer,50,,barometer
3142,20,barometer,50,,"barometer,"
3142,125,telescope,715,,telescope
3143,20,barometer,50,,barometer
3152,20,barometer,50,,barometer
3161,123,octant,483,,octant
3168,20,sympiesometer,700,,sympiesometer
3170,45,globe,294,,globe
3175,107,slide rule,626,,slide rule
3176,55,hydrostatic bubble,340,,hydrostatic bubbles
3178,42,electrostatic generator,237,,"electrostatic generator,"
3178,45,globe,294,,globe
3181,105,sextant,615,,sextant
3187,20,barometer,50,,barometer
3192,20,barometer,50,,barometer
3197,15,balance,32,,balance
3197,134,weight,776,,weights
3210,20,barometer,50,,barometer
3218,66,microscope,429,,"microscope,"
3218,125,telescope,715,,telescope
3219,20,barometer,50,,"barometer,"
3219,123,octant,483,,"octant,"
3222,20,barometer,50,,barometer
3248,60,level,370,,"level,"
3248,101,rule,593,,rule
3252,20,barometer,50,,"barometer,"
3252,56,hygrometer,343,,"hygrometer,"
3252,105,sextant,615,,"sextant,"
3252,115,"level, spirit",377,,"spirit level,"
3252,128,thermometer,741,,thermometer
3257,26,chronometer,121,,chronometer
3269,29,"compass, magnetic",163,,"compass (magnetic),"
3269,36,dip circle,202,,"dip circles,"
3269,127,theodolite,734,,theodolite
3281,20,barometer,50,,"barometer,"
3281,56,hygrometer,343,,"hygrometer,"
3281,128,thermometer,741,,thermometer
3282,20,barometer,50,,barometer
3294,20,barometer,50,,"barometer,"
3294,29,"compass, magnetic",163,,"compass (magnetic),"
3294,105,sextant,615,,"sextant,"
3294,128,thermometer,741,,thermometer
3295,26,chronometer,121,,chronometers
3300,26,chronometer,121,,chronometer
3310,85,planetarium,535,,planetarium
3315,125,telescope,715,,telescope
3324,60,"level, drainage",373,,drainage level
3325,28,chronometer,121,,chronometer
3326,66,microscope,429,,microscope
3328,26,chronometer,121,,"chronometers,"
3331,26,chronometer,121,,chronometer
3340,26,chronometer,121,,chronometer
3344,133,pedometer,505,,pedometer
3345,20,barometer,50,,barometer
3349,111,sundial,669,,sundial
3350,23,callipers,90,,callipers
3351,55,hydrostatic bubble,340,,hydrostatic bubbles
3352,20,barometer,50,,"barometer,"
3352,128,thermometer,741,,thermometer
3353,20,barometer,50,,barometer
3354,20,barometer,50,,barometer
3355,20,barometer,50,,barometer
3358,20,barometer,50,,"barometer,"
3365,20,barometer,50,,"barometer,"
3366,20,barometer,50,,barometer
3397,101,rule,593,,rule
3405,105,sextant,615,,"sextant,"
3405,123,octant,483,,"octant,"
3405,125,telescope,715,,telescope
3406,1,air pump,8,,"air pump,"
3406,20,barometer,50,,"barometer,"
3406,29,"compass, magnetic",163,,"compass (magnetic),"
3406,66,microscope,429,,"microscope,"
3406,113,cross-head,187,,"surveyor's cross,"
3406,114,spectacles,638,,"spectacles,"
3406,127,theodolite,734,,theodolite
3423,15,balance,32,,"balance,"
3423,32,chondrometer,119,,chrondrometer
3427,15,balance,32,,balance
3429,15,balance,32,,"balance,"
3429,26,chondrometer,119,,chondrometer
3435,15,balance,32,,balance
3442,15,balance,32,,balance
3449,20,barometer,50,,"barometer,"
3449,128,thermometer,741,,thermometer
3453,15,balance,32,,"balance,"
3453,32,chondrometer,119,,chondrometer
3461,15,balance,32,,"balance,"
3461,134,weight,776,,weights
3466,32,chondrometer,119,,chondrometer
3471,15,balance,32,,balance
3472,15,balance,32,,balance
3474,15,balance,32,,"balance,"
3476,15,balance,32,,balance
3490,134,weight,776,,weights
3491,111,sundial,669,,sundial
3492,125,telescope,715,,telescope
3493,20,barometer,50,,barometer
3493,66,microscope,429,,microscope
3493,114,spectacles,638,,spectacles
3494,66,microscope,429,,microscope
3495,66,microscope,429,,microscope
3498,66,microscope,429,,"microscope,"
3499,66,microscope,429,,"microscope,"
3499,105,sextant,615,,sextant
3500,66,microscope,429,,"microscope,"
3500,93,prism,552,,prism
3501,66,microscope,429,,microscope
3504,60,level,370,,"level,"
3504,66,microscope,429,,microscope
3505,104,sector,609,,"sector,"
3506,55,hydrostatic bubble,340,,hydrostatic bubbles
3507,45,globe,294,,globe
3508,64,measure,408,,measure - capacity
3509,15,balance,32,,balance
3511,20,barometer,50,,barometer
3513,101,rule,593,,rule
3517,125,telescope,715,,telescope
3518,20,barometer,50,,"barometer,"
3518,32,chondrometer,119,,"chondrometer,"
3518,128,thermometer,741,,thermometer
3519,101,rule,593,,rule
3521,27,circumferentor,133,,circumferentor
3534,64,measure,408,,measure - capacity
3561,20,barometer,50,,barometer
3581,101,rule,593,,rule
3585,127,theodolite,734,,theodolite
3586,123,octant,483,,octant
3590,64,measure,408,,measure - capacity
3595,125,telescope,715,,"telescope,"
3597,29,"compass, magnetic",163,,compass (magnetic)
3599,20,barometer,50,,barometer
3602,125,telescope,715,,telescope
3603,20,barometer,50,,barometer
3604,20,barometer,50,,barometer
3606,20,barometer,50,,barometer
3610,20,barometer,50,,"barometer,"
3610,66,microscope,429,,"microscope,"
3610,128,thermometer,741,,thermometer
3611,7,"clock, sidereal",141,,"sidereal clock,"
3613,115,"level, spirit",377,,"Spirit level,"
3614,20,barometer,50,,barometer
3619,29,compass,152,,"Compass,"
3624,20,barometer,50,,barometer
3626,100,scientific apparatus,804,,full range of instruments
3627,20,barometer,50,,barometer
3628,20,barometer,50,,barometer
3629,55,hydrostatic bubble,340,,hydrostatic bubbles
3630,20,barometer,50,,barometer
3634,20,barometer,50,,"barometer,"
3634,56,hygrometer,343,,"hygrometer,"
3634,115,"level, spirit",377,,"spirit level,"
3634,128,thermometer,741,,thermometer
3636,20,barometer,50,,"barometer,"
3636,105,sextant,615,,sextant
3637,20,barometer,50,,barometer
3640,20,barometer,50,,"barometer,"
3640,46,steam engine indicator,657,,"steam engine indicator,"
3641,20,barometer,50,,barometer
3645,26,chronometer,121,,"chronometer,"
3645,105,sextant,615,,sextant
3646,123,octant,483,,octant
3651,20,barometer,50,,"barometer,"
3651,128,thermometer,741,,themometer
3652,20,barometer,50,,barometer
3654,20,barometer,50,,"barometer,"
3654,147,protractor,560,,protractor
3655,20,barometer,50,,"barometer,"
3655,60,level,370,,"level,"
3655,123,octant,483,,"octant,"
3655,128,thermometer,741,,thermometer
3658,128,thermometer,741,,thermometer
3659,20,barometer,50,,"barometer,"
3659,56,hygrometer,343,,"hygrometer,"
3659,115,"level, spirit",377,,"spirit-level,"
3659,128,thermometer,741,,thermometer
3661,125,telescope,715,,telescope
3662,20,barometer,50,,"barometer,"
3662,115,"level, spirit",377,,"spirit level,"
3662,128,thermometer,741,,thermometer
3665,20,barometer,50,,"barometer,"
3665,128,thermometer,741,,thermometer
3672,29,compass,152,,"compass,"
3672,105,sextant,615,,sextant
3676,54,hydrometer,334,,"hydrometer,"
3676,107,slide rule,626,,slide rule
3677,20,barometer,50,,barometer
3680,60,level,370,,"level,"
3680,101,rule,593,,"rule,"
3680,105,sextant,615,,"sextant,"
3680,127,theodolite,734,,theodolite
3683,54,hydrometer,334,,"hydrometer,"
3683,55,hydrostatic bubble,340,,hydrostatic bubbles
3688,20,barograph,49,,"barograph,"
3688,20,barometer,50,,"barometer,"
3688,66,microscope,429,,"microscope,"
3688,113,cross-head,187,,"surveyor's cross,"
3688,125,telescope,715,,telescope
3689,20,barometer,50,,barometer
3690,60,level,370,,level
3692,20,barometer,50,,barometer
3694,66,microscope,429,,"microscope,"
3694,125,telescope,715,,"telescope,"
3694,202,projector,556,,projector
3695,105,sextant,615,,sextant
3696,15,balance,32,,"balance,"
3696,66,microscope,429,,"microscope,"
3696,128,thermometer,741,,thermometer
3697,15,balance,32,,balance
3698,20,barometer,50,,barometer
3699,64,measure,408,,measure (capacity)
3701,20,barometer,50,,barometer
3702,55,hydrostatic bubble,340,,hydrostatic bubbles
3708,20,barometer,50,,barometer
3709,54,hydrometer,334,,hydrometer
3710,20,barometer,50,,"barometer,"
3710,128,thermometer,741,,thermometer
3712,115,"level, spirit",377,,spirit level
3717,20,sympiesometer,700,,"sympiesometer,"
3717,105,sextant,615,,"sextant,"
3717,123,octant,483,,"octant,"
3717,125,telescope,715,,telescope
3718,17,binnacle,71,,"binnacle,"
3718,20,barometer,50,,"barometer,"
3718,26,chronometer,121,,"chronometer,"
3718,29,"compass, magnetic",163,,"compass (magnetic),"
3718,105,sextant,615,,"sextant,"
3718,123,octant,483,,"octant,"
3718,125,telescope,715,,"telescope,"
3718,178,course corrector,185,,course corrector
3721,29,"compass, magnetic",163,,compass (magnetic)
3723,155,gunnery scale,312,,gunner's scales
3727,25,camera obscura,104,,"camera obscura,"
3727,125,telescope,715,,telescope
3729,54,hydrometer,334,,hydrometer
3736,20,barometer,50,,barometer
3740,20,barometer,50,,"barometer,"
3740,111,sundial,669,,sundial
3742,20,barometer,50,,"barometer,"
3742,125,telescope,715,,"telescope,"
3742,128,thermometer,741,,thermometer
3744,20,barometer,50,,barometer
3745,20,barometer,50,,"barometer,"
3745,128,thermometer,741,,thermometer
3747,20,barometer,50,,barometer
3748,20,barometer,50,,"barometer,"
3748,55,hydrostatic bubble,340,,hydrostatic bubbles
3748,128,thermometer,741,,thermometer
3749,20,barometer,50,,barometer
3750,20,barometer,50,,barometer
3751,59,kaleidoscope,351,,kaliedoscope
3754,29,"compass, magnetic",163,,compass (magnetic)
3755,20,barometer,50,,barometer
3757,29,"compass, magnetic",163,,"compass (magnetic),"
3758,20,barometer,50,,"barometer,"
3758,128,thermometer,741,,thermometer
3760,82,saccharometer,604,,saccharometer
3762,20,barometer,50,,barometer
3775,125,telescope,715,,telescope
3777,17,binnacle,71,,"binnacle,"
3777,20,barometer,50,,"barometer,"
3777,29,compass,152,,"compass,"
3777,63,lens,362,,"lens,"
3777,101,rule,593,,"rule,"
3777,146,electrometer,233,,electrometer
3781,101,rule,593,,"rule,"
3782,66,microscope,429,,microscope
3784,20,barometer,50,,"barometer,"
3784,128,thermometer,741,,thermometer
3785,20,barometer,50,,barometer
3786,20,barometer,50,,barometer
3788,20,barometer,50,,barometer
3789,20,barometer,50,,"barometer,"
3789,128,thermometer,741,,thermometer
3790,20,barometer,50,,"barometer,"
3790,128,thermometer,741,,thermometer
3792,20,barometer,50,,barometer
3794,15,balance,32,,balance
3797,20,barometer,50,,barometer
3798,20,barometer,50,,barometer
3800,20,barometer,50,,barometer
3807,111,sundial,669,,sundial
3808,20,barometer,50,,barometer
3813,55,hydrostatic bubble,340,,hydrostatic bubbles
3818,20,barometer,50,,"barometer,"
3818,125,telescope,715,,telescope
3819,20,barometer,50,,"barometer,"
3819,66,microscope,429,,microscope
3820,105,sextant,615,,sextant
3821,20,barometer,50,,"barometer,"
3822,60,level,370,,"level,"
3825,20,barometer,50,,"barometer,"
3825,128,thermometer,741,,thermometer
3826,20,barometer,50,,barometer
3827,20,barometer,50,,barometer
3828,20,barometer,50,,barometer
3829,20,barometer,50,,barometer
3831,20,barometer,50,,"barometer,"
3831,66,microscope,429,,microscope
3832,20,barometer,50,,barometer
3833,20,barometer,50,,barometer
3834,20,barometer,50,,barometer
3835,20,barometer,50,,barometer
3836,20,barometer,50,,barometer
3837,20,barometer,50,,barometer
3838,20,barometer,50,,"barometer,"
3838,56,hygrometer,343,,"hygrometer,"
3838,128,thermometer,741,,thermometer
3839,20,barometer,50,,barometer
3843,20,barometer,50,,barometer
3844,20,barometer,50,,barometer
3845,128,thermometer,741,,thermometer
3847,20,barometer,50,,"barometer,"
3847,128,thermometer,741,,thermometer
3848,20,barometer,50,,barometer
3849,20,barometer,50,,"Barometer,"
3855,101,rule,593,,rule
3859,15,balance,32,,scales
3867,134,weight,776,,weights
3868,15,scale beam,803,,scalebeam
3871,15,balance,32,,balance
3874,15,balance,32,,balance
3876,64,measure,408,,measure (capacity)
3877,64,measure,408,,measure (capacity)
3880,15,balance,32,,balance
3883,134,weight,776,,weights
3889,15,balance,32,,balance
3895,64,measure,408,,measure (capacity)
3896,15,balance,32,,balance
3903,133,surveyor's wheel,698,,waywiser
3905,64,measure,408,,measure (capacity)
3906,15,balance,32,,balance
3909,64,measure,408,,measure (capacity)
3913,15,balance,32,,balance
3916,15,balance,32,,"balance,"
3916,101,rule,593,,rule
3917,15,balance,32,,balance
3923,15,balance,32,,balance
3927,15,balance,32,,balance
3928,111,sundial,669,,sundial
3930,15,balance,32,,balance
3931,64,measure,408,,measure (capacity)
3933,15,balance,32,,balance
3934,15,balance,32,,balance
3935,15,balance,32,,"balance,"
3935,134,weight,776,,weights
3937,134,weight,776,,weights
3938,15,balance,32,,balance
3939,15,balance,32,,balance
3940,15,balance,32,,scales
3941,64,measure,408,,measure (capacity)
3960,15,balance,32,,balance
4015,29,compass,152,,compass
4017,111,sundial,669,,sundial
4018,96,quadrant,572,,quadrant
4019,7,"clock, regulator",140,,astronomical clock
4020,147,"protractor, drafting",562,,drafting protractor
4021,80,pantograph,499,,pantograph
4022,97,"quadrant, horary",579,,"horary quadrant,"
4022,111,sundial,669,,sundial
4024,92,"calendar, perpetual",89,,perpetual calendar
4025,123,octant,483,,Hadley's quadrant
4026,111,sundial,669,,sundial
4027,111,sundial,669,,sundial
4028,111,sundial,669,,sundial
4029,111,sundial,669,,sundial
4030,144,optical machine,800,,optical machine
4031,20,barometer,50,,barometer
4032,146,electrometer,233,,electrometer
4033,7,"clock, regulator",140,,astronomical clock
4034,92,"calendar, perpetual",89,,perpetual calendar
4035,105,sextant,615,,sextant
4036,45,globe,294,,globe
4040,140,geometric solid,292,,geometric solids
4043,125,telescope,715,,telescope
4049,20,barometer,50,,barometer
4056,105,sextant,615,,sextant
4070,20,barometer,50,,barometer
4073,20,barometer,50,,barometer
4073,128,thermometer,741,,thermometer
4076,29,"compass, magnetic",163,,compass (magnetic)
4079,133,surveyor's wheel,698,,waywiser
4081,20,barometer,50,,"barometer,"
4081,56,hygrometer,343,,"hygrometer,"
4081,115,"level, spirit",377,,"spirit level,"
4081,128,thermometer,741,,thermometer
4085,102,repeating circle,589,,repeating circle
4086,105,sextant,615,,sextant
4087,15,balance,32,,"balance,"
4087,64,measure,408,,measure (capacity)
4088,15,balance,32,,"balance,"
4088,32,chondrometer,119,,"chondrometer,"
4088,64,measure,408,,"measure,"
4088,134,weight,776,,weights
4090,20,barometer,50,,"barometer,"
4091,20,barometer,50,,barometer
4094,20,barometer,50,,"barometer,"
4094,29,"compass, magnetic",163,,"compass (magnetic),"
4094,105,sextant,615,,"sextant,"
4094,123,octant,483,,"octant,"
4094,204,navigational equipment,478,,nautical instruments
4101,20,barometer,50,,"barometer,"
4101,56,hygrometer,343,,"hygrometer,"
4101,115,"level, spirit",377,,"spirit level,"
4101,128,thermometer,741,,thermometer
4114,20,barometer,50,,"barometer,"
4114,123,octant,483,,octant
4118,20,barometer,50,,"barometer,"
4118,27,circumferentor,133,,"circumferentor,"
4118,29,"compass, magnetic",163,,"compass (magnetic),"
4118,101,rule,593,,"rule,"
4118,105,sextant,615,,"sextant,"
4118,128,thermometer,741,,thermometer
4132,66,"microscope, compound",432,,"microscope, compound"
4132,127,theodolite,734,,theodolite
4135,20,barometer,50,,barometer
4139,20,barometer,50,,barometer
4154,104,sector,609,,"sector,"
4155,15,balance,32,,balance
4164,20,barometer,50,,"barometer,"
4164,66,microscope,429,,"microscope,"
4164,108,parallel rule,502,,rule (parallel)
4164,105,sextant,615,,sextant
4164,178,course corrector,185,,"course corrector,"
4180,123,octant,483,,octant
4181,105,sextant,615,,"sextant,"
4181,123,octant,483,,octant
4182,20,barometer,50,,"barometer,"
4182,128,thermometer,741,,thermometer
4184,29,"compass, magnetic",163,,compass (magnetic)
4196,101,rule,593,,"rule,"
4196,108,sextant,615,,sextant
4217,20,barometer,50,,barometer
4218,20,barometer,50,,barometer
4221,20,barometer,50,,barometer
4223,20,barometer,50,,barometer
4243,20,barometer,50,,"barometer,"
4243,101,rule,593,,"rule,"
4243,107,slide rule,626,,"slide rule,"
4244,20,barometer,50,,"barometer,"
4244,39,parallel rule,502,,"parallel rule,"
4244,39,"rule, rolling",598,,"rolling rule,"
4244,66,microscope,429,,"microscope,"
4244,99,microscope lamp,440,,"microscope lamp,"
4244,101,rule,593,,"scale rule,"
4244,128,thermometer,741,,thermometer
4245,20,"barometer, aneroid",51,,"aeronoid barometer,"
4245,54,hydroscope,338,,"hydroscope,"
4245,66,"microscope, binocular",430,,"binocular microscope,"
4245,110,stereoscope,662,,"stereoscope,"
4245,125,telescope,715,,"telescope,"
4245,128,thermometer,741,,thermometer
4250,178,course corrector,185,,"course corrector,"
4251,54,hydrometer,334,,hydrometer
4252,125,telescope,715,,telescope
4253,107,slide rule,626,,"slide rule,"
4254,20,barometer,50,,"barometer,"
4254,39,dividers,208,,"dividers,"
4254,175,steelyard,658,,steelyard
4254,54,hydrometer,334,,"hydrometer,"
4254,85,orrery,496,,"orrery,"
4254,111,sundial,669,,sundial
4255,15,balance,32,,"balance,"
4255,20,barometer,50,,"barometer,"
4255,128,thermometer,741,,thermometer
4256,63,microscope objective,443,,microscope objective
4258,20,barometer,50,,"barometer,"
4258,39,drawing instrument,212,,"drawing instruments,"
4258,56,hygrometer,343,,"hygrometer,"
4258,115,"level, spirit",377,,"spirit level,"
4258,125,telescope,715,,"telescope,"
4258,128,thermometer,741,,thermometer
4259,47,tachometer,704,,"rev. counter,"
4261,54,hydrometer,334,,hydrometer
4263,114,spectacles,638,,spectacles
4264,101,rule,593,,rule
4265,39,drawing instrument,212,,drawing instruments
4265,101,rule,593,,rule
4266,42,"electrostatic generator, Cuthbertson",809,,Cuthbertson-
4266,42,electrostatic generator,237,,electrostatic generator
4266,42,Wimshurst machine,782,,"Wimshurst machine,"
4266,66,microscope,429,,"microscope,"
4267,105,sextant,615,,sextant
4268,111,sundial,669,,"sundial,"
4268,125,telescope,715,,telescope
4273,15,balance,32,,balance
4274,20,barometer,50,,barometer
4275,20,barometer,50,,"barometer,"
4275,29,"compass, magnetic",163,,"compass (magnetic),"
4275,32,chondrometer,119,,"chondrometer,"
4275,39,drawing instrument,212,,"drawing instruments,"
4275,54,hydrometer,334,,"hydrometer,"
4275,66,microscope,429,,"microscope,"
4275,128,thermometer,741,,"thermometer,"
4275,133,surveyor's wheel,698,,waywiser
4276,39,drawing instrument,212,,"drawing instruments,"
4276,42,Wimshurst machine,782,,"Wimshurst machine,"
4276,66,microscope,429,,microscope
4277,74,miner's dial,452,,miners dial
4278,19,binoculars,73,,"binoculars,"
4278,20,barometer,50,,"barometer,"
4278,66,"microscope, botanical",431,,"microscope botanical,"
4280,118,galvanometer,266,,galvanometer
4282,39,"compass, beam",156,,"beam compass,"
4282,80,pantograph,499,,pantograph
4287,128,thermometer,741,,"thermometer,"
4288,66,microscope,429,,microscope
4289,63,microscope objective,443,,microscope objective
4289,66,microscope,429,,"microscope,"
4289,99,microscope accessory,439,,"microscope accessory,"
4290,2,alidade,11,,"alidade,"
4290,39,drawing instrument,212,,"drawing instruments,"
4290,66,microscope,429,,"microscope,"
4290,99,microscope lamp,440,,"microscope lamp,"
4290,105,sextant,615,,sextant
4303,123,octant,483,,octant
4306,45,globe,294,,globe
4307,29,"compass, magnetic",163,,"compass (magnetic),"
4307,66,microscope,429,,"microscope,"
4307,80,pantograph,499,,"pantograph,"
4307,111,sundial,669,,sundial
4308,66,microscope,429,,microscope
4309,20,barometer,50,,"barometer,"
4309,29,"compass, magnetic",163,,"compass (magnetic),"
4309,39,drawing instrument,212,,"drawing instruments,"
4309,66,microscope,429,,"microscope,"
4309,105,sextant,615,,"sextant,"
4309,116,spectroscope,644,,"spectroscope,"
4309,125,telescope,715,,telescope
4310,84,planimeter,537,,planimeter
4311,15,balance,32,,balance
4312,15,balance,32,,"balance,"
4312,32,chondrometer,119,,"chondrometer,"
4312,134,weight,776,,weights
4313,15,balance,32,,balance
4315,39,drawing instrument,212,,drawing instruments
4316,107,slide rule,626,,slide rule
4317,111,sundial,669,,sundial
4318,105,sextant,615,,"sextant,"
4318,123,octant,483,,octant
4321,7,"clock, regulator",140,,"astronomical clock,"
4321,85,planetarium,535,,planetarium
4323,20,barometer,50,,barometer
4324,111,sundial,669,,sundial
4325,20,sympiesometer,700,,"barometer, sympiesometer"
4326,20,barometer,50,,barometer
4327,20,barometer,50,,barometer
4328,111,sundial,669,,sundial
4329,40,barograph,49,,barograph
4330,54,hydrometer,334,,hydrometer
4331,125,telescope,715,,telescope
4332,29,compass,152,,compass
4333,20,barometer,50,,barometer
4334,45,globe,294,,globe
4335,20,barometer,50,,"barometer,"
4335,128,thermometer,741,,thermometer
4336,20,barometer,50,,"barometer,"
4336,60,level,370,,level
4337,20,barometer,50,,"barometer,"
4337,56,hygrometer,343,,"hygrometer,"
4337,60,level,370,,"level,"
4337,128,thermometer,741,,thermometer
4338,20,barometer,50,,"barometer,"
4338,128,thermometer,741,,thermometer
4339,20,barometer,50,,"barometer,"
4339,60,level,370,,"level,"
4339,128,thermometer,741,,thermometer
4340,20,barometer,50,,barometer
4341,20,barometer,50,,barometer
4342,20,barometer,50,,"barometer,"
4342,56,hygrometer,343,,"hygrometer,"
4342,128,thermometer,741,,thermometer
4344,20,barometer,50,,barometer
4345,20,barometer,50,,barometer
4346,20,barometer,50,,barometer
4347,20,barometer,50,,barometer
4348,20,barometer,50,,barometer
4349,20,barometer,50,,barometer
4351,20,barometer,50,,barometer
4351,128,thermometer,741,,thermometer
4352,20,barometer,50,,"barometer,"
4352,56,hygrometer,343,,"hygrometer,"
4352,128,thermometer,741,,thermometer
4353,20,barometer,50,,barometer
4355,15,balance,32,,"balance,"
4355,29,"compass, magnetic",163,,"compass (magnetic),"
4355,36,dip circle,202,,"dip circle,"
4355,51,"level, gunner's",376,,"gunner's level,"
4355,125,telescope,715,,"telescope,"
4355,127,theodolite,734,,theodolite
4356,20,barometer,50,,barometer
4357,20,barometer,50,,barometer
4358,111,sundial,669,,sundial
4359,29,"compass, magnetic",163,,compass (magnetic)
4360,60,level,370,,level
4360,112,surveyor's chain,695,,surveyers chain
4361,111,sundial,669,,sundial
4362,85,planetarium,535,,"planetarium,"
4362,123,octant,483,,octant
4363,54,hydrometer,334,,hydrometer
4364,123,octant,483,,octant
4365,125,telescope,715,,telescope
4366,45,globe,294,,globe
4367,20,barometer,50,,barometer
4368,20,barometer,50,,barometer
4369,105,sextant,615,,"Sextant/Octant,"
4369,105,octant,483,,"Sextant/Octant,"
4371,20,barometer,50,,barometer
4372,45,globe,294,,globe
4373,20,barometer,50,,barometer
4374,20,barometer,50,,barometer
4375,34,blowpipe,75,,"blowpipe,"
4375,152,battery,67,,battery
4376,20,barometer,50,,barometer
4377,45,"globe, celestial",295,,"globe, celestial,"
4379,175,steelyard,658,,steelyard/bismar
4379,175,steelyard (bismar),660,,steelyard/bismar
4381,29,"compass, magnetic",163,,"compass (magnetic),"
4381,105,sextant,615,,"sextant,"
4381,125,telescope,715,,"telescope,"
4381,128,thermometer,741,,"thermometer,"
4381,147,protractor,560,,protractor
4382,104,sector,609,,sector
4383,111,sundial,669,,sundial
4384,20,barometer,50,,barometer
4385,20,barometer,50,,barometer
4386,20,barometer,50,,barometer
4387,20,barometer,50,,"barometer,"
4387,60,level,370,,"level,"
4387,66,microscope,429,,"microscope,"
4387,125,telescope,715,,telescope
4394,85,planetarium,535,,planetarium
4395,22,calculating machine,84,,calculating machine
4396,7,"clock, regulator",140,,astronomical clock
4397,111,sundial,669,,sundial
4398,20,barometer,50,,"barometer,"
4398,56,hygrometer,343,,"hygrometer,"
4398,115,"level, spirit",377,,"spirit level,"
4398,128,thermometer,741,,thermometer
4400,20,barometer,50,,barometer
4401,7,"clock, regulator",140,,astronomical clock
4406,20,barometer,50,,"Barometer,"
4407,20,barometer,50,,barometer
4414,123,octant,483,,octant
4415,147,protractor,560,,protractor
4416,39,drawing instrument,212,"Possibly by this maker but there was also a Richard Marsh, stationed in Fleet Sr. in 1790/7","drawing instruments [possibly by this maker but there was also a Richard Marsh, stationed in Fleet Sr. in 1790/7"
4436,121,magnetic apparatus,393,,magnetic apparatus
4437,29,"compass, magnetic",163,,compass (magnetic)
4442,20,barometer,50,,barometer
4443,20,barometer,50,,barometer
4447,104,sector,609,,sector
4448,59,kaleidoscope,351,,kaliedoscope
4449,20,barometer,50,,"barometer,"
4449,115,"level, spirit",377,,"spirit level,"
4449,128,thermometer,741,,thermometer
4450,20,barometer,50,,barometer
4451,20,barometer,50,,barometer
4454,20,barometer,50,,"barometer,"
4454,128,thermometer,741,,thermometer
4456,123,octant,483,,octant
4458,66,microscope,429,,microscope
4459,123,octant,483,,octant
4469,20,barometer,50,,"barometer,"
4469,128,thermometer,741,,thermometer
4470,20,barometer,50,,barometer
4499,45,globe,294,,globe
4503,123,octant,483,,octant
4514,60,level,370,,level
4519,45,globe,294,,globe
4522,20,barometer,50,,"barometer,"
4522,66,microscope,429,,"microscope,"
4522,128,thermometer,741,,thermometer
4534,20,barometer,50,,barometer
4536,20,barometer,50,,"barometer,"
4536,56,hygrometer,343,,"hygrometer,"
4536,115,"level, spirit",377,,"spirit level,"
4536,125,telescope,715,,"telescope,"
4536,128,thermometer,741,,thermometer
4537,20,barometer,50,,"barometer,"
4537,56,hygrometer,343,,"hygrometer,"
4537,128,thermometer,741,,thermometer
4538,20,barometer,50,,barometer
4539,26,chronometer,121,,chronometer
4545,20,barometer,50,,barometer
4546,26,chronometer,121,,chronometer
4551,20,barometer,50,,"barometer,"
4551,56,hygrometer,343,,"hygrometer,"
4551,120,thermometer,741,,thermometer
4555,20,barometer,50,,barometer
4557,54,hydrometer,334,,hydrometer
4563,20,barometer,50,,barometer
4581,20,barometer,50,,barometer
4587,101,rule,593,,scale rule
4591,105,sextant,615,,sextant
4594,29,"compass, magnetic",163,,"compass (magnetic),"
4594,42,electrostatic generator,237,,"electrostatic generator,"
4594,66,microscope,429,,"microscope,"
4594,147,protractor,560,,protractor
4602,20,barometer,50,,barometer
4603,54,hydrometer,334,,hydrometer
4604,20,barometer,50,,barometer
4608,123,octant,483,,octant
4610,39,drawing instrument,212,,drawing instruments
4614,20,barometer,50,,barometer
4619,39,drawing instrument,212,Beam compass invented by W & A Smith,"drawing instruments,beam compass (invented by W & A Smith)"
4619,39,"compass, beam",156,,"drawing instruments,beam compass (invented by W & A Smith)"
4623,20,barometer,50,,"barometer,"
4623,56,hygrometer,343,,"hygrometer,"
4623,128,thermometer,741,,thermometer
4628,26,chronometer,121,,chronometers
4629,42,electrostatic generator,237,,electrostatic generator
4637,29,"compass, magnetic",163,,"compass (magnetic),"
4640,123,octant,483,Octant by CRICHTON John*,octant by CRICHTON John*
4642,99,mechanical finger for microscope,420,,Mechanical Finger for Microscope
4642,105,sextant,615,,sextant
4646,45,globe,294,,globe
4653,20,barometer,50,,barometer
4657,26,chronometer,121,,chronometer
4665,26,chronometer,121,,"chronometer,"
4665,79,"clock, regulator",140,,regulator
4682,111,"sundial, ring dial",688,,sundial (ring dial)
4688,20,barometer,50,,barometer
4691,105,octant,483,,octant
4693,45,"globe, folding",297,,globe (folding)
4697,20,"barometer, marine",58,,"barometer (marine),"
4701,123,octant,483,,Octant
4713,101,rule,593,,rule
4721,123,octant,483,,octant
4722,105,"sextant, drum",617,,"drum sextant,"
4722,111,"sundial, universal dial",689,,universal equinoctial dial
4727,20,barometer,50,,barometer
4729,92,"calendar, perpetual",89,,perpetual calendar
4742,15,balance,32,,balance
4744,123,octant,483,,quadrant Hadley's
4744,125,telescope,715,,telescope
4748,26,chronometer,121,,"chronometer,"
4748,29,"compass, magnetic",163,,"compass, magnetic,"
4748,105,sextant,615,,sextant
4749,20,barometer,50,,barometer
4750,20,barometer,50,,"barometer,"
4750,56,hygrometer,343,,"hygrometer,"
4750,115,"level, spirit",377,,"spirit level,"
4750,128,thermometer,741,,thermometer
4753,20,barometer,50,,barometer
4756,56,hygrometer,343,,hygrometer
4765,20,barometer,50,,"barometer,"
4765,54,hydrometer,334,,"hydrometer,"
4765,128,thermometer,741,,thermometer
4767,3,anemometer,17,,"anermometer,"
4767,15,balance,32,,"balance,"
4767,40,barograph,49,,"barograph,"
4767,60,level,370,,"level,"
4767,74,miner's dial,452,,"miner's dial,"
4767,139,"camera, photographic",96,,"photographic (camera},"
4767,201,optical instrument,492,,"optical inst,"
4767,206,surveying instrument,694,,surveying inst
4770,20,barometer,50,,barometer
4782,79,"regulator, observatory",588,,observatory regulator
4784,50,"measuring tape, surveyor's",417,,surveyor's measuring tape
4823,120,Leyden jar,380,,"Leyden jar,"
4823,146,electrometer,233,,"electrometer,"
4823,154,electromagnetic generator,230,,electromagnetic generator
4824,26,chronometer,121,,chronometer
4825,20,barometer,50,,barometer
4835,45,globe,294,,globe
4843,105,sextant,615,,sextant
4847,26,chronometer,121,,chronometer
4848,111,sundial,669,,sundial
4853,26,chronometer,121,,chronometer
4856,99,microscope accessory,439,,"microscope accessory,"
4864,66,microscope,429,,microscope
4866,27,circumferentor,133,,circumferentor
4867,125,telescope,715,,telescope
4880,66,microscope,429,,"microscope,"
4880,104,sector,609,,sector
4883,123,octant,483,,octant
4884,66,microscope,429,,"microscope,"
4884,101,rule,593,,"rule,"
4884,125,telescope,715,,telescope
4886,15,balance,32,,"balance,"
4895,123,octant,483,,octant
4907,45,globe,294,,globe
4911,33,chemical apparatus,114,,chemical apparatus
4913,26,chronometer,121,,chronometers
4916,114,spectacles,638,,spectacles
4922,26,chronometer,121,,chronometer
4923,104,sector,609,,"sector,"
4923,105,sextant,615,,"setant,"
4923,124,quintant,581,,"quintant,"
4923,125,telescope,715,,telescope
4938,85,planetarium,535,,planetarium
4953,60,"level, surveyor's",378,,surveying level
4956,26,chronometer,121,,chronometers
4960,20,barometer,50,,barometer
4964,92,"calendar, perpetual",89,,perpetual calendar
4972,85,orrery,496,,orrery
4998,66,microscope,429,,microscope
5001,20,barometer,50,,"barometer,"
5001,105,sextant,615,,"sextant,"
5001,123,octant,483,,octant
5009,15,balance,32,,balance
5038,114,spectacles,638,,spectacles
5039,66,microscope,429,,microscope
5049,125,telescope,715,,telescope
5058,26,"chronometer, marine",122,,marine chronometer
5070,105,sextant,615,,sextant
5071,20,barometer,50,,barometer
5083,60,level,370,,"level,"
5083,138,"gauge, tide",282,,tide gauge
5087,101,rule,593,,rule
5094,125,telescope,715,,telescope
5101,79,"regulator, observatory",588,,observatory regulator
5105,105,sextant,615,,sextant
5114,107,slide rule,626,,slide rule
5115,26,chronometer,121,,"chronometer,"
5115,105,sextant,615,,sextant
5127,101,rule,593,,rule
5144,26,chronometer,121,,"chronometers,"
5144,105,sextant,615,,sextant
5146,15,balance,32,,"balance,"
5146,63,lens,362,,lens
5148,66,microscope,429,,microscope
5149,123,octant,483,,octant
5156,66,microscope,429,,"microscope,"
5156,105,sextant,615,,"sextant,"
5156,125,telescope,715,,telescope
5158,29,"compass, magnetic",163,,"compass (magnetic),"
5158,105,sextant,615,,"sextant,"
5158,123,octant,483,,"octant,"
5158,125,telescope,715,,telescope
5159,88,mirror,454,,mirror
5170,20,barometer,50,,"barometer,"
5170,128,thermometer,741,,thermometer
5177,20,barometer,50,,barometer
5191,36,dip circle,202,,dip circle
5201,66,microscope,429,,"microscope,"
5228,7,"clock, regulator",140,,astronomical clock
5258,60,level,370,,"level,"
5258,66,microscope,429,,"microscope,"
5258,125,telescope,715,,telescope
5261,59,kaleidoscope,351,,kaliedoscope
5268,29,"compass, magnetic",163,,compass (magnetic)
5312,63,lens,362,,"lenses,"
5312,123,octant,483,,octant
5314,20,barometer,50,,"barometer,"
5314,56,hygrometer,343,,"hygrometer,"
5314,115,"level, spirit",377,,"spirit level,"
5314,128,thermometer,741,,thermometer
5316,54,hydrometer,334,,hydrometer
5325,20,barometer,50,,barometer
5327,20,barometer,50,,barometer
5341,20,barometer,50,,"barometer,"
5341,125,telescope,715,,telescope
5345,123,octant,483,,octant
5354,82,saccharometer,604,,saccharometer
5416,134,weight,776,,weights
5417,134,weight,776,,weights
5456,105,sextant,615,,sextant
5461,20,barometer,50,,barometer
5464,66,microscope,429,,microscope
5465,66,microscope,429,,"microscope,"
5465,125,telescope,715,,telescope
5466,101,balance,32,,"scales,"
5466,107,slide rule,626,,"slide rule,"
5466,108,parallel rule,502,,"parallel rule,"
5466,147,protractor,560,,protractor
5467,1,air pump,8,,"air pump,"
5467,39,drawing instrument,212,,"drawing instruments,"
5467,66,microscope,429,,"microscope,"
5467,125,telescope,715,,"telescope,"
5467,143,electrical apparatus,219,,electrical apparatus
5469,54,hydrometer,334,,hydrometer
5471,125,telescope,715,,telescope
5479,20,barometer,50,,barometer
5480,18,burning glass,82,,"burning glass,"
5480,66,microscope,429,,"microscope,"
5480,125,telescope,715,,telescope
5490,26,chronometer,121,,chronometer
5521,45,globe,294,,globe
5542,114,spectacles,638,,spectacles
5567,123,octant,483,,octant
5575,66,microscope,429,,microscope
5593,114,spectacles,638,,spectacles
5598,114,spectacles,638,,spectacles
5604,114,spectacles,638,,spectacles
5624,20,barometer,50,,barometer
5627,29,"compass, magnetic",163,,compass (magnetic)
5628,104,sector,609,,sector
5629,147,protractor,560,,protractor
5631,105,sextant,615,,sextant
5634,123,octant,483,,octant
5651,20,barometer,50,,"barometer,"
5667,1,air pump,8,,"air pump,"
5667,20,barometer,50,,barometer
5699,105,sextant,615,,"sextant,"
5699,123,octant,483,,octant
5703,20,barometer,50,,"barometer,"
5703,128,thermometer,741,,thermometer
5709,26,chronometer,121,,"chronometer,"
5711,26,chronometer,121,,chronometer
5714,26,chronometer,121,,chronometer
5727,111,sundial,669,"Sundial, as test piece","sundial, as test piece"
5728,15,balance,32,,balance
5746,97,"quadrant, Gunter",578,,Gunter's quadrant
5747,20,barometer,50,,barometer
5753,92,"calendar, perpetual",89,,perpetual calendar
5759,96,quadrant,572,,quadrant
5760,125,telescope,715,,telescope
5764,28,clinometer,135,,"clinometer,"
5764,111,sundial,669,,sundial
5771,45,globe,294,,globe
5775,1,air pump,8,,air pump
5788,26,chronometer,121,,chronometer
5794,26,chronometer,121,,chronometer
5809,20,barometer,50,,"barometer,"
5809,128,thermometer,741,,thermometer
5814,20,barometer,50,,"barometer,"
5814,123,octant,483,,"octant,"
5814,125,telescope,715,,telescope
5816,125,telescope,715,,"telescope,"
5816,139,"camera, wet plate",100,,wet plate camera
5825,107,slide rule,626,,slide rule
5833,156,"gauge, rain",278,,rain gauge
5853,59,kaleidoscope,351,,kaleidoscope
5855,20,barometer,50,,"barometer,"
5855,56,hygrometer,343,,"hygrometer,"
5855,115,"level, spirit",377,,"spirit level,"
5855,128,thermometer,741,,thermometer
5865,20,barometer,50,,"barometer,"
5865,26,chronometer,121,,"chronometer,"
5865,105,sextant,615,,"sextant,"
5865,125,telescope,715,,telescope
5866,63,lens,362,,lenses
5867,20,barometer,50,,"barometer,"
5867,128,thermometer,741,,thermometer
5869,26,chronometer,121,,chronometer
5896,20,barometer,50,,barometer
5906,20,barometer,50,,barometer
5907,20,barometer,50,,barometer
5911,45,globe,294,,"globe,"
5911,181,"clock, timezone",143,,time-zone clock
5921,20,barometer,50,,"barometer,"
5921,29,compass,152,,"compass,"
5921,39,parallel rule,502,,parallel rule
5935,15,"balance, coin",36,Probably,coin balance (probably)
5948,39,"compass, drafting",158,,compass
5958,20,"barometer, marine",58,,"barometer (marine),"
5958,128,thermometer,741,,thermometer
5975,20,barometer,50,,"barometer,"
5975,127,theodolite,734,,theodolite
5990,20,barometer,50,,Barometer
5993,123,octant,483,,octant
6001,42,electrostatic apparatus,236,,electrostatic app
6002,96,quadrant,572,,quadrant
6010,20,barometer,50,,barometer
6019,125,telescope,715,,telescope
6022,26,chronometer,121,,chronometer
6031,2,alidade,11,,alidade
6031,29,circumferentor,133,,surveyor's compass
6033,20,barometer,50,,"barometer,"
6033,128,thermometer,741,,thermometer
6034,29,compass,152,,compass
6037,20,barometer,50,,barometer
6039,93,prism,552,,prism
6041,20,barometer,50,,"barometer,"
6041,128,thermometer,741,,thermometer
6043,123,octant,483,,octant
6045,20,barometer,50,,barometer
6047,101,rule,593,,rule
6049,115,"level, spirit",377,,spirit level
6050,78,opera glasses,485,,opera glasses
6056,92,"calendar, perpetual",89,,peretual calendar
6063,128,thermometer,741,,thermometer
6064,99,microscope accessory,439,,microscope accessories
6066,20,barometer,50,,barometer
6068,128,thermometer,741,,thermometer
6069,207,telescope mount,730,,telescope mount
6071,20,barometer,50,,"barometer,"
6071,56,hygrometer,343,,"hygrometer,"
6071,115,"level, spirit",377,,"spirit level,"
6071,128,thermometer,741,,thermometer
6075,15,"balance, coin",36,,coin balance
6077,60,"level, dumpy",374,,"dumpy level,"
6077,101,rule,593,,"scale rule,"
6077,104,sector,609,,"sector,"
6077,113,cross-head,187,,surveyor's cross
6078,66,"microscope, binocular",430,,microscope (binocular)
6079,20,barometer,50,,"barometer,"
6079,101,rule,593,,"rule,"
6079,114,spectacles,638,,spectacles
6080,20,barometer,50,,barometer
6083,54,hydrometer,334,,hydrometer
6084,66,microscope,429,,"microscope,"
6084,125,telescope,715,,telescope
6085,20,"barometer, wheel",65,,wheel barometer
6086,29,miner's dial,452,,miners dial
6086,66,microscope,429,,microscope
6086,113,cross-head,187,,surveyor's cross
6086,147,protractor,560,,protractor
6087,29,miner's dial,452,,"miners dial,"
6087,41,eidograph,218,,eidograph
6089,64,measure,408,,capacity measure
6095,49,"tailor's square, folding",706,,tailors folding square
6095,104,sector,609,,"sector,"
6095,107,slide rule,626,,"slide rule,"
6096,104,sector,609,,sector
6098,17,binnacle,71,,binnacle
6099,20,"barometer, stick",63,,barometer (stick)
6109,26,chondrometer,119,,chondrometer
6110,125,telescope,715,,telescope
6111,114,spectacles,638,,spectacles
6115,20,barometer,50,,"barometer,"
6115,115,"level, spirit",377,,"spirit level,"
6115,128,thermometer,741,,thermometer
6118,45,globe,294,,globe
6123,20,barometer,50,,barometer
6127,111,sundial,669,,"sundial,"
6127,128,thermometer,741,,thermometer
6128,20,barometer,50,,barometer
6131,66,microscope,429,,microscope
6132,20,barometer,50,,"barometer,"
6132,128,thermometer,741,,thermometer
6133,20,barometer,50,,barometer
6134,20,barometer,50,,"barometer,"
6134,128,thermometer,741,,thermometer
6135,20,barometer,50,,"barometer,"
6135,56,hygrometer,343,,"hygrometer,"
6135,115,"level, spirit",377,,"spirit level,"
6135,128,thermometer,741,,thermometer
6141,20,barometer,50,,barometer
6142,101,rule,593,,rule
6150,29,"compass, mariner's",165,,compass (marine)
6156,20,barometer,50,,barometer
6161,111,sundial,669,,sundial
6162,64,measure,408,,measure (capacity)
6163,20,barometer,50,,barometer
6174,101,rule,593,,rule
6175,20,barometer,50,,barometer
6185,20,barometer,50,,barometer
6188,20,barometer,50,,barometer
6190,15,balance,32,,"scales,"
6190,20,barometer,50,,barometer
6197,20,barometer,50,,"barometer,"
6197,128,thermometer,741,,thermometer
6198,20,barometer,50,,barometer
6199,20,barometer,50,Probably,barometer (probably)
6208,111,"sundial, ring dial",688,,ring dial
6209,123,octant,483,,octant
6219,26,chronometer,121,,chronometer
6225,107,slide rule,626,,slide rule
6226,20,barometer,50,,"barometer,"
6226,56,hygrometer,343,,"hygrometer,"
6226,115,"level, spirit",377,,"spirit level,"
6226,128,thermometer,741,,thermometer
6233,29,compass,152,,compass
6234,20,barometer,50,,barometer
6234,56,hygrometer,343,,hygrometer
6234,60,level,370,,level
6234,128,thermometer,741,,thermometer
6236,111,"sundial, horizontal dial",680,,dial (garden)
6237,139,photography equipment,524,,photographic apparatus
6242,20,barometer,50,,"barmometer,"
6242,56,hygrometer,343,,"hygrometer,"
6242,115,"level, spirit",377,,"spirit level,"
6242,128,thermometer,741,,thermometer
6243,20,barometer,50,,barometer
6253,114,spectacles,638,,spectacles
6259,101,rule,593,,rule
6261,101,rule,593,,rule
6278,20,barometer,50,,barometer
6282,20,barometer,50,,"barometer,"
6286,29,circumferentor,133,,surveying compass
6290,20,barometer,50,,barometer
6290,56,hygrometer,343,,hygrometer
6290,115,"level, spirit",377,,spirit level
6290,128,thermometer,741,,thermometer
6293,20,barometer,50,,"barometer,"
6293,56,hygrometer,343,,"hygrometer,"
6293,115,"level, spirit",377,,"spirit level,"
6293,128,thermometer,741,,thermometer
6294,10,barometer,50,,barometer
6295,20,barometer,50,,barometer
6296,54,hydrometer,334,,hydrometer
6297,39,drawing instrument,212,,drawing inst
6313,29,compass,152,,compass
6318,105,sextant,615,,"sextant,"
6318,123,octant,483,,octant
6319,26,chronometer,121,,"chronometer,"
6319,29,compass,152,,"compass,"
6319,105,sextant,615,,sextant
6324,115,"level, spirit",377,,spirit level
6325,107,slide rule,626,,slide rule
6327,20,barometer,50,,barometer
6329,111,sundial,669,,sundial
6331,54,hydrometer,334,,hydrometer
6332,20,barometer,50,,barometer
6333,101,rule,593,,rule
6334,49,set square,614,,square
6338,20,barometer,50,,"barometer,"
6338,128,thermometer,741,,thermometer
6339,20,barometer,50,,barometer
6340,7,"clock, regulator",140,,regulator clocks
6341,110,stereoscope,662,,sterescope
6342,125,telescope,715,,telescope
6345,54,hydrometer,334,,hydrometer
6353,64,measure,408,,measure
6359,123,octant,483,,octant
6362,20,barometer,50,,"barometer,"
6362,20,sympiesometer,700,,sympiesometer
6363,20,barometer,50,,barometer
6364,20,barometer,50,,"barometer,"
6364,29,compass,152,,"compass,"
6364,125,telescope,715,,"telescope,"
6364,128,thermometer,741,,thermometer
6365,96,quadrant,572,,quadrant
6369,20,barometer,50,,"barometer,"
6369,56,hygrometer,343,,"hygrometer,"
6369,125,thermometer,741,,thermometer
6370,20,barometer,50,,"barometer,"
6370,56,hygrometer,343,,"hygrometer,"
6370,60,level,370,,"level,"
6370,128,thermometer,741,,thermometer
6372,125,telescope,715,,telescope
6373,105,sextant,615,,"sextant,"
6374,20,barometer,50,,barometer
6376,20,barometer,50,,barometer
6382,20,barometer,50,,barometer
6386,20,barometer,50,,barometer
6387,66,microscope,429,,microscope
6390,20,barometer,50,,barometer
6392,15,"balance, yarn",48,,yarn balance
6393,20,barometer,50,,"barometer,"
6393,56,hygrometer,343,,"hygrometer,"
6393,128,thermometer,741,,thermometer
6397,66,microscope,429,,microscope
6398,20,barometer,50,,"barometer,"
6398,56,hygrometer,343,,"hygrometer,"
6398,115,"level, spirit",377,,"spirit level,"
6398,128,thermometer,741,,thermometer
6399,20,barometer,50,,"barometer,"
6399,56,hygrometer,343,,"hygrometer,"
6399,115,"level, spirit",377,,"spirit level,"
6399,128,thermometer,741,,thermometer
6400,20,barometer,50,,barometer
6402,101,rule,593,,rule
6406,20,barometer,50,,"barometer,"
6406,56,hygrometer,343,,"hygrometer,"
6406,88,mirror,454,,"mirror,"
6406,128,thermometer,741,,thermometer
6407,20,barometer,50,,barometer
6408,20,barometer,50,,barometer
6409,20,barometer,50,,"barometer,"
6409,56,hygrometer,343,,"hygrometer,"
6409,115,"level, spirit",377,,"spirit level,"
6409,128,thermometer,741,,thermometer
6410,20,barometer,50,,barometer
6411,20,barometer,50,,barometer
6413,20,barometer,50,,barometer
6413,40,barograph,49,,barograph
6413,209,ship's telegraph,623,,ship's telegraph
6414,20,barometer,50,,"barometer,"
6414,128,thermometer,741,,thermometer
6417,66,microscope,429,,microscope
6425,20,barometer,50,,"barometer,"
6425,56,hygrometer,343,,"hygrometer,"
6425,115,"level, spirit",377,,"spirit level,"
6425,128,thermometer,741,,thermometer
6427,20,barometer,50,,barometer
6429,42,electrical machine,221,,electrical machine
6431,20,barometer,50,,barometer
6431,128,thermometer,741,,thermometer
6433,20,barometer,50,,"barometer,"
6433,56,hygrometer,343,,"hygrometer,"
6433,115,"level, spirit",377,,"spirit level,"
6433,128,thermometer,741,,thermometer
6434,20,barometer,50,,"barometer,"
6434,128,thermometer,741,,thermometer
6436,115,"level, spirit",377,,spirit level
6439,39,"compass, beam",156,,"beam compass,"
6439,101,rule,593,,rule
6444,125,telescope,715,,telescope
6450,64,measure,408,,measure capacity
6452,15,"balance, letter",41,,"letter scales (balance),"
6452,101,rule,593,,rule
6464,52,gauge,270,,gauge
6465,60,"level, surveyor's",378,,"surveyors level,"
6465,134,weight,776,,weights
6466,66,microscope,429,,"microscope,"
6466,99,microscope accessory,439,,microscope accessories
6472,20,barometer,50,,"barometer,"
6472,128,thermometer,741,,thermometer
6473,20,barometer,50,,barometer
6474,20,barometer,50,,barometer
6474,128,thermometer,741,,thermometer
6475,20,barometer,50,,"barometer,"
6475,56,hygrometer,343,,"hygrometer,"
6475,115,"level, spirit",377,,"spirit level,"
6475,128,thermometer,741,,thermometer
6480,20,barometer,50,,"barometer,"
6480,210,psychrometer,564,,psychrometer
6481,125,telescope,715,,telescope
6483,125,telescope,715,,"telescopes,"
6483,127,theodolite,734,,theodolites
6485,15,balance,32,,balance
6485,66,microscope,429,,microscope
6486,107,"rule, ullage",601,,ullage rule
6487,101,rule,593,,rule
6491,155,gunnery scale,312,,gunnery scale
6493,20,barometer,50,,barometer
6497,32,chondrometer,119,,chondrometer
6498,20,barometer,50,,"barometer,"
6498,128,thermometer,741,,thermometer
6499,133,surveyor's wheel,698,,"waywiser,"
6499,211,dynamometer,214,,dynamometer
6500,26,chronometer,121,,chronometers
6505,20,barometer,50,,"barometer,"
6505,128,thermometer,741,,thermometer
6510,105,sextant,615,,sextant
6514,212,pitch indicator,810,,pitch indicator
6518,20,barometer,50,,barometer
6521,20,barometer,50,,"barometer,"
6521,128,thermometer,741,,thermometer
6522,114,spectacles,638,,spectacles
6528,45,globe,294,,globe
6535,111,sundial,669,,sundial
6540,66,microscope,429,,"microscope,"
6540,123,octant,483,,octant
6543,54,hydrometer,334,,"hydrometer,"
6543,74,miner's dial,452,,"miners dial,"
6554,99,light defractor,381,,light defractor
6555,59,kaleidoscope,351,,kaleidscope
6557,45,globe,294,,globe
6559,64,measure,408,,capacity measure
6560,142,"model, eye",467,,model (eye)
6561,20,thunderglass,746,,"thunderglass,"
6561,66,microscope,429,,"microscope,"
6561,125,telescope,715,,telescope
6568,20,barometer,50,,"barometer,"
6568,29,compass,152,,"compass,"
6568,128,thermometer,741,,thermometer
6569,20,"barometer, mine",60,,"barometer, (mine)"
6569,27,circumferentor,133,,"circumferentor,"
6569,74,miner's dial,452,,"miners dial,"
6569,108,parallel rule,502,,"rule (parallel),"
6569,128,thermometer,741,,"thermometer,"
6569,147,protractor,560,,protractor
6570,29,miner's dial,452,,"miners dial,"
6570,60,level,370,,level
6575,20,barometer,50,,"barometer,"
6575,56,hygrometer,343,,"hygrometer,"
6575,115,"level, spirit",377,,"spirit level,"
6575,128,thermometer,741,,thermometer
6581,20,barometer,50,,"barometer,"
6581,56,hygrometer,343,,"hygrometer,"
6581,115,"level, spirit",377,,"spirit level,"
6581,128,thermometer,741,,thermometer
6584,20,barometer,50,,barometer
6585,49,"square, folding",646,,folding square
6595,29,compass rose,178,,compass rose
6601,20,barometer,50,,barometer
6601,29,compass,152,,compass
6601,39,drawing instrument,212,,drawing instruments
6601,40,barograph,49,,barograph
6601,42,induction coil,348,,induction coil
6601,60,level,370,,level
6601,80,pantograph,499,,pantograph
6601,84,planimeter,537,,planimeter
6601,101,engineer's scale,245,,engineer's scale
6601,105,sextant,615,,sextant
6601,122,surveyor's staff,696,,surveyor's staff
6601,125,telescope,715,,telescope
6601,142,"model, mechanical",469,,mechanical model
6601,147,protractor,560,,protractor
6601,213,altimeter,13,,altimeter
6604,123,octant,483,,"quadrant (Hadley's?),"
6604,125,telescope,715,,telescope
6605,125,ammeter,14,,ammeter
6606,107,"slide rule, Coggeshall",629,,Coggeshall rule
6612,20,barometer,50,,"barometer,"
6612,128,thermometer,741,,thermometer
6613,20,barometer,50,,"barometer,"
6613,128,thermometer,741,,thermometer
6616,54,hydrometer,334,,"hydrometer,"
6618,20,barometer,50,,barometer
6623,49,tailor's square,705,,tailor's square
6627,20,barometer,50,,barometer
6628,105,sextant,615,,sextant
6631,20,barometer,50,,"barometer,"
6631,56,hygrometer,343,,"hygrometer,"
6631,115,"level, spirit",377,,"spirit level,"
6631,128,thermometer,741,,thermometer
6632,20,barometer,50,,barometer
6634,125,telescope,715,,telescope
6635,105,sextant,615,,sextant
6648,20,barometer,50,,"barometer,"
6656,105,sextant,615,,sextant
6661,29,compass,152,,compass
6668,99,microscope lamp,440,,microscope lamp
6671,20,barometer,50,,barometer
6673,125,spyglass,645,,spyglass
6678,107,slide rule,626,,slide rule
6681,20,barometer,50,,barometer
6683,63,yarn testing lens,789,,lens (yarn testing)
6684,54,hydrometer,334,,"hydrometer,"
6684,128,thermometer,741,,thermometer
6685,54,hydrometer,334,,hydrometer
6686,52,gauge,270,,"gauge,"
6686,101,rule,593,,rule
6687,29,compass,152,,compass
6693,20,barometer,50,,barometer
6694,66,microscope,429,,microscope
6702,60,level,370,,level
6703,20,barometer,50,,"barometer,"
6703,128,thermometer,741,,thermometer
6704,20,barometer,50,,"barometer,"
6704,128,thermometer,741,,thermometer
6708,111,sundial,669,,sundial
6709,125,telescope,715,,telescope
6713,20,barometer,50,,barometer
6714,66,microscope,429,,microscope
6720,66,microscope,429,,microscope
6722,66,microscope,429,,"microscope,"
6722,107,slide rule,626,,slide rule
6723,66,microscope,429,,microscope
6729,20,barometer,50,,barometer
6735,66,microscope,429,,microscope
6736,60,level,370,,level
6737,20,sympiesometer,700,,sympiesometer
6738,20,barometer,50,,barometer
6738,128,thermometer,741,,thermometer
6741,20,barometer,50,,barometer
6741,128,thermometer,741,,thermometer
6747,29,miner's dial,452,,miners dial
6751,20,barometer,50,,"barometer,"
6751,128,thermometer,741,,thermometer
6759,15,balance,32,,"balance,"
6759,125,telescope,715,,telescope
6760,105,sextant,615,,"sextant,"
6762,71,reading glasses,586,,reading glass
6764,20,barometer,50,,"barometer,"
6764,128,thermometer,741,,thermometer
6768,20,barometer,50,,"barometer,"
6768,56,hygrometer,343,,"hygrometer,"
6768,115,"level, spirit",377,,"spirit-level,"
6768,128,thermometer,741,,thermometer
6770,64,measure,408,,measure capacity
6771,85,orrery,496,,orrey
6774,66,microscope,429,,microscope
6776,20,barometer,50,,"barometer,"
6776,128,thermometer,741,,thermometer
6777,20,barometer,50,,barometer
6778,20,barometer,50,,barometer
6782,20,barometer,50,,barometer
6783,20,"barometer, marine",58,,marine barometer
6791,125,telescope,715,,telescope
6795,105,sextant,615,,"sextant,"
6797,20,barometer,50,,barometer
6798,123,octant,483,,octant
6802,26,chronometer,121,,chronometers
6802,105,sextant,615,,"sextant,"
6804,20,barometer,50,,barometer
6808,20,barometer,50,,"barometer,"
6808,128,telescope,715,,telescope
6809,20,barometer,50,,"barometer,"
6809,128,thermometer,741,,thermometer
6825,39,drawing instrument,212,,drawing instruments
6827,15,balance,32,,balance
6828,42,electromagnetic induction machine,232,,electromagnetic induction machine
6829,20,barometer,50,,barometer
6839,26,chronograph,120,,chronograph
6839,125,"telescope, refracting",724,,telescope (refractor)
6842,20,barometer,50,,barometer
6844,85,planetarium,535,,planetarium
6845,20,barometer,50,,barometer
6848,20,barometer,50,,"barometer,"
6848,56,hygrometer,343,,"hygrometer,"
6848,128,thermometer,741,,thermometer
6849,20,barometer,50,,"barometer,"
6849,128,thermometer,741,,thermometer
6850,66,microscope,429,,microscope
6852,101,rule,593,,rule
6853,105,sextant,615,,sextant
6855,20,barometer,50,,"barometer,"
6855,56,hygrometer,343,,"hygrometer,"
6855,115,"level, spirit",377,,"spirit level,"
6855,128,thermometer,741,,thermometer
6856,125,telescope,715,,telescope
6859,125,telescope,715,,telescope
6863,20,barometer,50,,"barometer,"
6863,128,thermometer,741,,thermometer
6865,20,barometer,50,"Barometer signed 'Hanson, Windsor', prob by this man","barometer signed 'Hanson, Windsor', prob by this man;"
6865,128,thermometer,741,,thermometer
6869,128,thermometer,741,,thermometer
6870,54,hydrometer,334,,hydrometer
6872,125,telescope,715,,telescope
6874,111,sundial,669,,sundial
6877,123,octant,483,,octant
6878,54,hydrometer,334,,hydrometer
6879,15,balance,32,,balance
6879,20,barometer,50,,barometer
6880,20,barometer,50,,"barometer,"
6880,128,thermometer,741,,thermometer
6885,20,barometer,50,,"barometer,"
6885,56,hygrometer,343,,"hygrometer,"
6885,115,"level, spirit",377,,"spirit level,"
6885,128,thermometer,741,,thermometer
6886,20,barometer,50,,"barometer,"
6886,128,thermometer,741,,thermometer
6887,29,compass,152,,compass
6889,128,thermometer,741,,thermometer
6891,52,gauge,270,,gauge
6892,101,rule,593,,rule
6897,123,octant,483,,octant
6903,111,"sundial, horizontal dial",680,,horizontal sundial
6904,105,sextant,615,,sextant
6905,20,barometer,50,,barometer
6905,56,hygrometer,343,,hygrometer
6905,128,thermometer,741,,thermometer
6907,66,microscope,429,,microscope
6908,20,barometer,50,,barometer
6910,105,sextant,615,,"sextant,"
6911,20,barometer,50,,"barometer,"
6911,56,hygrometer,343,,"hygrometer,"
6911,128,thermometer,741,,thermometer
6913,105,sextant,615,,sextant
6916,20,barometer,50,,barometer
6919,20,barometer,50,,"barometer,"
6919,128,thermometer,741,,thermometer
6920,29,"compass, miner's",166,,miners compass
6927,66,microscope,429,,microscope
6927,99,microscope objective,443,,"microscope objective,"
6930,20,barometer,50,,barometer
6933,20,barometer,50,,"barometer,"
6933,56,hygrometer,343,,"hygrometer,"
6933,128,thermometer,741,,thermometer
6940,45,globe,294,,globe
6943,20,barometer,50,,"barometer,"
6943,128,thermometer,741,,thermometer
6944,101,rule,593,,rule
6953,105,sextant,615,,sextant
6954,29,compass,152,,compass
6955,54,hydrometer,334,,"hydrometer,"
6955,128,thermometer,741,,"thermometer,"
6957,39,drawing instrument,212,,drawing instruments
6959,15,balance,32,,"balance,"
6959,20,barometer,50,,barometer
6963,66,microscope,429,,microscope
6964,15,balance,32,,"scales,"
6964,20,barometer,50,,"barometer,"
6964,128,thermometer,741,,thermometer
6965,26,chronometer,121,,chronometer
6968,20,barometer,50,,"barometer,"
6968,128,thermometer,741,,thermometer
6969,20,barometer,50,,"barometer,"
6969,56,hygrometer,343,,"hygrometer,"
6969,115,"level, spirit",377,,"spirit level,"
6969,128,thermometer,741,,thermometer
6975,101,rule,593,,rule
6976,20,barometer,50,,"barometer,"
6976,20,storm glass,666,,storm glass
6976,54,hydrometer,334,,"hydrometer,"
6976,56,hygrometer,343,,hygrometer
6979,123,octant,483,,"octant,"
6979,108,parallel rule,502,,parallel rule
6980,20,barometer,50,,"barometer,"
6980,20,storm glass,666,,storm glass
6988,123,octant,483,,octant
6991,66,microscope,429,,microscope
6994,15,balance,32,,"balance,"
6994,39,parallel rule,502,,"parallel rule,"
6994,60,"level, surveyor's",378,,"surveying level,"
6994,125,telescope,715,,"telescope,"
6995,15,balance,32,,balance
6995,125,telescope,715,,telescope
6996,60,level,370,,"level,"
6996,127,theodolite,734,,theodolite
6998,20,barometer,50,,"barometer,"
6998,56,hygrometer,343,,"hygrometer,"
6998,60,level,370,,"level,"
6998,115,"level, spirit",377,,"spirit level,"
6998,128,thermometer,741,,thermometer
6999,105,sextant,615,,sextant
6999,123,octant,483,,"octant,"
7004,20,barometer,50,,barometer
7006,20,barometer,50,,"barometer,"
7006,128,thermometer,741,,thermometer
7007,20,barometer,50,,barometer
7008,20,barometer,50,,"barometer,"
7008,128,thermometer,741,,thermometer
7011,125,telescope,715,,telescope
7012,64,"measure, liquid",413,,liquid measure
7018,54,hydrometer,334,,hydrometer
7022,20,barometer,50,,barometer
7026,29,lean dial,361,,lean dial
7026,147,protractor,560,,protractor
7032,123,octant,483,,octant
7034,105,sextant,615,,sextant
7036,20,barometer,50,,"barometer,"
7036,56,hygrometer,343,,"hygrometer,"
7036,115,"level, spirit",377,,"spirit level,"
7036,128,thermometer,741,,thermometer
7047,105,sextant,615,,sextant
7056,54,hydrometer,334,,hydrometer
7058,54,hydrometer,334,,"hydrometer,"
7058,128,thermometer,741,,thermometer
7059,54,hydrometer,334,,"hydrometer,"
7059,128,thermometer,741,,thermometer
7070,105,sextant,615,,sextant
7071,45,globe,294,,globes
7074,17,binnacle,71,,"binnacle,"
7074,29,compass,152,,compass
7077,115,"level, spirit",377,,spirit level
7079,214,siren,625,,siren
7081,147,protractor,560,,"protractor,"
7087,20,barometer,50,,"barometer,"
7087,115,"level, spirit",377,,"spirit level,"
7087,128,thermometer,741,,thermometer
7088,20,barometer,50,,barometer
7093,26,chronometer,121,,chronometer
7106,20,barometer,50,,"barometer,"
7106,56,hygrometer,343,,"hygrometer,"
7106,115,"level, spirit",377,,"spirit level,"
7106,128,thermometer,741,,thermometer
7107,20,barometer,50,,barometer
7113,204,navigational equipment,478,,nautical instruments
7113,204,position finder,545,Position finder [Macombie],position finder [Macombie
7114,20,barometer,50,,"barometer,"
7114,128,thermometer,741,,thermometer
7117,66,microscope,429,,microscope
7118,125,telescope,715,,telescope
7120,29,compass,152,,"compass,"
7120,123,octant,483,,octant
7121,29,compass,152,,"compass,"
7121,105,sextant,615,,sextant
7122,29,compass,152,,compass
7123,32,chondrometer,119,,"chondrometer,"
7123,54,hydrometer,334,,hydrometer
7125,20,barometer,50,,"barometer,"
7125,128,thermometer,741,,thermometer
7136,111,sundial,669,,sundial
7137,125,telescope,715,,telescope
7151,52,gauge,270,,gauge
7153,20,barometer,50,,barometer
7160,20,barometer,50,,"barometer,"
7160,128,thermometer,741,,thermometer
7162,123,octant,483,,octant
7163,20,barometer,50,,barometer
7169,20,barometer,50,,"barometer,"
7169,56,hygrometer,343,,"hygrometer,"
7169,115,"level, spirit",377,,"spirit level,"
7169,128,thermometer,741,,thermometer
7175,20,sympiesometer,700,,"sympiesometer,"
7179,20,barometer,50,,barometer
7180,20,barometer,50,,barometer
7184,125,telescope,715,,telescope
7186,107,slide rule,626,,slide rule
7186,144,dipstick,205,,dip stick
7187,59,kaleidoscope,351,,kaleidoscope
7188,128,thermometer,741,,thermometer
7189,20,barometer,50,,"barometer,"
7189,54,hydrometer,334,,"hydrometer,"
7189,115,"level, spirit",377,,"spirit level,"
7189,128,thermometer,741,,thermometer
7192,15,balance,32,,scales
7195,125,prospect glass,558,,prospect glass
7197,20,barometer,50,,barometer
7197,128,thermometer,741,,thermometer
7201,66,microscope,429,,microscope
7202,101,rule,593,,rule
7202,115,"level, spirit",377,,spirit level
7204,54,hydrometer,334,,"hydrometer,"
7204,107,slide rule,626,,"slide rule,"
7204,128,thermometer,741,,thermometer
7205,54,glucometer,304,,"glucometer,"
7205,128,thermometer,741,,thermometer
7206,101,rule,593,"Rule [probably by this maker, signed 'Lund of 57 Cornhill, London']","rule [probably by this maker, signed 'Lund of 57 Cornhill, London']"
7208,123,octant,483,,octant
7210,20,barometer,50,,barometer
7214,101,rule,593,,rule
7216,111,moondial,475,,moondial
7224,15,balance,32,,scale
7225,101,rule,593,,rule
7228,20,barometer,50,,"barometer,"
7228,128,thermometer,741,,thermometer
7230,20,barometer,50,,barometer
7232,20,barometer,50,,"barometer,"
7232,128,thermometer,741,,thermometer
7235,20,barometer,50,,"barometer,"
7235,128,thermometer,741,,thermometer
7236,20,barometer,50,,"barometer,"
7236,56,hygrometer,343,,"hygrometer,"
7236,115,"level, spirit",377,,"spirit level,"
7236,128,thermometer,741,,thermometer
7237,45,globe,294,,globes
7238,40,barograph,49,,barograph
7240,60,level,370,,"level,"
7240,101,rule,593,,rule
7241,20,barometer,50,,barometer
7242,45,globe,294,,globe
7243,45,globe,294,,globe
7246,20,barometer,50,,"barometer,"
7246,56,hygrometer,343,,"hygrometer,"
7246,115,"level, spirit",377,,"spirit level,"
7246,128,thermometer,741,,thermometer
7247,20,barometer,50,,"barometer,"
7247,128,thermometer,741,,thermometer
7255,20,barometer,50,,barometer
7259,101,rule,593,,"rule,"
7259,115,"level, spirit",377,,spirit level
7263,101,rule,593,,rule
7265,20,barometer,50,,"barometer,"
7265,128,thermometer,741,,thermometer
7274,20,barometer,50,,barometer
7276,20,barometer,50,,barometer
7277,20,barometer,50,,"barometer,"
7277,128,thermometer,741,,thermometer
7278,20,barometer,50,,"barometer,"
7278,128,thermometer,741,,thermometer
7279,20,barometer,50,,"barometer,"
7279,128,thermometer,741,,thermometer
7281,66,microscope,429,,microscope
7282,125,telescope,715,,telescope
7285,20,barometer,50,,barometer
7286,20,barometer,50,,barometer
7287,20,barometer,50,,barometer
7288,20,barometer,50,,barometer
7290,20,barometer,50,,"barometer,"
7290,56,hygrometer,343,,"hygrometer,"
7290,115,"level, spirit",377,,"spirit level,"
7290,128,thermometer,741,,thermometer
7294,66,microscope,429,,microscope
7297,66,microscope,429,,microscope
7301,114,spectacles,638,,spectacles
7304,20,barometer,50,,"barometer,"
7304,128,thermometer,741,,thermometer
7308,66,microscope,429,,microscope
7318,46,"gauge, pressure",277,,"pressure gauge,"
7318,46,steam engine indicator,657,,steam engine indicator
7318,216,calorimeter,92,,"calorimeter,"
7322,105,sextant,615,,sextant
7323,97,"quadrant, Gunter",578,,Gunter's quadrant
7331,29,compass,152,,compass
7337,66,microscope,429,,microscope
7349,39,drawing instrument,212,,drawing instruments
7352,54,hydrometer,334,,hydrometer
7356,66,microscope,429,,microscope
7357,105,sextant,615,,sextant
7358,20,barometer,50,,"barometer,"
7358,56,hygrometer,343,,"hygrometer,"
7358,128,thermometer,741,,thermometer
7359,20,barometer,50,,barometer
7361,78,opera glasses,485,,"opera glasses,"
7361,114,spectacles,638,,"spectacles,"
7361,125,telescope,715,,telescopes
7362,20,barometer,50,,barometer
7368,60,level,370,,"level,"
7368,105,sextant,615,,sextant
7368,123,octant,483,,"octant,"
7373,20,barometer,50,,"barometer,"
7373,60,"level, dumpy",374,,"dumpy level,"
7373,128,thermometer,741,,thermometer
7377,20,barometer,50,,barometer
7380,20,barometer,50,,barometer
7380,128,thermometer,741,,thermometer
7388,105,sextant,615,,sextant
7392,42,induction coil,348,,"induction coil,"
7392,54,hydrometer,334,,hydrometer
7401,15,"balance, spring",47,,spring balance
7404,20,barometer,50,,"barometer,"
7404,128,thermometer,741,,thermometer
7406,15,balance,32,,scales
7407,15,balance,32,,scale
7410,66,microscope,429,,microscope
7415,20,barometer,50,,"barometer,"
7415,29,compass,152,,compass
7416,20,barometer,50,,"barometer,"
7416,29,compass,152,,compass
7420,20,barometer,50,,barometer
7421,20,barometer,50,,"barometer,"
7421,56,hygrometer,343,,"hygrometer,"
7421,60,level,370,,"level,"
7421,128,thermometer,741,,thermometer
7429,20,barometer,50,,"barometer,"
7429,128,thermometer,741,,thermometer
7430,114,spectacles,638,,spectacles
7438,105,"sextant, drum",617,,drum sextant
7440,125,telescope,715,,telescope
7442,101,"rule, folding",594,,folding rule
7444,20,barometer,50,,barometer
7447,29,compass,152,,compass
7451,101,rule,593,,rule
7453,20,barometer,50,,"barometer,"
7453,128,thermometer,741,,thermometer
7454,105,sextant,615,,sextant
7461,111,sundial,669,,sundial
7463,20,barometer,50,,"barometer,"
7463,128,thermometer,741,,thermometer
7474,64,measure,408,,measure (capacity)
7479,29,compass,152,,compass
7486,20,barometer,50,,barometer
7487,20,barometer,50,,barometer
7489,20,barometer,50,,barometer
7489,128,thermometer,741,,thermometer
7492,20,barometer,50,,barometer
7493,20,barometer,50,,barometer
7494,20,barometer,50,,barometer
7495,20,barometer,50,,barometer
7495,128,thermometer,741,,thermometer
7503,20,barometer,50,,"barometer,"
7503,56,hygrometer,343,,"hygrometer,"
7503,115,"level, spirit",377,,"spirit level,"
7503,128,thermometer,741,,thermometer
7505,29,compass,152,,compass
7508,20,barometer,50,,barometer
7509,125,telescope,715,,telescope
7510,105,sextant,615,,sextant
7511,29,compass,152,,"compass,"
7511,102,Borda circle,76,,"Borda circle,"
7511,105,sextant,615,,"sextant,"
7511,125,telescope,715,,telescope
7512,15,balance,32,,"scales,"
7512,101,rule,593,,"rule,"
7514,107,"slide rule, Coggeshall",629,,Coggeshall rule
7518,20,barometer,50,,"barometer,"
7518,128,thermometer,741,,thermometer
7523,54,hydrometer,334,,hydrometer
7534,20,barometer,50,,barometer
7535,20,barometer,50,,"barometer,"
7535,128,thermometer,741,,thermometer
7545,101,rule,593,,rule
7552,20,"barometer, farmer's",55,,barometer (farmer's)
7554,66,microscope,429,,microscope
7558,20,barometer,50,,"barometer,"
7558,128,thermometer,741,,thermometer
7560,20,barometer,50,,barometer
7561,20,barometer,50,,barometer
7565,45,globe,294,,"globe,"
7565,85,orrery,496,,"orrery,"
7566,45,globe,294,,"globe,"
7566,85,orrery,496,,orrery
7574,15,balance,32,,"balance,"
7574,20,"barometer, aneroid",51,,aneroid barometer
7577,111,heliochronometer,322,,heliochronometer
7579,20,barometer,50,,"barometer,"
7579,128,thermometer,741,,thermometer
7588,20,barometer,50,,barometer
7590,125,telescope,715,,telescope
7591,20,barometer,50,,"barometer,"
7591,56,hygrometer,343,,"hygrometer,"
7591,128,thermometer,741,,thermometer
7598,5,artificial horizon,21,,artificial horizon
7601,105,sextant,615,,sextant
7606,20,barometer,50,,"barometer,"
7606,56,hygrometer,343,,"hygrometer,"
7606,115,"level, spirit",377,,"spirit level,"
7606,128,thermometer,741,,thermometer
7607,20,barometer,50,,barometer
7608,20,barometer,50,,"barometer,"
7608,56,hygrometer,343,,"hygrometer,"
7608,115,"level, spirit",377,,"spirit level,"
7608,128,thermometer,741,,thermometer
7613,54,hydrometer,334,,hydrometer
7615,52,"gauge, depth",273,,"depth gauge,"
7615,107,"slide rule, Coggeshall",629,,"Coggeshall rule,"
7615,115,"level, spirit",377,,spirit level
7617,49,set square,614,,square
7623,20,barometer,50,,barometer
7624,20,barometer,50,,barometer
7625,123,octant,483,,octant
7627,20,barometer,50,,"barometer,"
7627,40,barograph,49,,"banograph,"
7627,128,thermometer,741,,thermometer
7629,66,microscope,429,,microscope
7631,111,sundial,669,,sundial
7638,105,sextant,615,,sextant
7643,20,barometer,50,,"barometer,"
7643,56,hygrometer,343,,"hygrometer,"
7643,115,"level, spirit",377,,"spirit level,"
7643,128,thermometer,741,,thermometer
7644,52,gauge,270,,gauge
7645,101,rule,593,,"rule,"
7645,107,"slide rule, Coggeshall",629,,Coggeshall rule
7646,101,rule,593,,"rule,"
7646,107,"rule, Routledge",599,,"Routledge rule,"
7646,144,dipstick,205,,dip stick
7647,115,"balance, coin",36,,coin balance
7658,45,"globe, lunar",299,,lunar globe
7666,20,barometer,50,,"barometer,"
7666,54,hydrometer,334,,"hydrometer,"
7666,128,thermometer,741,,thermometer
7667,128,thermometer,741,,thermometer
7668,128,thermometer,741,,thermometer
7679,39,"rule, rolling",598,,rolling rule
7682,39,drawing instrument,212,,drawing instruments
7683,150,azimuth circle,30,,azimuth instrument
7684,105,sextant,615,,sextant
7686,80,pantograph,499,,pantograph
7688,20,barometer,50,,barometer
7689,45,globe,294,,globe
7696,147,protractor,560,,protractor
7702,20,barometer,50,,barometer
7703,20,barometer,50,,barometer
7704,20,barometer,50,,barometer
7705,20,barometer,50,,barometer
7706,20,barometer,50,,"barometer,"
7706,128,thermometer,741,,thermometer
7707,20,barometer,50,,barometer
7708,20,barometer,50,,barometer
7709,20,barometer,50,,barometer
7710,20,barometer,50,,"barometer,"
7710,128,thermometer,741,,thermometer
7711,20,barometer,50,,barometer
7716,66,microscope,429,,microscope
7720,123,octant,483,,octant
7721,101,rule,593,,scale rules
7722,66,microscope,429,,microscope
7731,20,barometer,50,,"barometer,"
7731,29,compass,152,,"compass,"
7731,128,thermometer,741,,thermometer
7732,3,air flow meter,5,,"air-flow meter,"
7732,54,hydrometer,334,,"hydrometer,"
7732,111,"chronometer, solar",124,,"solar chronometer,"
7732,128,thermometer,741,,thermometer
7732,147,protractor,560,,"protractor,"
7734,74,miner's dial,452,,miner's dial
7736,20,barometer,50,,"barometer,"
7736,128,thermometer,741,,thermometer
7737,20,barometer,50,,barometer
7738,20,barometer,50,,barometer
7739,20,barometer,50,,barometer
7741,20,barometer,50,,barometer
7742,20,barometer,50,,barometer
7742,128,thermometer,741,,thermometer
7757,101,rule,593,,rule
7762,114,spectacles,638,,spectacles
7766,104,sector,609,,sector
7767,29,compass,152,,compass
7773,20,barometer,50,,barometer
7777,20,barometer,50,,"barometer,"
7777,56,hygrometer,343,,"hygrometer,"
7777,128,thermometer,741,,thermometer
7778,20,barometer,50,,"barometer,"
7778,128,thermometer,741,,thermometer
7779,20,barometer,50,,barometer
7779,128,thermometer,741,,thermometer
7780,20,barometer,50,,barometer
7787,101,rule,593,,rule
7788,54,hydrometer,334,,hydrometer
7789,26,chronometer,121,,chronometer
7792,20,barometer,50,,barometer
7792,128,thermometer,741,,thermometer
7794,26,chronometer,121,,chronometer
7806,39,drawing instrument,212,,"drawing instruments,"
7806,39,proportional dividers,557,,"proportional dividers,"
7806,45,globe,294,,"globe,"
7806,104,sector,609,,sector
7813,39,drawing instrument,212,,drawing instruments
7818,125,telescope,715,,telescope
7821,20,barometer,50,,barometer
7822,111,sundial,669,,sundial
7826,85,tellurion,733,,tellurium
7831,107,slide rule,626,,slide rule
7835,125,telescope,715,,telescope
7837,54,hydrometer,334,,hydrometer
7841,20,barometer,50,,"barometer,"
7841,40,barograph,49,,"barograph,"
7841,128,thermometer,741,,thermometer
7842,20,barometer,50,,"barometer,"
7842,29,"compass, prismatic",169,,"prismatic compass,"
7842,40,barograph,49,,"barograph,"
7842,218,sunshine recorder,692,,sunshine recorder
7845,105,sextant,615,,"sextant,"
7846,220,heliostat,324,,heliostat
7855,105,sextant,615,,sextant
7858,123,octant,483,,octant
7859,125,telescope,715,,telescope
7861,111,"sundial, polyhedral dial",685,,polyhedral dial
7865,20,barometer,50,,"barometer,"
7865,128,telescope,715,,telescope
7866,29,"compass, mariner's",165,,compass (ship's)
7877,66,microscope,429,,microscope
7878,49,set square,614,,"square & rule,"
7878,49,rule,593,,"square & rule,"
7878,101,rule,593,,"rule,"
7878,115,"level, spirit",377,,spirit level
7883,105,sextant,615,,"sextant,"
7883,178,course corrector,185,,course corrector
7888,66,microscope,429,,microscope
7896,78,opera glasses,485,,opera glasses
7899,105,sextant,615,,sextant
7901,123,octant,483,,octant
7903,20,barometer,50,,"barometer,"
7903,56,hygrometer,343,,"hygrometer,"
7903,60,level,370,,"level,"
7903,128,thermometer,741,,thermometer
7906,20,barometer,50,,"barometer,"
7906,115,"level, spirit",377,,spirit level
7908,20,barometer,50,,barometer
7914,20,barometer,50,,"barometer,"
7914,56,hygrometer,343,,"hygrometer,"
7914,115,"level, spirit",377,,"spirit level,"
7914,128,thermometer,741,,thermometer
7918,20,barometer,50,,barometer
7919,20,barometer,50,,"barometer,"
7919,128,thermometer,741,,thermometer
7921,20,barometer,50,,"barometer,"
7921,56,hygrometer,343,,"hygrometer,"
7921,128,thermometer,741,,thermometer
7922,115,"level, spirit",377,,spirit level
7929,105,sextant,615,,sextant
7930,60,level,370,,"level,"
7930,94,polarimeter,542,,"polarimeter,"
7930,220,heliostat,324,,heliostat
7931,105,sextant,615,,sextant
7932,20,barometer,50,,barometer
7941,45,globe,294,,globe
7946,15,balance,32,,"balance,"
7948,163,"model, paddlewheel",470,,model paddlewheel
7956,123,octant,483,,octant
7962,125,telescope,715,,telescope
7966,39,drawing instrument,212,,drawing instruments
7969,127,theodolite,734,,theodolite
7971,60,level,370,,level
7972,60,"level, surveyor's",378,,surveyors level
7973,79,"clock, Wheatstone",144,,"Wheatstone clock,"
7973,259,telegraphic instrument,712,,telegraph instruments
7981,118,galvanometer,266,,galvanometer
7985,20,barometer,50,,barometer
7993,101,horse measure,327,,horse measure
7994,105,"sextant, box",616,,sextant (box)
7995,63,lens,362,,lens
7997,20,barometer,50,,barometer
7997,128,thermometer,741,,thermometer
8001,125,telescope,715,,telescope
8002,28,barometer,50,,"barometer,"
8002,128,thermometer,741,,thermometer
8003,20,barometer,50,,"barometer,"
8003,128,thermometer,741,,thermometer
8004,20,barometer,50,,"barometer,"
8004,56,hygrometer,343,,"hygrometer,"
8004,115,"level, spirit",377,,"spirit level,"
8004,128,thermometer,741,,thermometer
8005,20,barometer,50,,"barometer,"
8005,128,thermometer,741,,thermometer
8007,54,hydrometer,334,,hydrometer
8011,55,hydrostatic bubble,340,,hydro bubbles
8014,140,geometric solid,292,,geometric solids
8021,20,barometer,50,,barometer
8026,29,compass,152,,"compass,"
8026,103,hourglass,328,,hour glass
8033,60,level,370,,"level,"
8033,115,"level, spirit",377,,spirit level
8035,20,barometer,50,,barometer
8038,66,microscope,429,,microscope
8039,20,barometer,50,,"barometer,"
8039,128,thermometer,741,,thermometer
8040,20,barometer,50,,"barometer,"
8040,128,thermometer,741,,thermometer
8042,20,barometer,50,,"barometer,"
8042,128,thermometer,741,,thermometer
8046,20,barometer,50,,barometer
8047,27,circumferentor,133,,"circumferentor,"
8047,105,sextant,615,,sextant
8049,20,barometer,50,,"barometer,"
8049,128,thermometer,741,,thermometer
8050,20,barometer,50,,"barometer,"
8050,128,thermometer,741,,thermometer
8055,39,dividers,208,,dividers
8057,20,barometer,50,,"barometer,"
8057,128,thermometer,741,,thermometer
8061,66,microscope,429,,microscope
8063,99,microscope stage,447,,microscope stage
8070,20,"barometer, stick",63,,stick barometer
8074,101,"rule, shoes",600,,rule (for shoes)
8079,29,compass,152,,compass + sights
8079,29,compass sights,179,,compass + sights
8080,179,weather prognosticator,771,,weather prognosticator
8083,64,measure,408,,measure
8084,20,barometer,50,,"barometer,"
8084,128,thermometer,741,,thermometer
8087,20,barometer,50,,"barometer,"
8087,56,hygrometer,343,,"hygrometer,"
8087,128,thermometer,741,,thermometer
8089,20,barometer,50,,barometer
8100,20,barometer,50,,"barometer,"
8100,128,thermometer,741,,thermometer
8102,29,compass,152,,compass
8104,20,barometer,50,,"barometer,"
8104,114,spectacles,638,,"spectacles,"
8104,128,thermometer,741,,thermometer
8105,64,"measure, milk",414,,milk measure
8107,105,sextant,615,,sextant
8109,101,rule,593,,rule
8111,62,ship's log,620,,log
8119,125,telescope,715,,telescope
8120,201,optical instrument,492,,optical instruments
8122,105,sextant,615,,sextant
8124,124,quintant,581,,quintant
8125,15,balance,32,,balance
8126,29,compass,152,,compass
8131,66,microscope,429,,microscope
8133,60,"level, surveyor's",378,,surveyors level
8142,60,level,370,,"level,"
8143,23,"gauge, calliper",271,,caliper gauge
8149,20,barometer,50,,barometer
8154,20,barometer,50,,"barometer,"
8154,128,thermometer,741,,thermometer
8156,101,"rule, hatter's",595,,rule (hatter's)
8167,60,level,370,,level
8169,123,octant,483,,octant
8173,101,rule,593,,rule
8181,66,microscope,429,,microscope
8186,20,barometer,50,,barometer
8198,20,barometer,50,,"barometer,"
8198,56,hygrometer,343,,"hygrometer,"
8198,115,"level, spirit",377,,"spirit level,"
8198,128,thermometer,741,,thermometer
8199,20,barometer,50,,"barometer,"
8199,56,hygrometer,343,,"hygrometer,"
8199,128,thermometer,741,,thermometer
8204,52,gauge,270,,gauge
8205,12,telescope,715,,telescope
8225,75,octant,483,,octant
8229,110,stereoscope,662,,stereoscope
8233,39,drawing instrument,212,,drawing instruments
8236,105,sextant,615,,sextant
8246,36,dip circle,202,,"dip circle,"
8246,221,spectrometer,642,,"spectrometer,"
8251,54,hydrometer,334,,hydrometer
8252,105,sextant,615,,sextant
8253,105,sextant,615,,sextant
8257,15,balance,32,,balance
8260,66,microscope,429,,microscope
8262,3,anemometer,17,,"anemometer,"
8262,27,circumferentor,133,,"circumferentor,"
8262,29,"compass, miner's",166,,"miners compass,"
8262,52,"gauge, cattle",272,,"cattle gauge,"
8262,69,magic lantern,389,,"magic lantern,"
8262,212,pitchometer,531,,pitchometer
8263,60,level,370,,"level,"
8263,108,parallel rule,502,,"parallel rule,"
8263,114,spectacles,638,,spectacles
8268,20,barometer,50,,barometer
8273,101,parallel rule,502,,parallel rule
8274,20,barometer,50,,barometer
8275,15,"balance, precision",46,,precision balance
8279,47,tachometer,704,,"rev. counter,"
8279,125,telescope,715,,telescope
8282,110,stereoscope,662,,stereoscope
8291,101,rule,593,,rule
8294,54,hydrometer,334,,hydrometer
8302,66,microscope,429,,microscope
8305,114,spectacles,638,,spectacles
8308,39,"compass, wing",173,,wing compasses
8312,64,measure,408,,measure (capacity)
8314,20,barometer,50,,barometer
8315,42,induction coil,348,,"induction coil,"
8315,66,microscope,429,,"microscope,"
8315,127,theodolite,734,,theodolite
8315,174,bull's eye illuminator,81,,"bull's eye lens,"
8317,222,telephone,713,,telephone
8320,20,barometer,50,,"barometer,"
8320,42,induction coil,348,,"induction coil,"
8320,66,microscope,429,,"microscope,"
8320,111,sundial,669,,"sundial,"
8320,118,galvanometer,266,,galvanometer
8322,111,sundial,669,,sundial
8323,20,"barometer, wheel",65,,barometer (wheel)
8329,20,barometer,50,,barometer
8333,26,chronometer,121,,chronometer
8337,219,telegraphic apparatus,711,,telegraph apparatus
8339,178,course corrector,185,,course corrector
8342,125,telescope,715,,telescope
8344,20,barometer,50,,barometer
8349,39,dividers,208,,dividers
8362,85,orrery,496,,orrery
8371,20,barometer,50,,"barometer,"
8371,128,thermometer,741,,thermometer
8387,223,force pump,258,,force pump
8395,45,"globe, folding",297,,globe (folding)
8396,45,"globe, paper",300,,globe (paper)
8397,45,"globe, dissected",296,,globe (dissected)
8402,20,barometer,50,,"barometer,"
8402,128,thermometer,741,,thermometer
8403,29,compass,152,,compass
8426,20,barometer,50,,barometer
8427,20,barometer,50,,barometer
8430,20,barometer,50,,"barometer,"
8430,128,thermometer,741,,thermometer
8486,15,"balance, apothecary's",33,,balance (apothecaries')
8574,20,barometer,50,,"barometer,"
8574,128,thermometer,741,,thermometer
8575,20,barometer,50,,"barometer,"
8575,56,hygrometer,343,,"hygrometer,"
8575,115,"level, spirit",377,,"level (spirit),"
8575,128,thermometer,741,,thermometer
8577,29,compass card,174,,"compass cards,"
8577,147,protractor,560,,protractor
8595,15,scale beam,803,,scale beams
8595,175,steelyard,658,,steelyards
2770,101,rule,593,,rules
2835,105,sextant,615,,"sextants,"
2835,101,rule,593,,"rules,"
2835,125,telescope,715,,"telescopes,"
2835,20,barograph,49,,"barograph,"
2839,107,slide rule,626,,slide rule
8601,176,Atwood machine,27,,Atwwod's machine
146,80,pantograph,499,,pantograph
491,101,standard yard,654,,standard yard
6495,32,chondrometer,119,,chondrometer
1856,123,octant,483,,octant
8605,13,thermometer,741,,thermometer
490,125,telescope,715,,telescope
490,20,barometer,50,,"barometer,"
4184,20,barometer,50,,"barometer,"
3097,125,telescope,715,,telescope
3598,105,sextant,615,,sextant
7697,20,barometer,50,,barometer
8614,15,balance,32,,weighing machine
8617,20,barometer,50,,"barometer,"
8617,128,thermometer,741,,thermometer
734,20,barometer,50,,"barometer,"
2244,20,barometer,50,,barometer
8624,125,telescope,715,,telescope
2793,26,chronometer,121,,chronometers
3595,105,sextant,615,,"sextant,"
3595,20,barometer,50,,"barometer,"
3595,26,chronometer,121,,"chronometers,"
3595,114,spectacles,638,,"spectacles,"
3595,128,thermometer,741,,"thermometer,"
3595,200,mathematical instrument,407,,cases of math inst.
3595,50,tape measure,707,,"measuring tapes,"
3595,101,rule,593,,"rules,"
3595,29,compass,152,,"compass,"
3595,60,level,370,,"level,,"
3595,139,camera,93,,"camera,"
3595,66,microscope,429,,"microscope,"
3595,123,octant,483,,"quadrant (Hadley),"
3595,39,dividers,208,,"dividers,"
3595,127,theodolite,734,,"theodolites,"
3595,45,globe,294,,"globes,"
3595,20,sympiesometer,700,,"sympiesometer,"
3595,78,opera glasses,485,,"opera glasses,"
3595,71,reading glasses,586,,"reading glasses,"
3595,110,stereoscope,662,,"stereoscope,"
3595,48,magnet,390,,"magnet,"
3595,111,"sundial, pocket",684,,"sundial (pocket),"
3595,17,binnacle,71,,"binnacle,"
8637,66,microscope,429,,microscope
1,60,level,370,,"level,"
2602,29,compass,152,,"compass,"
2602,20,barometer,50,,"barometer,"
4607,63,lens,362,,lens
3016,20,barometer,50,,barometer
1645,56,hygrometer,343,,"hygrometer,"
1645,60,level,370,,"level,"
5541,20,barometer,50,,"barometer,"
5541,128,thermometer,741,,thermometer
8641,20,barometer,50,,"barometer,"
8641,128,thermometer,741,,thermometer
4637,127,theodolite,734,,"theodolite,"
4637,39,sector,609,,"proportional compass,"
4637,123,octant,483,,"octant,"
4637,22,calculating machine,84,,"calculating machine,"
4637,133,pedometer,505,,"pedometer,"
5473,66,"microscope, solar",438,,solar microscope
603,42,electrostatic generator,237,,electrostatic m/c
63,96,quadrant,572,,"quadrant,"
63,39,"compass, drafting",158,,compass (drawing inst)
63,136,"compass, Gunter's callipers",162,,compass (calliper Gunter's)
63,111,sundial,669,,"sundial,"
8800,26,chronometer,121,,chronometer
8801,62,ship's log,620,,ship's log
632,104,sector,609,,"sector,"
632,75,octant,483,,"octant,"
632,105,sextant,615,,"sextant,"
1,105,"sextant, box",616,,"sextant (box),"
1,29,miner's dial,452,,"miners dial,"
3591,123,octant,483,,"octant,"
5061,26,chronometer,121,,chronometers
403,26,chronometer,121,,"chronometers,"
5826,26,chronometer,121,,chronometers
6533,20,barometer,50,,"barometer,"
6533,128,thermometer,741,,thermometer
10000,147,protractor,560,,protractor
10001,20,barometer,50,,"barometer,"
10001,128,thermometer,741,,thermometer
5621,20,barometer,50,,barometer
10010,26,chronometer,121,,chronometers
10013,26,chronometer,121,,chronometers
10014,20,barometer,50,,"barometer,"
10014,128,thermometer,741,,thermometer
10015,26,chronometer,121,,chronometers
4110,125,telescope,715,,telescope
5656,26,chronometer,121,,chronometers
10016,26,chronometer,121,,chronometer
10017,26,chronometer,121,,chronometer
4518,26,chronometer,121,,chronometers
10019,26,chronometer,121,,chronometer
5870,26,chronometer,121,,chronometers
9258,26,chronometer,121,,chronometer
10021,26,chronometer,121,,chronometer
9132,26,chronometer,121,,chronometers
5060,26,chronometer,121,,chronometer
8880,26,chronometer,121,,"chronometers,"
10022,26,chronometer,121,,chronometer
10023,26,chronometer,121,,chronometers
8207,26,chronometer,121,,chronometer
442,111,"sundial, horizontal dial",680,,sundial (horizontal)
442,39,drawing instrument,212,,"drawing inst,"
4632,107,slide rule,626,,slide rule
10028,306,wireless (radio) instrument,786,,wireless (radio) instrument
10031,20,barometer,50,,barometer
10031,128,thermometer,741,,thermometer
3219,125,telescope,715,,telescope
3365,128,thermometer,741,,thermometer
10032,20,barometer,50,,barometer
10032,128,thermometer,741,,thermometer
10033,20,barometer,50,,barometer
10033,128,thermometer,741,,thermometer
4259,146,Delezenne circle,195,,"Earth inductor (Delezenne's circle),"
10040,20,barometer,50,,barometer
10041,111,"sundial, horizontal dial",680,"Sundial (slate, horizontal)","sundial (slate, horizontal)"
3093,15,"balance, assay",34,,"assay balance,"
3093,15,"balance, yarn",48,,yarn balance
4510,105,sextant,615,,sextant
5647,29,"compass, recording",170,Recording compass (used in Great Western paddle steamer),recording compass (used in Great Western paddle steamer)
10043,118,galvanometer,266,,galvanometers
10046,111,sundial,669,,sundial
3669,29,"compass, mariner's",165,,"marine compass,"
3669,123,octant,483,,"octant,"
3669,125,telescope,715,,telescope
4557,20,"barometer, pocket",61,,pocket barometer
9086,123,octant,483,,octant
3781,20,barometer,50,,"barometer,"
3781,128,thermometer,741,,thermometer
3781,29,"compass, magnetic",163,,"compass (magnetic),"
3781,125,"telescope, refracting",724,,"telescope (refacting),"
10049,29,"compass, mariner's",165,,"mariner's compass,"
10049,17,binnacle,71,,"binnacle,"
10049,62,ship's log,620,,"ship's log,"
10049,241,sounding machine,635,,sounding machine
10049,251,navigational equipment,478,,"bearing inst,"
437,128,thermometer,741,,thermometer
10075,15,balance,32,,weighing machines
10076,26,chronometer,121,,chronometer
10077,26,chronometer,121,,chronometers
10078,26,chronometer,121,,chronometers
10079,26,chronometer,121,,chronometer
3105,26,chronometer,121,,chronometers
9086,26,chronometer,121,,"chronometers,"
10080,26,chronometer,121,,chronometers
4245,20,"barometer, pocket",61,,"pocket barometer,"
10106,259,telegraphic instrument,712,,telegraph inst
10108,118,galvanometer,266,,galvanometers
10146,26,chronometer,121,,chronometers
10155,99,microscope objective,443,,microscope objective
5279,26,chronometer,121,,chronometers
7746,26,chronometer,121,,chronometers
10168,26,chronometer,121,,chronometers
5098,26,chronometer,121,,chronometers
6583,26,chronometer,121,,chronometer
10176,26,chronometer,121,,chronometers
10177,26,chronometer,121,,chronometer
10178,26,chronometer,121,,chronometer
9252,26,chronometer,121,,chronometer
8165,26,chronometer,121,,chronometers
10207,26,chronometer,121,,chronometer
10208,26,chronometer,121,,chronometer
10209,26,chronometer,121,,chronometer
10210,26,chronometer,121,,chronometer
8231,26,chronometer,121,,"chronometers,"
7621,54,hydrometer,334,,hydrometer
8169,26,chronometer,121,,"chronometers,"
10273,26,chronometer,121,,chronometers
9245,26,chronometer,121,,chronometers
7638,26,chronometer,121,,"chronometers,"
3328,20,barometer,50,,"barometer,"
3328,128,thermometer,741,,thermometer
10309,40,barograph,49,,barograph
10014,115,"level, spirit",377,,"spirit level,"
3757,105,sextant,615,,sextant
10338,26,chronometer,121,,chronometers
10339,26,chronometer,121,,chronometers
10340,26,chronometer,121,,chronometer
10341,26,chronometer,121,,chronometer
10342,26,chronometer,121,,chronometer
10343,26,chronometer,121,,chronometer
10344,26,chronometer,121,,chronometers
10359,15,balance,32,,"scales,"
10359,15,balance,32,,"weighing machines,"
10359,134,weight,776,,weights
3358,128,thermometer,741,,thermometer
4278,66,"microscope, compound",432,,"microscope, compound"
10373,26,chronometer,121,,chronometer
10374,26,chronometer,121,,chronometers
10375,16,chronometer,121,,chronometer
10376,26,chronometer,121,,chronometers
10377,26,chronometer,121,,chronometers
10416,26,chronometer,121,,chronometers
10245,26,chronometer,121,,chronometers
10417,26,chronometer,121,,chronometers
10429,20,barometer,50,,"barometer,"
10429,123,octant,483,,octant
2835,39,drawing instrument,212,,"drawing instruments,"
6994,20,barometer,50,,"barometer,"
6994,128,thermometer,741,,thermometer
7081,20,barometer,50,,"barometer,"
7081,128,thermometer,741,,thermometer
8356,125,telescope,715,,telescope
3405,26,chronometer,121,,"chronometers,"
3587,69,magic lantern,389,,magic lantern
9589,26,chronometer,121,,chronometers
10442,125,telescope,715,,telescope
1980,20,barometer,50,,"barometer,"
1980,56,hygrometer,343,,"hygrometer,"
1980,115,"level, spirit",377,,"spirit level,"
1980,128,thermometer,741,,thermometer
2086,101,"rule, with protractor",602,"Rule, 6-inch ivory, with protractor,","rule, 6-inch ivory, with protractor,"
2086,147,"protractor, on rule",563,,"protractor (on rule),"
2088,104,sector,609,"Sector, ivory","sector, ivory,"
2088,20,barometer,50,,"barometer,"
2088,127,theodolite,734,,theodolite
2088,101,rule,593,,"rule,"
4259,147,protractor,560,,"protractor,"
4259,60,"level, surveyor's",378,,"surveying level,"
4259,101,"balance, Marquois",42,,"Marquois scales,"
4259,29,"compass, prismatic",169,,"prismatic compass,"
4259,39,cavalry sketching board,106,,"cavalry sketch board,"
4259,213,altimeter,13,,"altimeter,"
4259,98,"quadrant, gunner's",577,,"gunner's quadrant,"
4259,19,binoculars,73,,"binoculars,"
4259,107,"slide rule, Pollit's pipe calculator",630,,"Pollit's pipe calculator = slide rule,"
4259,101,architect's scale,19,,"architect's scale,"
4259,101,rule,593,,"rules,"
4259,28,"level, Abney",371,,"Abney level,"
4259,279,voltmeter,765,,voltmeter
7866,26,chronometer,121,,"chronometers,"
8736,26,chronometer,121,,chronometers
10489,20,barometer,50,,barometer
10489,128,thermometer,741,,thermometer
6660,28,"level, Abney",371,,Abney level
8246,101,measuring bar,415,,"measuring bar,"
10526,111,"sundial, horizontal dial",680,,sundial (horizontal)
10527,209,ship's telegraph,623,,ship's telegraph
10528,29,"compass, magnetic",163,,compass (magnetic)
10528,128,"thermometer, desk",742,,thermometer (desk)
8123,123,octant,483,,octant
6466,66,"microscope, binocular",430,,"binocular microscope,"
10532,334,water meter,768,,water meter
3591,124,telescope,715,,telescope
3594,99,microscope accessory,439,,microscope accessory
8807,105,sextant,615,,sextant
8808,45,globe,294,,"globes,"
8808,83,planisphere,538,,planisphere
8231,105,sextant,615,,sextant
8810,52,"gauge, mill gear",275,,mill gear gauge
4300,123,octant,483,,oxtant
3640,150,azimuth circle,30,,azimuth sight
8811,123,octant,483,,octant
8812,20,barometer,50,,barometer
8813,20,barometer,50,,barometer ?
8814,20,barometer,50,,barometer
4288,66,"microscope, binocular",430,,"binocular microscope,"
8816,63,lens,362,,lens
8819,125,telescope,715,,telescope
2721,14,backstaff,31,,backstaff
4131,20,barometer,50,,barometer
4159,111,sundial,669,,"sundial,"
4159,29,compass,152,,"compass,"
4159,128,thermometer,741,,thermometer
430,105,sextant,615,,sextants
430,15,"balance, precision",46,,"balance, precision,"
430,15,"balance, coin",36,,"balance, coin,"
430,65,manometer,399,,"manometer,"
430,29,"compass, mariner's",165,,compass (ship's)
430,39,drawing instrument,212,,drawing instruments
430,239,microtome,449,,microtome
4243,178,course corrector,185,,course corrector
8843,20,barometer,50,,barometer
8844,26,chronometer,121,,chronometer
433,45,"globe, pocket",301,,globe pocket
433,45,"globe, terrestrial",303,,globe terrestrial
8845,134,weight,776,,weights
6648,26,chronometer,121,,chronometer
8847,26,chronometer,121,,chronometer
15,109,station pointer,655,,"station pointer,"
8851,20,barometer,50,,barometer
7332,26,chronometer,121,,chronometers
8852,46,steam engine indicator,657,,steam engine indicator
7379,26,chronometer,121,,chronometer
8853,20,barometer,50,,barometer
8854,109,station pointer,655,,station pointer
5865,56,hygrometer,343,,"hygrometer,"
5865,128,thermometer,741,,thermometer
441,133,surveyor's wheel,698,,waywiser
139,101,rule,593,,"rule,"
8857,26,chronometer,121,,chronometers
8858,26,chronometer,121,,chronometer
8860,108,sextant,615,,sextants
8861,20,barometer,50,,barometer
8862,26,chronometer,121,,chronometer
1440,20,barometer,50,,"barmometer,"
1440,128,thermometer,741,,thermometer
8863,20,barometer,50,,barometer
1626,20,barometer,50,,"barometer,"
1625,51,"level, gunner's",376,,"Gunner's level,"
1625,20,"barometer, stick",63,,"barometer (stick),"
1625,128,thermometer,741,,thermometer
2172,245,clock,138,,clock
8867,20,barometer,50,,barometer
5540,20,"barometer, marine",58,,barometer (marine)
1435,105,sextant,615,,sextant
1435,20,sympiesometer,700,,sympiesometer
1435,125,telescope,715,,"telescope,"
1435,20,"barometer, stick",63,,barometer (stick)
1435,128,thermometer,741,,thermometer
1435,123,octant,483,,octant
8870,20,barometer,50,Probably,barometer (probably)
8871,20,barometer,50,,barometer
8872,20,barometer,50,,barometer
8873,20,barometer,50,,"barometer,"
8873,56,hygrometer,343,,"hygrometer,"
8873,60,level,370,,"level,"
8873,128,thermometer,741,,thermometer
2825,81,polariscope,543,,"polariscope,"
2825,152,battery,67,,battery
2825,125,telescope,715,,"telescope,"
2825,66,microscope,429,,microscope
8709,20,"barometer, Fitzroy",56,,"Fitzroy barometer,"
8709,128,thermometer,741,,thermometer
8875,20,"barometer, stick",63,,"barometer,stick,"
8875,128,thermometer,741,,thermometer
4268,20,"barometer, coastal",53,,barometer (coastal)
4268,128,thermometer,741,,thermometer
7210,56,hygrometer,343,,"hygrometer,"
7210,60,level,370,,"level,"
7210,128,thermometer,741,,thermometer
1019,20,barometer,50,,"barometer,"
1019,56,hygrometer,343,,"hygrometer,"
1019,60,level,370,,"level,"
1019,128,thermometer,741,,thermometer
3115,66,microscope,429,,"microscope,"
8879,40,barograph,49,,barograph
8880,29,"compass, mariner's",165,,"compass, mariner's"
446,20,barometer,50,,barometer
8883,26,chronometer,121,,chronometers
8884,133,surveyor's wheel,698,,waywiser
4259,107,slide rule,626,,"slide rule,"
4259,251,course indicator,186,,"course indicator,"
514,105,sextant,615,,sextant
678,54,"alcoholometer, Field's",10,,Field's patent alcoholometer
678,111,"sundial, universal ring dial",691,,universal equinoctial ring dial
4281,66,microscope,429,,"microscope,"
4281,99,microscope accessory,439,,microscope accessories
326,128,thermometer,741,,thermometer
8887,101,rule,593,,rule
3311,26,chronometer,121,,chronometers
293,39,parallel rule,502,,parallel rule
72,39,"compass, drafting",158,,compasses
65,111,"sundial, horizontal dial",680,,"horizontal dial,"
65,111,"sundial, ring dial",688,,"ring dial,"
65,111,"sundial, compass dial",674,,compass dial
4257,99,microscope objective,443,,microscope objectives
4257,125,telescope,715,,telescope
5909,15,"balance, chemical",35,,chemical balance
110,27,circumferentor,133,,"circumferentor,"
110,104,sector,609,,"sector,"
110,107,logarithmic scale,385,,"log scales,"
110,111,"sundial, diptych dial",676,,dyptich
144,92,"calendar, perpetual",89,,perpetual calendar
144,125,sextant,615,,sextant equator
145,126,tellurion,733,,tellurium
1850,56,hygrometer,343,,"hygrometer,"
1850,15,balance,32,,"balance,"
8892,13,balance,32,,"balance,"
8892,134,weight,776,,weights
1825,15,balance,32,,"scales,"
1825,134,weight,776,,weights
3,66,"microscope, solar",438,,solar microscope
6887,20,barometer,50,,"barometer,"
8894,101,rule,593,,rules
4278,99,microscope accessory,439,,microscope accessory
8896,15,balance,32,,"balance,"
8896,134,weight,776,,weights
168,111,"sundial, Butterfield dial",673,,"Butterfield sundial,"
168,111,armillary sphere,20,,"Armillary dial,"
168,111,"sundial, universal dial",689,,"universal dial,"
168,66,"microscope, Culpeper",434,,Culpeper microscope.
633,147,protractor,560,,protractor
1156,45,"globe, pocket",301,,"pocket globe,"
554,102,"sextant, box",616,,box sextant
168,97,"quadrant, Gunter",578,,Gunters quadrant
168,136,"callipers, gunner's",91,,"gunner's callipers,"
168,14,backstaff,31,,"backstaff,"
3517,96,quadrant,572,,"quadrants,"
3517,125,"telescope, Gregorian",720,,telescope (Gregorian)
2137,144,gauging rod,289,,gauging rods
1023,20,"barometer, angle",52,,"barometer (angle),"
8897,123,octant,483,,octant
8898,20,barometer,50,,barometer
1718,128,thermometer,741,,thermometer
3032,26,chronometer,121,,chronometers
8902,66,microscope,429,,"microscope,"
8902,99,microscope accessory,439,,microscope accessories
8904,26,chronometer,121,,chronometer
6039,66,microscope,429,,"microscope,"
6039,19,binoculars,73,,"binoclars,"
8905,125,telescope,715,,telescpoe
2981,26,chronometer,121,,chronometers
3168,111,"sundial, universal dial (portable)",690,,sundial (portable universal equatorial)
3168,125,telescope,715,,telescope
3168,27,circumferentor,133,,circumferentor
3168,128,thermometer,741,,thermometer
8908,128,"model, computing machine",465,,model of computing machine
8909,20,barometer,50,Probably,barometer (probably)
8910,20,barometer,50,,barometer
8911,20,barometer register plate,66,,barometer plates
8912,26,chronometer,121,,chronometer
8906,258,"model, computing machine",465,,model of computing machine
8914,259,electric telegraph,225,,eleetric telegraph
8915,259,telegraphic instrument,712,,telegraph instruments h instruments
4770,128,thermometer,741,,thermometer
8919,26,chronometer,121,,chronometers
8920,20,barometer,50,,barometer
800,20,barometer,50,,"barometer,"
800,125,telescope,715,,telescope
7368,102,reflecting circle,587,,"reflecting circle,"
8926,26,chronometer,121,,chronometer
8928,20,barometer,50,,barometer
8929,20,"barometer, aneroid",51,,barometer (aneroid)
8930,20,barometer,50,,"barometer,"
8930,128,thermometer,741,,thermometer
8931,49,set square,614,,set square
1464,131,"telescope, transit",726,,transit telescope
5724,123,octant,483,,octant
766,66,microscope,429,,"microscopes,"
766,29,"compass, mariner's",165,,sea compasses
8957,20,barometer,50,,"barometer,"
8957,128,thermometer,741,,thermometer
3648,17,binnacle,71,,binnacle
1215,5,artificial horizon,21,,"artificial horizon,"
1215,29,compass,152,,"compass,"
1215,105,"sextant, box",616,,sextant (box)
2181,20,barometer,50,,barometer
2181,128,thermometer,741,,thermometer
8958,26,chronometer,121,,chronometer
8960,260,electric time distribution system,226,,electric time distribution system
8962,26,chronometer,121,,chronometers
115,21,barometer,50,,baroscope
629,66,microscope,429,,microscope
1205,54,hydrometer,334,,hydrometer
4975,20,barometer,50,Possibly,? Barometer
8964,64,"measure, bushel",410,,bushel measure
6795,123,octant,483,,"octant,"
641,5,artificial horizon,21,,"artificial horizon,"
1867,29,compass,152,Probably by Henry (I),compass (?) [probably by Henry (I)]
642,123,octant,483,,"octant,"
642,125,telescope,715,,telescope
1486,133,surveyor's wheel,698,,waywiser
5014,7,"clock, regulator",140,,"Astro clock,"
5014,26,chronometer,121,,chronometers
3821,128,thermometer,741,,thermometer
2973,128,thermometer,741,,thermometer
1523,123,octant,483,,octant
1214,125,"telescope, refracting",724,,"telescope (refracting),"
1213,85,orrery,496,,"orrery,"
1213,125,"telescope, equatorial",719,,telescope (equatorial)
5484,20,barometer,50,,"barometer,"
5484,128,thermometer,741,,thermometer
1929,20,barometer,50,,"baometer,"
1929,128,thermometer,741,,thermometer
431,60,level,370,,"level,"
4775,20,barometer,50,,"barometer,"
4775,128,thermometer,741,,thermometer
6511,77,ophthalmoscope,487,,ophthalmascope
6533,77,ophthalmoscope,487,,"ophthalmoscopes,"
6616,77,ophthalmoscope,487,,ophthalmoscope
8965,42,induction coil,348,,"induction coil,"
8965,77,ophthalmoscope,487,,"ophthalmoscope,"
8965,128,thermometer,741,,"thermometer,"
8965,154,magneto-electric machine,395,,magneto electronic machine
339,66,microscope,429,,microscope
8966,20,"barometer, Fortin",57,,barometer (Fortin)
8902,77,ophthalmoscope,487,,opthalmoscope
8967,20,barometer,50,,"barometer,"
8967,128,thermometer,741,,thermometer
702,108,parallel rule,502,,parallel rule
702,125,"telescope, reflecting",723,,telescope (reflecting)
7184,66,microscope,429,,microscope
7184,69,magic lantern,389,,lantern slide projector
7184,77,ophthalmoscope,487,,ophthalmoscope
1909,20,barometer,50,,"barometer,"
1909,128,thermometer,741,,thermometer
550,99,microscope accessory,439,,"microscope accessories,"
550,128,thermometer,741,,"thermometers,"
550,125,"telescope, reflecting",723,,telescopes (reflecting)
550,29,"compass, magnetic",163,,compass (magnetic)
550,115,"level, spirit",377,,"spirit level,"
550,98,"quadrant, gunner's",577,,"gunner,s quadrant,"
550,125,"telescope, refracting (portable)",725,,"telescope (portable, refractor)"
550,78,opera glasses,485,,"oprea glasses,"
550,60,"level, surveyor's",378,,"surveyor's level,"
550,66,"microscope, solar",438,,solar microscope
2816,63,lens,362,,"lanses,"
2816,114,spectacles,638,,"spectacles,"
2816,69,magic lantern,389,,"magic lantern,"
2816,48,magnet,390,,"magnets,"
2816,42,"electrical machine, Galvano",222,,electrical machine (Galvano)
2816,25,camera obscura,104,,"camera obscura,"
2816,78,opera glasses,485,,"opera glasses,"
2816,60,level,370,,"levels,"
2816,45,manometer,399,,"vacuum gauge,"
2816,142,"model, steam engine",473,,"model steam engine,"
3500,99,microscope accessory,439,,microscope accessories
4278,77,ophthalmoscope,487,,"ophthalmoscope,"
4287,20,"barometer, diagonal",54,,barometer (diagonal)
4287,127,theodolite,734,,"theodolite,"
4287,69,magic lantern,389,,"magic lantern,"
4287,39,drawing instrument,212,,"drawing instruments,"
4287,101,rule,593,,"rules,"
4287,104,sector,609,,"sector,"
4287,147,protractor,560,,"protractor,"
4287,125,telescope,715,,telescope
4287,108,parallel rule,502,,"parallel rule,"
4287,20,"barometer, pocket aneroid",62,,"barometer (pocket aneroid),"
4287,77,ophthalmoscope,487,,ophthalmoscope
440,37,gyroscope,319,,"gyroscope,"
440,42,cylinder electrical machine,193,,cylinder electrical machine
440,147,protractor,560,,"protractor,"
440,118,galvanometer,266,,galvanometer
440,28,clinometer,135,,"clinometer,"
440,163,pulley,565,,pulleys (mechanical demonstration apparaus0
440,263,siren,625,,siren
5469,77,ophthalmoscope,487,,ophthalmoscope
8294,77,ophthalmoscope,487,,ophthalmoscope
8974,20,barometer,50,,barometer
4634,63,lens board,367,,lens board
8976,26,chronometer,121,,chronometer
8977,125,telescope,715,,telescope
4114,20,sympiesometer,700,,"sympiesometer,"
8978,29,compass,152,,compass
254,45,"globe, terrestrial",303,,"globe, terrestrial"
2206,45,globe,294,,globe
279,111,"sundial, double horizontal dial",677,,double horizontal sundial
279,126,Gunter's scale,316,,Gunter's scale
4623,115,"level, spirit",377,,spirit level
2808,20,barometer,50,,"barometer,"
2808,128,thermometer,741,,thermometer
8980,20,barometer,50,,"barometer,"
8980,128,thermometer,741,,thermometer
8980,56,hygrometer,343,,"hygrometer,"
8980,60,level,370,,level
2096,20,barometer,50,,barometer
3500,1,air pump,8,,"air pump,"
4522,125,telescope,715,,"telescope,"
8982,20,barometer,50,,"barometer,"
8982,128,thermometer,741,,thermometer
8983,20,barometer,50,,"barometer,"
8983,56,hygrometer,343,,"hygrometer,"
8983,128,thermometer,741,,thermometer
8984,154,magneto-electric machine,395,,magneto electrical machine
475,56,hygrometer,343,,"hygrometer,"
475,115,"level, spirit",377,,"spirit level,"
475,128,thermometer,741,,thermometer
8985,63,lens,362,,"lenses,"
8985,125,telescope,715,,telescopes
8133,66,microscope,429,,"microscope,"
47,66,microscope,429,,"microscope,"
47,105,sextant,615,,"sextant,"
47,128,thermometer,741,,"thermometer,"
47,101,rule,593,,"rule,"
47,123,octant,483,,"octant,"
47,45,globe,294,,"globe,"
47,103,"sextant, pocket",618,,"miniature sextant,"
47,104,sector,609,,"sector,"
8986,20,barometer,50,,"barometer,"
8986,128,thermometer,741,,thermometer
4775,60,level,370,,"level,"
8987,111,"sundial, horizontal dial",680,,sundial (horizontal)
642,20,"barometer, stick",63,,barometer (stick)
232,66,"microscope, simple",437,,"microscope (simple),"
8988,20,barometer,50,,"barometer,"
8988,128,thermometer,741,,thermometer
8989,85,orrery,496,,orrrery
1021,111,"sundial, inclining dial",681,,sundial (inclining)
770,125,"telescope, reflecting",723,,telescope (reflecting)
6077,101,"rule, folding",594,,"folding rule,"
37,125,telescope,715,,telescpoe
8991,20,barometer,50,,"barometer,"
8991,128,thermometer,741,,thermometer
8992,123,octant,483,,octant
8993,66,microscope,429,,microscope
3518,111,sundial,669,,"sundial,"
8995,111,"sundial, horizontal dial",680,,sundial (horizontal)
5,20,barometer,50,Probably but could be by his son,"barometer, (probably but could be by his son)"
5,128,thermometer,741,Thermometer (or could be by his son),thermometer (or could be by his son)
37,80,pantograph,499,,"pantograph,"
37,105,sextant,615,,sextant
37,127,theodolite,734,,theodolite
519,111,sundial,669,,sundial
205,98,"quadrant, gunner's",577,,"quadrants (gunners),"
205,136,"callipers, gunner's",91,,callipers (gunners)
205,52,grapeshot,811,,shot grapes
205,39,drawing instrument,212,,"drawing instruments,"
205,39,"compass, drafting",158,,"compasses (drawing),"
205,127,theodolite,734,,"theodolites,"
205,86,plane table,532,,"plane tables,"
205,112,chain,108,,"chains,"
205,101,"rule, joint",596,,"joint rules,"
205,125,telescope,715,,telescopes
205,103,hourglass,328,,"sand glasses,"
205,29,"compass, mariner's",165,,"steering compasses,"
205,29,"compass, miner's",166,,"miner's compasses,"
205,29,"compass, pocket",168,,"pocket compasses,"
205,2,alidade,11,,"alidader,"
205,101,rule,593,,"scale rules,"
286,85,orrery,496,,"orrery,"
286,111,"sundial, universal dial",689,,"universal dial,"
286,111,"sundial, analemmatic dial",670,,analemmatic dial
9007,15,"balance, coin",36,,coin balance
45,111,"sundial, equinoctial ring dial",679,,equinoctral ring dial
4697,123,octant,483,,octant
6222,20,"barometer, marine",58,,"marine barometer,"
6222,20,sympiesometer,700,,sympies barometer
4114,128,thermometer,741,,thermometer
9011,266,"gauge, paper",276,,paper gauge
5651,128,thermometer,741,,"thermometer,"
5651,56,hygrometer,343,,"hygrometer,"
5651,60,level,370,,level
1598,1,air pump,8,,"air pump,"
1598,29,circumferentor,133,,surveyor's compass
1598,107,slide rule,626,,"slide-rule,"
1598,128,thermometer,741,,thermometer
9013,20,"barometer, aneroid",51,,barometer (aneroid)
9013,128,thermometer,741,,thermometer
4286,60,"level, engineer's",375,,engineer's level
4886,36,dip circle,202,,dip circle.
4886,29,"compass, prismatic",169,,compass prismatic
4308,125,telescope,715,,"telescope,"
4308,99,microscope accessory,439,,microscope accessories
8076,26,chronometer,121,,chrmometers
4243,20,"barometer, pocket",61,,"pocket barometer,"
9017,20,"barometer, aneroid",51,,barometer (aneroid)
2016,125,telescope,715,,telescope
1704,101,slide rule,626,,slide rule
4744,20,"barometer, pocket",61,,pocket barometer
9018,36,dip circle,202,,dip circle
3645,123,octant,483,,octant
9021,20,barometer,50,,barometer
4132,125,"telescope, refracting",724,,telescope (refactor)
4132,70,micrometer,426,,micrometer
4132,15,"balance, precision",46,,balance (pricision)
4132,63,lens,362,,lenes
4132,268,magnetometer,396,,magnetometer
9022,116,spectroscope,644,,spectroscope
1360,7,"clock, regulator",140,,Astro clock
545,45,"globe, table",302,,globes (table)
9023,20,barometer,50,,barometer
9023,128,thermometer,741,,thermometer
7121,26,chronometer,121,,"chronometer,"
5268,3,anemometer,17,,"wind gauge,"
5268,19,binnacle,71,,"binnacle,"
5268,5,artificial horizon,21,,"artificial horizon,"
5268,105,sextant,615,,sextant
5268,251,course indicator,186,,course indicator
9024,138,tide calculator,748,,tidal index
9024,52,depth finder,198,,"depth record,"
9026,45,"globe, inflatable",298,,globe (inflatable)
9027,20,barometer,50,,"barometer,"
9027,128,thermometer,741,,thermometer
741,68,"sector, astronomical",610,,"astro sector,"
826,104,sector,609,Sector (probably),sector (probably)
9028,20,barometer,50,,"barometer,"
9028,56,hygrometer,343,,"hygrometer,"
9028,60,level,370,,"level,"
9028,128,thermometer,741,,thermometer
3248,20,barometer,50,,"barometer,"
9029,20,barometer,50,,"barometer,"
9029,128,thermometer,741,,thermometer
9031,20,barometer,50,,barometer
783,111,sundial,669,,sundial
9032,123,octant,483,,octant
7388,29,"compass, dry-card",160,,"compass (dry-card),"
9033,29,compass,152,,compass
2326,20,barometer,50,,"barometer,"
2326,125,telescope,715,,telescope
2326,128,thermometer,741,,thermometer
9034,37,gyroscope,319,,gyroscope
8251,29,"compass, magnetic",163,,compass (magnetic)
9035,20,barometer,50,,barometer
4259,39,dividers,208,,"dividers,"
4259,108,parallel rule,502,,"parallel rule,"
4259,80,eidograph,218,,"eidograph,"
508,26,chronometer,121,,chronometer
9036,24,chronometer,121,,chronometers
695,26,chronometer,121,,chronometers
9037,123,octant,483,,octant
344,66,microscope,429,,microscope
7856,1,air pump,8,,vacuum pump
9038,20,barometer,50,,"barometer,"
9038,128,thermometer,741,,thermometer
9039,20,barometer,50,,"barometer,"
9039,128,thermometer,741,,thermometer
2809,128,thermometer,741,,thermometer
4090,128,thermometer,741,,thermometer
4090,115,"level, spirit",377,,"spirit level,"
122,97,"quadrant, Gunter",578,,Gunter's quadrant
9040,20,barometer,50,,barometer
4049,128,thermometer,741,,thermometer
4049,56,hygrometer,343,,"hygrometer,"
9042,20,barometer,50,,"barometer,"
9042,56,hygrometer,343,,"hygrometer,"
9042,128,thermometer,741,,thermometer
9042,115,"level, spirit",377,,"spirit level,"
9043,20,barometer,50,,"barometer,"
9043,128,thermometer,741,,thermometer
9045,20,barometer,50,,"barometer,"
9045,128,thermometer,741,,thermometer
6111,125,telescope,715,,telescope
9046,20,barometer,50,,"barometer,"
9046,128,thermometer,741,,thermometer
9047,125,telescope,715,,telescope
9048,20,barometer,50,,"barometer,"
9048,128,thermometer,741,,thermpmeter
9049,20,barometer,50,,barometer
4377,45,"globe, terrestrial",303,,"globe, terrestrial"
9050,45,"globe, terrestrial",303,,globes terristrial
3449,125,telescope,715,,telescope
9051,20,barometer,50,,"barometer,"
9051,128,thermometer,741,,thremometer
9052,125,telescope,715,,telescope
3757,123,octant,483,,"octant,"
9053,20,barometer,50,,"barometer,"
9053,128,thermometer,741,,thermometer
2835,128,thermometer,741,,thermometers
2841,20,"barometer, marine",58,,"marine barometer,"
2841,125,octant,483,,"octant,"
2841,20,sympiesometer,700,,sympiesometer
2841,39,"compass, beam",156,,beam compass
1824,15,balance,32,,scales
1825,175,steelyard,658,,steelyards
9070,20,barometer,50,,"barometer,"
9070,128,thermometer,741,,thermometer
6127,20,barometer,50,,"barometer,"
5752,20,barometer,50,,barometer
9071,20,"barometer, wheel",65,,"barometer, wheel,"
9071,128,thermometer,741,,thermometer
9072,20,barometer,50,,"barometer,"
9072,56,hygrometer,343,,"hygrometer,"
9072,60,level,370,,"level,"
9072,128,thermometer,741,,thermometer
2196,20,"barometer, wheel",65,,"barometer, wheel"
9073,20,barometer,50,,barometer
4246,66,microscope,429,,microscope
4246,139,"camera, microphotography",95,,camera for microphotography
4246,99,microscope accessory,439,,microscope accessories
9076,37,gyroscope,319,,gyroscope
9077,125,"telescope, refracting",724,,telescope (refracting)
9078,20,barometer,50,,barometers
9078,128,thermometer,741,,thermometer
4252,69,magic lantern,389,,magic lantern
4252,116,microspectroscope,448,,microspectroscope
3960,134,weight,776,,weights
4290,99,microscope objective,443,,microscope objective
312,111,"sundial, inclining dial",681,,inclining sundial
4094,105,"sextant, box",616,,box sectant
4257,63,"lens, camera",363,,photographic lenses
4257,57,photoheliograph,527,,photoheliograph
6616,15,balance,32,,balance
6616,134,weight,776,,weights
9085,7,"clock, regulator",140,,astre clock
12,20,barometer,50,,barometer
8142,105,sextant,615,,sextant
9088,20,barometer,50,,barometer
9089,20,barometer,50,,"barometer,"
9089,56,hygrometer,343,,"hygrometer,"
9089,60,"level, spirit",377,,"spirit level,"
9089,128,thermometer,741,,thermometer
7497,273,coelostat,146,,coclostat
7497,125,"telescope, reflecting",723,,telescope (reflecting)
9091,125,telescope,715,,telescope
4596,20,"barometer, pocket aneroid",62,,barometer (pocket aneroid)
4287,20,"barometer, wheel",65,,"barometer (wheel),"
9092,20,barometer,50,,"barometer,"
9092,128,thermometer,741,,thermometer
9092,56,hygrometer,343,,"hygrometer,"
9092,60,"level, spirit",377,,"spirit level,"
9093,26,chronometer,121,,chronometer
949,2,barometer,50,,barometer
9094,20,barometer,50,,barometer
9095,20,barometer,50,,barometer
6359,123,octant,483,,"Hadley's quadrant,"
6359,29,compass,152,,compass.
4767,245,clock,138,,clock
4767,46,"gauge, steam",281,,steam pressure gauge
4767,148,pyrometer,570,,pyrometer
9100,125,"telescope, refracting",724,,telescope (refractor)
6802,123,octant,483,,octant
9102,20,barometer,50,,barometer
9103,20,"barometer, aneroid",51,,barometer (aneroid)
9104,20,barometer,50,,barometer
7318,46,manometer,399,,"vacuum gauge,"
7318,47,tachometer,704,,"rev, counter"
7497,125,"telescope, refracting",724,,telescope (refracting)
5681,20,"barometer, marine",58,,marine barometers
9105,20,barometer,50,,barometer
4913,7,"clock, regulator",140,,"astronomical regulator,"
2085,147,protractor,560,,protractor
2085,39,drawing instrument,212,,"drawing instrument set,"
2085,80,pantograph,499,,"pantograph,"
2085,101,rule,593,,scale rule
2085,1,air pump,8,,vacuum pump
2085,43,helicograph,321,,helicograph
2085,112,chain scales,109,,chain scales
2087,123,octant,483,,octant
9107,123,octant,483,,octant
4263,84,planimeter,537,,planimeter
4277,60,"level, surveyor's",378,,surveyor's level
9108,20,barometer,50,,barometer
9109,20,barometer,50,,barometer
9111,20,barometer,50,,"barometer,"
9111,56,hygrometer,343,,"hygrometer,"
9111,60,"level, spirit",377,,spirit level
9111,128,thermometer,741,,thermometer
9112,278,ammeter,14,,"ammeter,"
9112,279,voltmeter,765,,voltmeter
9113,20,barometer,50,,barometer
3269,147,protractor,560,,protractor
21,66,microscope,429,,"microscope,"
21,123,octant,483,,"Hadleys quadrant,"
21,125,telescope,715,,"telescope,"
21,128,thermometer,741,,thermometer
9114,280,echo sounder,216,,echo sounder
4923,123,octant,483,,octant
3645,125,telescope,715,,telescope
4246,287,"periscope, field",511,,field periscope
9119,49,carpenter's square,105,,carpenters' square
9120,105,sextant,615,,sextant
9121,20,barometer,50,,barometer
9121,128,thermometer,741,,thermometer
945,107,volvelle,766,,"astronomical rotula,"
945,288,lunarium,388,,lunarium
945,111,"sundial, universal dial",689,,universal equinoctial sundial
3,123,octant,483,,octant
2616,20,barometer,50,,"barometer,"
2616,128,thermometer,741,,thermometer
271,111,"sundial, equinoctial ring dial",679,,"equinoct, ring dial"
271,128,thermometer,741,,thermometer
9125,40,barograph,49,,barograph
9126,20,barometer,50,,barometer
1895,66,microscope,429,Microscope (probably by this maker),microscope (probably by this maker)
9127,26,chronometer,121,,chronometers
9128,111,"sundial, Butterfield dial",673,,sundial (Butterfield)
9128,111,"sundial, ring dial",688,,ring dial
9129,105,sextant,615,,sextant
4465,7,"clock, regulator",140,,regulator
9130,123,octant,483,,octant
980,125,telescope,715,,telescope
71,111,sundial,669,,"sundial,"
71,31,compendium,180,,compendium
9131,14,backstaff,31,,backstaff
8323,20,"barometer, stick",63,,barometer (stick)
9134,20,barometer,50,,"barometer,"
9134,56,hygrometer,343,,"hygrometer,"
9134,60,level,370,,"level,"
9134,128,thermometer,741,,thermometer
5247,26,chronometer,121,,chronometers
9137,26,chronometer,121,,chronometer
4094,125,telescope,715,,telescope
9140,26,chronometer,121,,chronometers
7671,26,chronometer,121,,chronometer
9141,26,chronometer,121,,chronometer
531,43,"trammel, elliptical",756,,elliptical trammel
2891,128,thermometer,741,,thermometer
3402,20,barometer,50,,barometer
3402,20,sympiesometer,700,,"sympiesometer,"
3402,128,thermometer,741,,thermometer
3402,105,sextant,615,,"sextant,"
5477,26,chronometer,121,,chronometers
5477,241,sounding log,634,,sounding log
687,96,quadrant,572,,quadrant
3717,26,chronometer,121,,"chronometer,"
787,105,sextant,615,,sextant
9143,26,chronometer,121,,chronometers
4250,105,sextant,615,,"sextant,"
6543,123,telescope,715,,telescope
339,133,pedometer,505,,"pedometer,"
339,1,air pump,8,Probably by this W.Fraser,"air pump, (probably by this W.Fraser)"
340,20,barometer,50,,"barometer,"
9145,26,chronometer,121,,chronometer
9146,26,chronometer,121,,chronometer
555,74,miner's dial,452,,miner's dial
555,113,cross-head,187,,surveyor's cross
2700,101,standard yard,654,,standard yard
3288,20,barometer,50,,barometer
7845,125,telescope,715,,telescope
909,123,octant,483,,"octant,"
4856,148,pyrometer,570,,pyrometer
9151,62,ship's log,620,,nautical log
1821,134,weight,776,,weights
1626,107,"slide rule, circular",628,,circular slide rule
1626,123,octant,483,,octant
1626,289,cipher dial,131,,cipher dial
6925,105,sextant,615,,"sextant,"
6925,123,octant,483,,"octant,"
5108,114,spectacles,638,,spectacles
678,20,barometer,50,,barometer
5070,123,octant,483,,quadrant (Hadley?)
4267,290,Lenthall course delineator,368,,"Lenthall course delineator,"
4267,291,Lenthall tide indicator,369,,Lenthall tide indicator
6979,178,deviatometer,199,,deviatometer
6979,103,sextant,615,,"sextant,"
6980,280,echo sounder,216,,echo sounder
8251,178,pelorus,506,,pelorus
8241,20,barometer,50,,"barometer,"
8241,20,sympiesometer,700,,sympresometer
9171,125,telescope,715,,telescope
5865,20,sympiesometer,700,,sympiesometer
9175,7,"clock, regulator",140,,regulator clock
2008,20,"barometer, stick",63,,barometer (stick)
9176,26,chronometer,121,,chronometer
7102,26,chronometer,121,,chronometers
9178,20,"barometer, stick",63,,barometer (stick)
9178,128,thermometer,741,,thermometer
738,20,barometer,50,,"barometer,"
657,163,double windmill,808,,double windmill
657,56,hygrometer,343,whale bone,"hygrometer (whale bone),"
644,56,hygrometer,343,hair,hygrometer (hair)
1716,105,sextant,615,,"sextant,"
5317,26,chronometer,121,,chronometers
1716,125,telescope,715,,telescope
282,66,microscope,429,,microscope
282,114,spectacles,638,,spectacles
6362,128,thermometer,741,,thermometer
6362,123,octant,483,,"octant,"
509,125,spyglass,645,,spyglass
1654,123,octant,483,,oxtant
507,29,compass,152,,"compass,"
507,293,polemoscope,544,,jealousy glass
9186,20,barometer,50,,barometer
9187,20,barometer,50,,barometer
9187,128,thermometer,741,,thermometer
9188,20,barometer,50,,barometer
9188,128,thermometer,741,,thermometer
9189,20,barometer,50,,"barometer,"
9189,56,hygrometer,343,,"hygrometer,"
9189,60,"level, spirit",377,,"spirirt level,"
9189,128,thermometer,741,,thermometer
8477,29,compass,152,,"compass,"
8477,20,"barometer, pocket",61,,"barometer (pocket),"
8477,128,thermometer,741,,thermometer
9190,20,barometer,50,,"barometer,"
9190,128,thermometer,741,,thermometer
7512,143,electrical apparatus,219,,"electrical apparatus,"
7512,294,Geissler tube,291,,geissler tubes
2344,20,barometer,50,,"barometer,"
2344,128,thermometer,741,,thermometer
9192,20,barometer,50,,"barometer,"
9192,128,thermometer,741,,thermometer
1261,20,"barometer, stick",63,,"barometer (stick),"
1261,128,thermometer,741,,thermometer
1261,105,sextant,615,,"sextant,"
2709,20,barometer,50,,"barometer,"
9193,74,miner's dial,452,,miner's dial
9194,40,barograph,49,,barograph
9195,20,"barometer, pocket aneroid",62,,barometer (pocket aneroid)
4880,20,barometer,50,,"barometer,"
4880,56,hygrometer,343,,"hygrometer,"
4880,60,level,370,,"level,"
4880,128,thermometer,741,,thermometer
4259,125,"telescope, marine",722,,"telescope [marine],"
6760,123,octant,483,,oxtant
6979,124,quintant,581,,quintant
451,74,"lamp, miner's",359,,"miner's lamp,"
9200,133,surveyor's wheel,698,,waywiser
5459,123,octant,483,,"octant,"
3822,125,telescope,715,,telescope
9201,20,barometer,50,,"barometer,"
9201,128,thermometer,741,,thermometer
1182,111,"sundial, portable",686,,portable sundial
1182,20,barometer,50,,"barometer,"
5952,7,clock,138,,clock
8240,105,sextant,615,,sextant
3518,125,"telescope, refracting",724,,"telescope (refractor),"
3518,123,octant,483,,"octant,"
3518,133,surveyor's wheel,698,,waywiser
9203,107,printing plate for paper slide rule,551,,preinting plape for paper slide rule
1446,1,air pump,8,,"air pump,"
1446,125,telescope,715,,telescope
2978,39,drawing instrument,212,,"drawing inst set,"
2978,104,sector,609,,"sector,"
2978,147,protractor,560,,protractor
2114,125,"telescope, walking stick",727,,walking stick telescope
1626,85,planetarium,535,,"planetarium,"
1626,29,"compass, azimuth",155,,"azimuth compass,"
1626,125,"telescope, reflecting",723,,telescope (reflrcting)
1626,15,"balance, hydrostatic",39,,"hydrostatic balance,"
9205,20,"barometer, aneroid",51,,barometer (aneroid)
2311,42,cylinder electrical machine,193,,cylinder electrical machine
2311,20,barometer,50,,"barometer,"
2311,128,thermometer,741,,thermometer
4600,66,microscope,429,,"microscope,"
4600,125,telescope,715,,telescope
3657,125,telescope,715,,telescope
1625,123,octant,483,,"octant,"
1625,125,"telescope, refracting",724,,telescope (refacting)
1625,39,proportional dividers,557,,"proportional dividers,"
1625,133,surveyor's wheel,698,,"waywiser,"
1625,125,"telescope, reflecting",723,,telescope (reflecting)
1625,124,quintant,581,,"quintant,"
1625,85,orrery,496,,orrey
9207,20,"barometer, marine",58,,"barometer (marine),"
9207,128,thermometer,741,,thermometer
716,20,barometer,50,,"barometer,"
9214,111,sundial,669,Sundial (probably),sundial (probably)
7638,123,octant,483,,"octant,"
4424,105,"sextant, box",616,,box sextant
431,128,thermometer,741,,"thermometer,"
431,101,rule,593,,"ruler,"
431,147,protractor,560,,protractor
2012,125,telescope,715,,telescope
2585,20,barometer,50,,"barometer,"
2585,128,thermometer,741,,themometer
2340,20,barometer,50,,"barometer,"
2340,128,thermometer,741,,"thermometer,"
2340,39,proportional dividers,557,,proportional dividers
5353,68,"quadrant, astronomical",573,,"astro.quadrant,"
5353,127,theodolite,734,,"theodolite,"
5353,125,equatorial instrument,248,,"equatorial inst,"
5353,299,"sector, polar",611,,Polar sector
5353,131,transit instrument,759,,transit instrument
410,38,dividing engine,209,,"dividing engine,"
410,20,barometer,50,,"barometers,"
410,102,repeating circle,589,,"repeating circle,"
410,125,telescope,715,,telescope
410,66,microscope,429,,"microscope,"
442,123,octant,483,,"octant,"
442,56,hygrometer,343,,"hygrometer,"
442,300,lactometer,356,,lactometer
442,146,electrometer,233,,"electrometer,"
442,150,azimuth circle,30,,"azimuth instrument,"
442,70,micrometer eyepiece,427,,"eyepiece micrometer,"
442,51,"level, gunner's",376,,"gunner's level,"
442,132,"callipers, gunner's",91,,gunner's calliper
442,118,galvanometer,266,,"galvanometer,"
3777,229,"mirror, azimuth",455,,azimuth mirror
816,20,barometer,50,,barometer
165,127,theodolite,734,,"theodolite,"
165,133,surveyor's wheel,698,,waywiser
166,75,octant,483,,Hadley's quadrant
164,123,octant,483,,"Hadley's quadrant,"
164,144,gauging rod,289,,gauging rod
164,71,reading glasses,586,,"reading glass,"
164,120,Leyden jar,380,,"Leyden jars,"
164,163,"model, mechanical",469,,mechanical model
1964,125,telescope,715,,telescope
234,111,"sundial, analemmatic dial",670,,analematic dial
2000,124,quintant,581,,"quintant,"
2000,107,slide rule,626,,"slide rule,"
2000,80,pantograph,499,,"pentograph,"
2000,125,telescope,715,,telescope
332,66,"microscope, solar",438,,"solar microscope,"
332,56,hygrometer,343,,"hygrometer,"
522,107,slide rule,626,,slide rule
9228,20,barometer,50,,barometer
6361,105,sextant,615,,sextant
2803,20,sympiesometer,700,,sympiesometer
1204,54,hydrometer,334,,hydrometer
1487,125,telescope,715,,telescope
1926,105,sextant,615,,"sextant,"
6913,29,"compass, overhead",167,,"overhead compass,"
9305,17,binnacle,71,,binnacle
3633,25,camera obscura,104,,camers obscura
3633,66,microscope,429,,"microscope,"
3633,81,polariscope,543,,"polariscope,"
3633,24,camera lucida,102,,"camera lucida,"
3633,139,photography equipment,524,,photographic apparatus
7994,29,compass,152,,compass
7994,125,telescope,715,,telescope
9306,303,oscillograph,497,,oscillograph
9307,125,telescope,715,,telescope
8709,20,"barometer, marine",58,,marine barometer
169,29,compass,152,,compass
7395,118,galvanometer,266,,galvanometer
7554,66,stereomicroscope,661,,stereomicroscope
9315,143,electrical apparatus,219,,electrical apparatus
4914,259,telegraphic apparatus,711,,telegraphic apparatus
6925,125,telescope,715,,telescope
4268,28,clinometer,135,,"clinometer,"
4268,29,"compass, prismatic",169,,"prismatic compass,"
4268,56,hygrometer,343,,hygrometer
949,24,camera lucida,102,,camera lucida
9323,45,globe,294,,globe
9324,20,barometer,50,,barometer
1388,125,"telescope, transit",726,,transit telescope
2993,66,microscope,429,,"microscope,"
2992,127,theodolite,734,,theodolite
2991,101,rule,593,,rule
5201,99,microscope accessory,439,,microscope accessories
9328,20,barometer,50,,barometer
9328,128,thermometer,741,,thermometer
2141,20,barometer,50,,"barometer,"
2141,128,thermometer,741,,thermometer
2141,99,microscope accessory,439,,"microscope accessories,"
4468,20,barometer,50,,"barometer,"
4468,128,thermometer,741,,thermometer
4468,56,hygrometer,343,,"hygrometer,"
4468,115,"level, spirit",377,,"spirit level,"
9334,20,barometer,50,,"barometer,"
9334,128,thermometer,741,,thermometer
9335,101,rule,593,,"rule,"
9335,147,protractor,560,,protractor
1012,128,thermometer,741,,thermometer
1012,115,"level, spirit",377,,"spirit level,"
1068,26,"chronometer, marine",122,,"marine chronometer,"
1068,26,"chronometer, pocket",123,,pocket chronometer
4664,63,lens,362,,lens
115,101,rule,593,,"rules,"
115,87,perspectograph,515,,perspectograph
6754,20,barometer,50,,"barometer,"
6754,20,sympiesometer,700,,"sympiesometer,"
6754,128,thermometer,741,,thermometer
6113,138,"gauge, tide",282,,tide gauge
9340,20,barometer,50,,"barometer,"
9340,128,thermometer,741,,thermometer
9341,20,barometer,50,,"barometer,"
9341,56,hygrometer,343,,"hygrometer,"
9341,115,"level, spirit",377,,"spirit level,"
9341,128,thermometer,741,,thermometer
7207,308,plane tool,536,,plane tool
5288,26,chronometer,121,,chronometer
9342,20,barometer,50,,"barometer,"
9342,128,thermometer,741,,thermometer
9343,52,wrap reel,788,Wrap reel (for measuring cotton thread),wrap real (for measuring cotton thread)
9343,15,"balance, yarn",48,,yarn balance
9344,125,telescope,715,,telescope
3043,20,barometer,50,,barometer.
3043,128,thermometer,741,,thermometer
4564,20,barometer,50,,barometer
4564,128,thermometer,741,,"thermometer,"
4564,115,"level, spirit",377,,"spirit level,"
4564,56,hygrometer,343,,hygrometer
895,128,hygrometer,343,,hygrometer
9347,20,barometer,50,,barometer
9348,128,thermometer,741,,thermometer
7946,66,microscope,429,,microscope
4290,99,microscope slide,446,,microscope slides
9349,3,anemometer,17,,anemometer
8262,20,barometer,50,,"barometer,"
8262,128,thermometer,741,,thermometer
9350,20,barometer,50,,"barmometer,"
9350,128,thermometer,741,,thermometer
38,128,thermometer,741,,thermometer
9351,20,barometer,50,,barometer
9351,128,thermometer,741,,thermometer
6319,109,position indicator,546,,position indicator
9352,17,binnacle,71,,"binnacle,"
9352,26,chronometer,121,,"chronometer,"
9352,29,compass,152,,compass
4766,20,barometer,50,,barometer
4766,128,thermometer,741,,thermometer
9353,20,barometer,50,,"barometer,"
9353,56,hygrometer,343,,"hygrometer,"
9353,115,"level, spirit",377,,"spirit level,"
9353,128,thermometer,741,,thermometer
9353,88,mirror,454,,"mirror,"
8911,20,"barometer, stick",63,,stick barometer
9354,52,depth finder,198,,water depth recorder
5069,42,induction coil,348,,"induction coil,"
5069,48,"magnet, horseshoe",392,,"horseshoe magnets,"
5069,268,magnetometer,396,,"magnetometer,"
5069,311,thermoelectrometer,738,,thermoelectrometer
4269,312,microspectroscope,448,,"microspectroscope,"
4269,116,spectroscope,644,,spectroscope
4269,70,micrometer eyepiece,427,,"micrometer eyepiece,"
4269,221,spectrometer,642,,"spectrometer,"
6929,116,spectroscope,644,,spectroscope
9356,29,compass,152,,compass
1105,20,barometer,50,,"barometer,"
1105,29,compass,152,,compass
4281,63,lens,362,,lenses
4281,93,prism,552,,prisms
4281,174,bull's eye illuminator,81,,bull's eye illuminator
431,127,theodolite,734,,"theodolite,"
4281,24,camera lucida,102,,camera lucida
9358,33,chemical apparatus,114,,"laboratory apparatus,"
1296,99,quintant,581,,"quintant,"
1296,123,telescope,715,,telescope
9359,20,barometer,50,,barometer
509,29,"compass, prismatic",169,,"prismatic compass,"
509,128,thermometer,741,,thermometer
2767,29,compass,152,,compass
2254,45,globe,294,,globe
476,29,"compass, dry-card",160,,compass (dry-card)
476,105,sextant,615,,sextant
9361,221,spectrometer,642,,"spectrometer,"
9361,314,interferometer,350,,interfermeter
5987,20,barometer,50,"Signed 'Webster, London', probably by this maker","barometer [signed 'Webster, London', probably by this maker]"
4284,78,opera glasses,485,,opera glasses
5156,20,barometer,50,,"barometer,"
5156,111,sundial,669,,"sundial,"
5156,128,thermometer,741,,"thermometer,"
9230,123,octant,483,,octant
1454,66,microscope,429,,microscope
974,20,barometer,50,,barometer
9231,26,chronometer,121,,chronometers
4994,5,artificial horizon,21,,"artificial horizon,"
4994,105,sextant,615,,sextant
9242,26,chronometer,121,,chronometers
9246,26,chronometer,121,,"chronometers,"
9246,105,sextant,615,,sextant
9246,125,telescope,715,,telescope
2015,114,spectacles,638,,spectacles
9149,26,chronometer,121,Numbers 772 & 956,chronometers nos.772 & 956
9260,26,chronometer,121,,chronometers
4,63,lens,362,,"lenses,"
4,69,magic lantern,389,,"magic lantern,"
4,125,"telescope, reflecting",723,,reflecting telescope
8891,26,chronometer,121,,chronometer
310,39,sector,609,,proportional compasses
6016,29,"compass, prismatic",169,,"prismatic compass,"
6016,126,Gunter's scale,316,,"Gunter's rule,"
6016,131,"theodolite, transit",735,,transit theodolite
5090,123,octant,483,,octant
6012,125,telescope,715,,telescope
9264,20,barometer,50,,barometer
5776,15,balance,32,,scales
5778,20,barometer,50,,barometer
6722,143,electrical apparatus,219,,"electrical apparatus,"
6722,139,"camera, photographic",96,,"photographic camara,"
9272,108,parallel rule,502,,parallel rule
2763,114,spectacles,638,,spectacles.
2763,63,lens,362,,"lenses,"
2763,34,blowpipe,75,,"blow pipe,"
6795,20,barometer,50,,"barometer,"
6795,128,thermometer,741,,thermometer
2086,104,sector,609,,sector
5495,83,planisphere,538,,planisphere
5495,45,globe,294,,globes
2634,108,parallel rule,502,,parallel rule
2634,74,miner's dial,452,,miner's dial
2634,127,theodolite,734,,theodolites
2634,80,eidograph,218,,eidograph
2634,125,telescope,715,,telescope
2634,20,sympiesometer,700,,"sympiesoketer,"
2634,70,micrometer eyepiece,427,,micrometer eye-piece
2634,101,standard inch,648,,"standard inch,"
6228,63,lens,362,,lens
3492,20,barometer,50,,"barometer,"
1852,125,telescope,715,,telescope
9279,45,globe,294,,globe
4154,7,"clock, regulator",140,,"astronomical regulator (clock),"
4154,125,telescope,715,,telescope
4155,134,weight,776,,"weights,"
5921,128,thermometer,741,,thermometer
9284,107,slide rule,626,,slide rule
9284,39,pen,507,,"pen,"
9284,47,tachometer,704,,"tachometer,"
8203,52,gauge,270,,"gauges,"
8203,101,standard measure,652,,standard measures
2306,74,miner's dial,452,,"miner's dial,"
2306,101,standard measure,652,,"standard measures,"
2306,60,level,370,,"level,"
2306,109,station pointer,655,,"station pointer,"
2306,134,"weight, standard",778,,standard weights
1417,127,theodolite,734,,theodlote
3610,125,telescope,715,,telescope
3610,37,gyroscope,319,,gyroscope
3610,318,Foucault pendulum,259,,Foucault's pendulum
3610,70,microscope micrometer,442,,microscope micrometer
9291,180,rangefinder,585,,"range finders,"
9291,131,transit circle,758,,"transit circles,"
9291,127,theodolite,734,,"theodolites,"
9291,101,standard length,649,,"standard of length,"
9291,105,sextant,615,,"sextants,"
9291,70,micrometer,426,,"micrometer,"
9291,319,tacheometer,703,,tacheometer
5961,20,barometer,50,,barometer
3611,20,barometer,50,,barometer
9293,20,barometer,50,,barometer
9294,20,barometer,50,,"barometer,"
9294,128,thermometer,741,,thermometer
3320,20,barometer,50,,barometer
2326,63,lens,362,,"lenses,"
4257,69,magic lantern,389,,magic lanterns
5449,26,chronometer,121,,chronometer
2204,56,hygrometer,343,,"hygrometer,"
2204,156,"gauge, rain",278,,rain gauge
2341,20,barometer,50,,barometer
2834,127,theodolite,734,,theodolite
9376,45,globe,294,,globes
9378,3,anemometer,17,,anemometers
9378,138,"gauge, tide",282,,tide gauges
9378,320,seismograph,612,,"seismograph,"
9378,211,dynamometer,214,,dynamometers
9378,321,anemometer,17,,air speed meter
4355,11,actinometer,4,,actinometer
4355,20,barometer,50,,barometer
4355,128,thermometer,741,,thermometer
9194,29,"compass, air",153,,air compasses
9380,128,thermometer,741,,thermometer
5354,54,hydrometer,334,,hydrometer
4414,5,artificial horizon,21,,artificial horizon
4414,101,rule,593,,"ruler,"
4414,105,sextant,615,,"sextant,"
4414,109,station pointer,655,,station pointer
4414,220,heliostat,324,,heliostat
7877,125,telescope,715,,telescope
5127,39,drawing instrument,212,,drawing instruments
944,1,air pump,8,,air pump
5072,127,theodolite,734,,"theodolite,"
5072,180,stadimeter,647,,stadimeter
5072,66,"microscope, binocular",430,,"microscope (binocular),"
5072,105,sextant,615,,"sextant,"
1364,20,barometer,50,,"barometer,"
325,123,octant,483,,octant
3777,60,level,370,,"level,"
3777,74,miner's dial,452,,"mining dial,"
3777,127,theodolite,734,,theodolite
3777,108,parallel rule,502,,"parallel rule,"
3777,147,protractor,560,,protractor
3777,66,microscope,429,,microscope
9391,131,"transit instrument, portable",760,,portable transit instrument
9392,131,"transit instrument, portable",760,,portable transit instrument
4159,20,barometer,50,,"barometer,"
4159,115,level,370,,"level,"
4154,139,"camera, photographic",96,,photographic camera
9394,123,octant,483,,octant
3738,125,"telescope, refracting",724,,telescope (refractor)
4164,128,thermometer,741,,thermometer
4164,5,artificial horizon,21,,aetificial horizon
4164,29,"compass, mariner's",165,,compass (ship's)
9421,111,"sundial, horizontal dial",680,,sundial (horizontal)
9422,111,sundial,669,"Possibly the maker of a sundial signed 'Rayment, Stamford'","? Possibly the maker of a sundial signed 'Rayment, Stamford'"
9423,111,sundial,669,"Possibly the maker of a sundial signed 'Rayment, Stamford'","?possibly the maker of a sundial siganed 'Rayment, Stamford'"
2197,66,microscope,429,,microscope
746,7,"clock, regulator",140,,"astro clock,"
768,123,octant,483,,octant
2632,156,"gauge, rain",278,,rain gauge
2632,107,slide rule,626,,"slide rules,"
2632,105,"sextant, box",616,,"box sextants,"
2632,127,theodolite,734,,"theodolites,"
2632,128,thermometer,741,,"thermometers,"
9428,29,"compass, pocket",168,,pocket compass
6255,125,telescope,715,,telescope
2610,123,octant,483,,"octant,"
2610,108,parallel rule,502,,"parallel rule,"
2610,124,quintant,581,,quintant
2088,324,current meter,191,,"current meter,"
2088,105,"sextant, box",616,,"box sextant,"
2088,29,"compass, prismatic",169,,"prismatic compass,"
2101,80,pantograph,499,,pantograph
6910,178,compass corrector,175,,compass corrector
2137,29,"compass, overhead",167,,"overhead compass,"
2137,123,octant,483,,"octant,"
5459,125,telescope,715,,telescope
3500,28,clinometer,135,,"clinometer,"
3500,116,spectroscope,644,,"spectroscope,"
3500,66,"microscope, solar",438,,solar microscope
3500,23,callipers,90,,"callipers,"
3500,231,vibration apparatus,764,,vibration apparatus
3500,263,siren,625,,"siren,"
3500,326,electric bell,223,,electric bell
4686,26,chronometer,121,,chronometer
446,82,saccharometer,604,,saccharometer
2241,99,microscope accessory,439,,microscope accessories
2975,63,lens,362,,"lenses,"
2180,20,barometer,50,,"barometer,"
2180,56,hygrometer,343,,"hygrometer,"
2180,128,thermometer,741,,thermometer
5679,127,theodolite,734,,theodolite
9515,20,barometer,50,,barometer
2619,125,telescope,715,,"telescope,"
7964,66,microscope,429,,microscope
6899,66,microscope,429,,microscope
4312,15,"weighing machine, person",774,,person weighing machine
1049,107,slide rule,626,,slide rule
1049,54,hydrometer,334,,hydrometer
1049,82,saccharometer,604,,saccharometer
6282,20,sympiesometer,700,,sympiesometer
9661,20,barometer,50,,"barometer,"
9661,115,"level, spirit",377,,"spirit level,"
9661,128,thermometer,741,,thermometer
6373,123,octant,483,,octant
9663,20,barometer,50,,"barometer,"
9663,128,thermometer,741,,thermometer
7796,219,telegraphic apparatus,711,,telegraph apparatus
7796,16,"goniometer, contact",306,,contact goniometer
3093,128,thermometer,741,,"thermometer,"
3093,134,weight,776,,"weights,"
4283,66,microscope,429,,"microscopes,"
4283,99,microscope accessory,439,,microscope accessories
5984,114,spectacles,638,,spectacles
6955,110,stereoscope,662,,"stereoscope,"
6955,139,daguerreotype apparatus,194,,daguerrotype apparatus
6955,42,induction coil,348,,"induction coil,"
9761,20,barometer,50,,barometer
9762,20,barometer,50,,barometer
8323,20,"barometer, angle",52,,angle barometer
9783,26,chronometer,121,,chronometers
4265,147,protractor,560,,protractor
7032,178,compass corrector,175,,compass corrector
9804,20,"barometer, aneroid",51,,"aneriod barometer,"
9804,128,thermometer,741,,thermometer
4309,60,level,370,,"level,"
2633,20,sympiesometer,700,,sympiesometer
2812,66,microscope,429,,microscope
6083,20,"barometer, pocket",61,,pocket barometer
4767,54,hydrometer,334,,hydrometer
9812,20,barometer,50,,barometer
9813,20,barometer,50,,"barometer,"
9813,60,"level, spirit",377,,"level (spirit),"
9813,128,thermometer,741,,thermometer
5177,56,hygrometer,343,,"hygrometer,"
5177,60,level,370,,"level,"
5177,128,thermometer,741,,thermometer
4536,111,sundial,669,,"sundial,"
5699,26,chronometer,121,,"chronometer,"
9824,26,chronometer,121,,chronometers
7541,26,chronometer,121,,chronometer
7745,26,chronometer,121,,chronometer
7769,26,chronometer,121,,chronometer
2633,124,quintant,581,,quintant
4744,20,"barometer, stick",63,,stick barometer
4744,128,thermometer,741,,thermometer
4749,26,chronometer,121,,chronometers
2816,128,thermometer,741,,thermometer
9828,26,chronometer,121,,chronometer
2268,128,thermometer,741,,"thermometer,"
2268,139,"camera, photographic",96,,camera (photographic)
2268,115,"level, spirit",377,,"spirit level,"
2268,99,microscope accessory,439,,"microscope accessories,"
2268,69,magic lantern,389,,"magic lantern,"
2268,1,air pump,8,,air pump
2268,29,circumferentor,133,,"surveying compass,"
2268,101,rule,593,,"rule,"
2268,66,"microscope, binocular",430,,binocular microscope
5086,26,chronometer,121,,chronometers
7175,20,"barometer, stick",63,,"stick barometer,"
7175,128,thermometer,741,,thermometer
9838,20,barometer,50,,barometer
9838,115,"level, spirit",377,,spirit level
9838,128,thermometer,741,,thermometer
7855,26,chronometer,121,,chronometers
1180,20,barometer,50,,barometer
1180,128,thermometer,741,,thermometer
1180,133,surveyor's wheel,698,,waywiser
1180,136,"callipers, gunner's",91,,gunner's callipers
1180,27,circumferentor,133,,circumferentor
1180,28,clinometer,135,,clinometer
4259,20,barometer,50,,"barometer,"
1180,105,sextant,615,,sextant
1180,127,theodolite,734,,theodolite
9841,125,telescope,715,,telescope
9842,26,chronometer,121,,chronometers
9187,125,telescope,715,,telescope
9845,66,microscope,429,,microscopes
9845,71,reading glasses,586,,reading glasses
9845,114,spectacles,638,,spectacles
9845,125,telescope,715,,telescopes
3050,111,sundial,669,,"sundial,"
9867,20,"barometer, aneroid",51,,aneroid barometer
9881,69,lantern slide,360,,magic lantern slides
9881,139,"camera, photographic",96,,photographic camera
9358,143,electrical apparatus,219,,electrical apparatus
9884,143,gunsight,314,,gunsights
4253,54,hydrometer,334,,"hydrometer,"
4253,32,chondrometer,119,,"chondrometer,"
4253,101,rule,593,,"rule,"
4253,128,thermometer,741,,thermometer
4256,66,microscope,429,,microscope
6854,60,level,370,,level
9906,110,stereoscope,662,,stereoscopes
905,20,storm glass,666,,"storm glass,"
905,125,telescope,715,,"telescope,"
905,128,thermometer,741,,thermometer
6245,105,sextant,615,,sextant
7521,105,cine projector,130,,film projector
7521,105,radio equipment,583,,radio equipment
7521,105,kinetoscope,352,,kinetoscope
7521,118,"galvanometer, unipivot",267,,'Unipivot' galvanometer
5158,20,"barometer, aneroid",51,,aneroid barometer
5158,20,sympiesometer,700,,sympiesometer
5158,128,thermometer,741,,thermometer
6754,125,telescope,715,,telescope
3717,20,"barometer, marine",58,,"barometer (marine),"
7427,29,"compass, mariner's",165,,marine compass
4385,128,thermometer,741,,thermometer
6520,123,octant,483,,octant
9929,123,octant,483,,octant
8133,69,magic lantern,389,,"magic lantern,"
9935,5,artificial horizon,21,,artificial horizon
9166,5,artificial horizon,21,,artificial horizon
9936,5,artificial horizon,21,,"artificial horizon,"
9936,105,sextant,615,,sextant
7388,5,artificial horizon,21,,"artificial horizon,"
4521,5,artificial horizon,21,,artificial horizon
1584,99,quintant,581,,quintant
1584,123,octant,483,,octant
1584,42,electrical machine,221,,electrical machine
1584,5,artificial horizon,21,,artificial horizon
1584,146,electrometer,233,,electrometer
1584,332,sonometer,632,,sonometer
1584,20,sympiesometer,700,,sympiesometer
1584,56,hygrometer,343,,hygrometer
1584,20,"barometer, stick",63,,barometer (stick)
1584,29,"compass, sighting",171,,sighting compass
1584,54,hydrometer,334,,hydrometer
1584,128,thermometer,741,,thermometer
538,20,barometer,50,,barometer
8187,20,barometer,50,,barometer
9954,26,chronometer,121,,chronometers
4849,26,chronometer,121,,chronometers
5055,26,chronometer,121,,chronometers
4827,32,chondrometer,119,,chondrometer
9799,26,chronometer,121,,chronometer
9976,26,chronometer,121,,chronometers
9977,26,chronometer,121,,chronometers
5085,26,chronometer,121,,chronometers
9978,26,chronometer,121,,chronometers
9979,26,chronometer,121,,chronometers
7368,26,chronometer,121,,"chronometers,"
9980,26,chronometer,121,,chronometers
9981,26,chronometer,121,,chronometers
6795,26,chronometer,121,,"chronometer,"
9983,26,chronometer,121,,chronometer
9150,26,chronometer,121,,chronometers
6213,26,chronometer,121,,chronometers
9984,26,chronometer,121,,chronometer
9985,26,chronometer,121,,chronometers
6913,26,chronometer,121,,chronometers
9986,26,chronometer,121,,chronometers
9987,26,chronometer,121,,chronometers
9988,26,chronometer,121,,chronometers
9744,26,chronometer,121,,chronometers
8903,26,chronometer,121,,chronometers
9555,26,chronometer,121,,chronometers
9641,26,chronometer,121,,chronometers
9160,178,course indicator,186,,course indicator
9558,26,chronometer,121,,chronometers
6589,26,chronometer,121,,chronometers
9626,26,chronometer,121,,chronometers
3636,123,octant,483,,"octant,"
3636,17,binnacle,71,,"binnacle,"
3636,26,chronometer,121,,"chronometers,"
9497,26,chronometer,121,,chronometers
3693,20,"barometer, aneroid",51,,aneroid barometer
9989,26,chronometer,121,,chronometers
9990,26,chronometer,121,,chronometers
9991,26,chronometer,121,,chronometers
9993,26,chronometer,121,,chronometers
9994,26,chronometer,121,,chronometer
9995,26,chronometer,121,,chronometer
9996,26,chronometer,121,,chronometers
6999,26,chronometer,121,,"chronometer,"
4259,105,sextant,615,,"sextant,"
4259,127,theodolite,734,,"theodolite,"
4259,118,galvanometer,266,,"galvanometer,"
4259,29,compass,152,,"compass,"
4259,39,drawing instrument,212,,"drawing instruments,"
4259,111,"sundial, universal dial",689,,"universal dial,"
4259,124,quintant,581,,"quintant,"
4259,178,course corrector,185,,"course corrector,"
4259,3,air flow meter,5,,"air-meter,"
4514,27,circumferentor,133,,"circumferentor,"
6759,117,saccharimeter,603,,"saccharimeter,"
8711,15,balance,32,,balance
8712,15,balance,32,,"balance,"
8712,134,weight,776,,weights
8737,26,"chronometer, pocket",123,,pocket chronometer
8741,64,measure,408,,measures
8742,64,measure,408,,measures
8743,64,measure,408,,measures
4968,26,chronometer,121,,chronometers
3474,64,"measure, half bushel",412,,half bushel measure
8764,20,barometer,50,,barometer
8765,20,barometer,50,,barometer
3112,20,barometer,50,,barometer
8769,20,barometer,50,,barometer
1715,128,thermometer,741,,thermometer
714,111,sundial,669,,"sundial,"
3114,20,barometer,50,,"barometer,"
439,20,barometer,50,,barometer
439,80,pantograph,499,,"pantograph,"
551,125,telescope,715,,"telescope,"
551,90,philosophical table,518,,"philo table,"
551,8,hydraulic screw,333,,hydraulic screw
551,1,air pump,8,,"airpump,"
551,133,surveyor's wheel,698,,waywiser
551,20,barometer,50,,"barometer,"
551,15,balance,32,,"balance,"
551,39,drawing instrument,212,,"drawing instruments,"
551,127,theodolite,734,,"theodolite,"
551,125,equatorial instrument,248,,"equatorial instruments,"
551,29,compass,152,,"compass,"
551,66,"microscope, solar",438,,"solar microscope,"
551,85,orrery,496,,"orrery,"
551,66,microscope,429,,"microscope,"
8776,138,tide calculator,748,,tide calculator
8776,126,navigation scale,479,,navigation scale
347,111,"sundial, universal ring dial",691,,"universal ring dial,"
347,96,quadrant,572,,"quadrant,"
347,85,orrery,496,,"orrery,"
674,111,sundial,669,,sundial
696,66,"microscope, solar",438,,"solar microscope,"
696,36,dip circle,202,,"dipping needles,"
316,66,"microscope, Cuff",433,,"microscope, Cutt,"
316,66,"microscope, Martin",436,,"microscope, Martin,"
316,66,"microscope, solar",438,,"microscope, solar,"
316,79,orrery,496,,"orrery,"
438,42,electrical machine,221,,"electrical machine,"
438,99,microscope accessory,439,,"microscope accessories,"
441,128,thermometer,741,,"thermometer,"
2537,125,telescope,715,,telescope
4307,20,barometer,50,,"barometer,"
2028,24,camera lucida,102,,"camera lucida,"
2028,99,microscope accessory,439,,microscope accessories
8786,235,"clock, tidal",142,,clock tidal
2853,128,thermometer,741,,thermometer
19,107,"slide rule, Coggeshall",629,,coggeshall rules
50,125,monocular,474,,"monocular,"
2709,125,telescope,715,,telescope
8792,114,spectacles,638,,spectacles
4086,20,barometer,50,,"barometer,"
4086,128,thermometer,741,,thermometer
89,125,telescope,715,,"telescope,"
89,128,thermometer,741,,thermometer
89,236,perpetual motion machine,512,,perpetuum mobile
2532,20,barometer,50,,barometer
6030,101,rule,593,,rule
8246,94,polarimeter,542,,"polarimeter,"
8246,116,spectroscope,644,,"spectroscope,"
8246,125,telescope,715,,telescope
3050,26,chronometer,121,Made by Mercer,"chronometers [made by Mercer],"
2207,29,"compass, magnetic",163,,"compass (magnetic),"
2877,26,chronometer,121,,chronometers
10551,26,chronometer,121,,chronometers
10552,26,chronometer,121,,chronometer
10559,26,chronometer,121,,chronometer
10560,26,chronometer,121,,chronometers
9511,26,chronometer,121,,chronometers
10246,26,chronometer,121,,chronometers
10561,26,chronometer,121,,chronometers
10562,26,chronometer,121,,chronometers
7732,20,barometer,50,,"barometer,"
10576,335,tintometer,751,,tintometer
10577,99,"compendium, optical",182,,microscopists compendium
4381,60,level,370,,"level,"
6836,143,"balance, induction",40,,"induction balance,"
6836,317,Stroh's vowel sounder,668,,Stroh's vowel sounder
10579,78,opera glasses,485,,opera glasses
10580,85,orrery,496,Orrery (patent),orrery (patent)
7565,85,tellurion,733,,tellurium
10581,55,hydrostatic bubble,340,,hydrostatic bubbles
526,1,air pump,8,,"air pump,"
526,29,"compass, azimuth",155,,"compass, azimuth,"
526,29,"compass, mariner's",165,,"compass, steering,"
526,42,electrical machine,221,,"electrical machine,"
526,125,telescope,715,,"telescope,"
526,133,surveyor's wheel,698,,waywisers
663,111,"sundial, universal ring dial",691,,sundial (universal equinoctial ring dial)
